# Blender 4.5.3 LTS
# www.blender.org
mtllib frieren_model.mtl
o face
v 0.049633 1.316110 0.067805
v 0.067071 1.340629 0.067351
v 0.055460 1.372677 0.071753
v 0.060509 1.377894 0.069745
v 0.061063 1.383397 0.068852
v 0.052989 1.387439 0.074942
v 0.040389 1.388772 0.079576
v 0.063648 1.428314 0.077544
v 0.073901 1.426030 0.067821
v 0.041725 1.402483 0.084051
v 0.031250 1.369653 0.080049
v 0.043196 1.370542 0.078142
v 0.027798 1.385586 0.082821
v 0.059820 1.402139 0.078022
v 0.075057 1.398464 0.063216
v 0.025380 1.372834 0.082249
v 0.022966 1.378494 0.084593
v 0.043088 1.344600 0.085017
v 0.059557 1.325998 0.068527
v -0.000000 1.295778 0.077509
v 0.026380 1.303037 0.071995
v 0.055243 1.370599 0.068192
v 0.059898 1.378295 0.069275
v 0.060433 1.382765 0.066281
v 0.052171 1.389251 0.073797
v 0.039124 1.392985 0.078309
v 0.044539 1.369928 0.073476
v 0.028731 1.390521 0.078921
v 0.031979 1.368757 0.077136
v 0.025382 1.373246 0.078798
v 0.024590 1.382046 0.079812
v 0.070183 1.344756 0.039639
v 0.060858 1.327327 0.040372
v -0.000000 1.293453 0.075840
v 0.049340 1.319225 0.041545
v 0.033131 1.428805 0.088501
v 0.026197 1.304265 0.056720
v 0.076551 1.395805 0.039129
v 0.074233 1.378405 0.039082
v 0.009448 1.367815 0.089307
v 0.006863 1.351664 0.105425
v 0.010034 1.376136 0.091300
v 0.011789 1.395824 0.094226
v 0.079402 1.420293 0.038370
v 0.016150 1.427500 0.095874
v 0.048304 1.429605 0.084320
v 0.003064 1.328797 0.098057
v 0.002895 1.329906 0.097970
v 0.013346 1.297483 0.069603
v 0.013237 1.297734 0.076260
v 0.011144 1.388642 0.092959
v 0.007693 1.358571 0.095662
v -0.000000 1.299643 0.036845
v 0.069755 1.345004 0.034219
v 0.076211 1.395392 0.034188
v 0.060492 1.328035 0.035081
v 0.073828 1.378099 0.034239
v 0.049009 1.322257 0.035719
v 0.025786 1.307530 0.035732
v 0.079662 1.419394 0.033864
v 0.013809 1.303378 0.035944
v 0.022936 1.351095 0.094277
v 0.054787 1.470738 0.036008
v 0.015184 1.495347 0.033334
v 0.031792 1.490499 0.034181
v 0.062101 1.459354 0.035085
v 0.077904 1.444865 0.034019
v 0.045794 1.482183 0.035364
v 0.054626 1.369869 0.065062
v 0.059107 1.382681 0.065205
v 0.048066 1.390658 0.068285
v 0.035843 1.392614 0.071103
v 0.045513 1.367834 0.067929
v 0.027266 1.388315 0.073244
v 0.031393 1.367611 0.070442
v 0.024207 1.372391 0.070482
v 0.026101 1.382393 0.072241
v 0.073759 1.369600 0.039045
v 0.073444 1.369367 0.034245
v 0.002228 1.329157 0.097640
v 0.055984 1.355677 -0.016591
v 0.066310 1.394986 -0.016283
v 0.044597 1.342184 -0.017015
v 0.062615 1.380443 -0.016171
v 0.035169 1.335052 -0.017278
v 0.021470 1.327549 -0.017648
v 0.070096 1.413287 -0.016612
v 0.012386 1.323346 -0.017692
v 0.051448 1.462049 -0.017347
v 0.016999 1.479540 -0.019801
v 0.030236 1.476237 -0.019187
v 0.060041 1.451142 -0.016808
v 0.067392 1.436153 -0.016652
v 0.041748 1.470466 -0.018256
v 0.060872 1.373888 -0.016198
v 0.003977 1.328895 0.096962
v 0.001992 1.329309 0.098904
v 0.004445 1.327312 0.096745
v 0.002419 1.328392 0.097735
v 0.026184 1.400351 0.089616
v 0.032335 1.335451 0.046957
v 0.022343 1.349196 0.046957
v 0.009964 1.349053 0.046957
v 0.025500 1.331923 0.046957
v 0.010709 1.323507 0.046957
v 0.032335 1.339434 0.064032
v 0.022343 1.349686 0.067321
v 0.025500 1.330728 0.064554
v 0.009964 1.353291 0.069262
v 0.010709 1.318257 0.065449
v 0.007473 1.357362 0.097550
v 0.071524 1.371590 0.062051
v 0.072530 1.380167 0.062417
v 0.019498 1.465017 0.085344
v 0.039881 1.461023 0.083406
v 0.077323 1.445218 0.037867
v 0.067795 1.449281 0.072283
v 0.054188 1.457018 0.079804
v 0.058266 1.475078 0.068958
v 0.019551 1.497087 0.063486
v 0.066777 1.466402 0.062236
v 0.039770 1.487639 0.067423
v -0.049633 1.316110 0.067805
v 0.057757 1.375542 0.071847
v 0.062701 1.385713 0.076293
v 0.060857 1.382625 0.071896
v 0.054240 1.385502 0.076997
v 0.041234 1.386468 0.081590
v 0.025557 1.383098 0.085763
v 0.041531 1.391183 0.083264
v 0.026307 1.381597 0.084352
v 0.055005 1.390579 0.078621
v 0.071787 1.386406 0.072652
v 0.021834 1.377078 0.086996
v 0.062660 1.379853 0.070434
v 0.058897 1.383921 0.073586
v 0.061204 1.379699 0.071149
v 0.049212 1.386641 0.079048
v 0.049107 1.391452 0.080949
v 0.033260 1.384824 0.083021
v 0.033458 1.388859 0.085412
v 0.029578 1.383495 0.083954
v 0.029353 1.387244 0.085886
v 0.040248 1.393024 0.081695
v 0.040407 1.393723 0.081932
v 0.049746 1.393720 0.078654
v 0.029303 1.390367 0.086121
v 0.031888 1.391875 0.085246
v 0.031940 1.391336 0.084962
v 0.035189 1.391755 0.083599
v 0.034751 1.393851 0.082336
v 0.035296 1.393371 0.083776
v 0.034646 1.392121 0.082224
v -0.067071 1.340629 0.067351
v 0.057682 1.375459 0.070306
v 0.062076 1.386222 0.074334
v 0.060382 1.382965 0.070482
v 0.053497 1.385950 0.075730
v 0.040589 1.386507 0.080173
v 0.025149 1.383436 0.084564
v 0.040897 1.391365 0.081613
v 0.025981 1.381960 0.082899
v 0.054282 1.390985 0.076416
v 0.071207 1.386846 0.069853
v 0.022059 1.377291 0.086716
v 0.062004 1.380119 0.067467
v 0.058275 1.384361 0.072317
v 0.060622 1.379890 0.069823
v 0.048420 1.387016 0.077761
v 0.048304 1.391818 0.079520
v 0.032493 1.384883 0.081754
v 0.032960 1.389129 0.083849
v 0.028825 1.383597 0.082591
v 0.028791 1.387190 0.084398
v 0.039708 1.393489 0.080329
v 0.039884 1.394186 0.080550
v 0.049250 1.394168 0.077346
v 0.028743 1.390789 0.084783
v 0.031326 1.392331 0.083891
v 0.031381 1.391766 0.083641
v -0.002812 1.350708 0.108249
v -0.055460 1.372677 0.071753
v 0.009271 1.312351 0.077320
v 0.009405 1.318363 0.065840
v 0.013864 1.318691 0.072828
v 0.004825 1.309318 0.079080
v 0.004226 1.317739 0.063620
v 0.007044 1.322638 0.072668
v -0.060509 1.377894 0.069745
v 0.012390 1.315663 0.075528
v 0.005770 1.318349 0.076474
v 0.013643 1.319649 0.068640
v 0.006965 1.323752 0.068399
v -0.061063 1.383397 0.068852
v 0.005402 1.321450 0.065442
v 0.005281 1.314252 0.078151
v 0.055046 1.395245 0.078341
v 0.051750 1.388806 0.076689
v 0.049977 1.390815 0.078010
v 0.054852 1.395465 0.077089
v 0.051078 1.389385 0.073425
v 0.049187 1.390732 0.074644
v 0.000883 1.348273 0.107710
v -0.000375 1.365197 0.094760
v -0.000306 1.358267 0.103276
v 0.006295 1.356612 0.100796
v 0.045866 1.385012 0.077301
v 0.033926 1.372382 0.079533
v 0.044521 1.372936 0.076368
v 0.034828 1.385343 0.080154
v 0.031155 1.378189 0.080232
v 0.048425 1.379130 0.076395
v 0.040307 1.371389 0.077892
v 0.040944 1.386271 0.078596
v 0.040823 1.380967 0.078333
v 0.032319 1.381889 0.080193
v 0.047564 1.382337 0.076823
v 0.040968 1.382853 0.078420
v 0.047470 1.375854 0.076312
v 0.031770 1.375119 0.079883
v 0.040344 1.375331 0.078068
v 0.048224 1.387100 0.075242
v 0.033174 1.371711 0.078456
v 0.045592 1.371853 0.074563
v 0.033012 1.386717 0.079220
v 0.029255 1.378886 0.079316
v 0.050776 1.379002 0.074425
v 0.039984 1.370272 0.076437
v 0.040673 1.388417 0.077304
v 0.040424 1.378941 0.076870
v 0.030606 1.382837 0.079268
v 0.050229 1.383096 0.074834
v 0.040755 1.383780 0.077087
v 0.049260 1.374948 0.074494
v 0.030408 1.374936 0.078886
v 0.040230 1.374630 0.076654
v 0.041688 1.383148 0.078669
v 0.037498 1.378125 0.079670
v 0.041688 1.378126 0.078458
v 0.037498 1.383148 0.079908
v 0.036545 1.380553 0.079938
v 0.042640 1.380554 0.078415
v 0.039593 1.377445 0.079041
v 0.039593 1.383673 0.079311
v 0.039593 1.380571 0.079176
v 0.036843 1.381850 0.079923
v 0.042342 1.381850 0.078542
v 0.039593 1.382124 0.079244
v 0.042342 1.379260 0.078436
v 0.036843 1.379260 0.079804
v 0.039593 1.379013 0.079109
v 0.142314 1.400950 0.002763
v 0.078152 1.383519 0.039353
v 0.078425 1.359587 0.041021
v 0.089263 1.404002 0.035320
v 0.150246 1.412926 -0.001853
v 0.087446 1.356722 0.030312
v 0.122537 1.381913 0.015168
v 0.071055 1.385966 0.041081
v 0.075208 1.363336 0.044706
v 0.074922 1.401269 0.036370
v 0.170350 1.412628 -0.011463
v 0.103439 1.365073 0.027668
v 0.105286 1.362768 0.022605
v 0.178253 1.415283 -0.020839
v 0.085145 1.405389 0.028008
v 0.073448 1.359872 0.038408
v 0.073042 1.387486 0.032046
v 0.133602 1.384009 0.003654
v 0.088596 1.356123 0.025214
v 0.169108 1.417881 -0.014561
v 0.132727 1.389078 -0.005280
v 0.109193 1.410208 0.012876
v 0.080205 1.354873 0.030534
v 0.101447 1.388589 0.009478
v 0.084670 1.379621 0.037003
v 0.081337 1.364020 0.037992
v 0.093733 1.389895 0.029448
v 0.110005 1.391456 0.022581
v 0.091592 1.369719 0.030166
v 0.120575 1.385854 0.018293
v 0.112631 1.380867 0.020605
v 0.102609 1.372336 0.026798
v 0.140973 1.404329 0.003924
v 0.093103 1.391723 0.029918
v 0.135488 1.400374 0.008221
v 0.087831 1.379599 0.035108
v 0.083103 1.366709 0.037047
v 0.094556 1.388012 0.029107
v 0.107113 1.390049 0.023923
v 0.100600 1.382945 0.024494
v 0.091826 1.371552 0.029791
v 0.115087 1.385217 0.020175
v 0.109477 1.381079 0.021877
v 0.102267 1.373503 0.026361
v -0.004063 1.351126 0.108118
v -0.003903 1.349920 0.108102
v -0.003515 1.351152 0.107634
v -0.002701 1.349068 0.107513
v -0.000000 1.314164 0.078503
v -0.000000 1.318834 0.076910
v -0.000000 1.323378 0.065145
v -0.000000 1.309229 0.079491
v -0.052989 1.387439 0.074942
v -0.040389 1.388772 0.079576
v -0.063648 1.428314 0.077544
v -0.073901 1.426030 0.067821
v -0.041725 1.402483 0.084051
v -0.031250 1.369653 0.080049
v -0.043196 1.370542 0.078142
v -0.027798 1.385586 0.082821
v -0.059820 1.402139 0.078022
v -0.075057 1.398464 0.063216
v -0.025380 1.372834 0.082249
v -0.022966 1.378494 0.084593
v -0.043088 1.344600 0.085017
v -0.059557 1.325998 0.068527
v -0.000000 1.386691 0.094627
v -0.000000 1.366417 0.092848
v -0.000000 1.374753 0.092378
v -0.000000 1.329987 0.098604
v -0.026380 1.303037 0.071995
v -0.055243 1.370599 0.068192
v -0.059898 1.378295 0.069275
v -0.060433 1.382765 0.066281
v -0.052171 1.389251 0.073797
v -0.039124 1.392985 0.078309
v -0.044539 1.369928 0.073476
v -0.028731 1.390521 0.078921
v -0.031979 1.368757 0.077136
v -0.025382 1.373246 0.078798
v -0.024590 1.382046 0.079812
v -0.070183 1.344756 0.039639
v -0.060858 1.327327 0.040372
v -0.049340 1.319225 0.041545
v -0.033131 1.428805 0.088501
v -0.000000 1.426111 0.097037
v -0.026197 1.304265 0.056720
v -0.076551 1.395805 0.039129
v -0.074233 1.378405 0.039082
v -0.009448 1.367815 0.089307
v -0.006863 1.351664 0.105425
v -0.010034 1.376136 0.091300
v -0.011789 1.395824 0.094226
v -0.000000 1.393217 0.096123
v -0.079402 1.420293 0.038370
v -0.016150 1.427500 0.095874
v -0.048304 1.429605 0.084320
v -0.003064 1.328797 0.098057
v -0.002895 1.329906 0.097970
v -0.013346 1.297483 0.069603
v -0.013237 1.297734 0.076260
v -0.011144 1.388642 0.092959
v -0.000000 1.357970 0.100959
v -0.007693 1.358571 0.095662
v -0.069755 1.345004 0.034219
v -0.076211 1.395392 0.034188
v -0.060492 1.328035 0.035081
v -0.073828 1.378099 0.034239
v -0.049009 1.322257 0.035719
v -0.025786 1.307530 0.035732
v -0.079662 1.419394 0.033864
v -0.013809 1.303378 0.035944
v -0.022936 1.351095 0.094277
v -0.054787 1.470738 0.036008
v -0.000000 1.496565 0.034449
v -0.015184 1.495347 0.033334
v -0.031792 1.490499 0.034181
v -0.062101 1.459354 0.035085
v -0.077904 1.444865 0.034019
v -0.045794 1.482183 0.035364
v -0.000000 1.345045 0.105635
v -0.054626 1.369869 0.065062
v -0.059107 1.382681 0.065205
v -0.048066 1.390658 0.068285
v -0.035843 1.392614 0.071103
v -0.045513 1.367834 0.067929
v -0.027266 1.388315 0.073244
v -0.031393 1.367611 0.070442
v -0.024207 1.372391 0.070482
v -0.026101 1.382393 0.072241
v -0.073759 1.369600 0.039045
v -0.073444 1.369367 0.034245
v -0.000000 1.353732 0.112528
v -0.002228 1.329157 0.097640
v -0.000000 1.329569 0.097783
v -0.000000 1.319119 -0.017654
v -0.055984 1.355677 -0.016591
v -0.066310 1.394986 -0.016283
v -0.044597 1.342184 -0.017015
v -0.062615 1.380443 -0.016171
v -0.035169 1.335052 -0.017278
v -0.021470 1.327549 -0.017648
v -0.070096 1.413287 -0.016612
v -0.012386 1.323346 -0.017692
v -0.051448 1.462049 -0.017347
v -0.000000 1.479949 -0.019613
v -0.016999 1.479540 -0.019801
v -0.030236 1.476237 -0.019187
v -0.060041 1.451142 -0.016808
v -0.067392 1.436153 -0.016652
v -0.041748 1.470466 -0.018256
v -0.060872 1.373888 -0.016198
v -0.003977 1.328895 0.096962
v -0.001992 1.329309 0.098904
v -0.000000 1.330261 0.099792
v -0.000000 1.329503 0.098585
v -0.004445 1.327312 0.096745
v -0.002419 1.328392 0.097735
v -0.026184 1.400351 0.089616
v -0.032335 1.335451 0.046957
v -0.022343 1.349196 0.046957
v -0.009964 1.349053 0.046957
v -0.000000 1.348751 0.046957
v -0.000000 1.321798 0.046957
v -0.025500 1.331923 0.046957
v -0.010709 1.323507 0.046957
v -0.032335 1.339434 0.064032
v -0.022343 1.349686 0.067321
v -0.000000 1.315762 0.066039
v -0.025500 1.330728 0.064554
v -0.009964 1.353291 0.069262
v -0.010709 1.318257 0.065449
v -0.000000 1.352646 0.070137
v -0.007473 1.357362 0.097550
v -0.071524 1.371590 0.062051
v -0.072530 1.380167 0.062417
v -0.019498 1.465017 0.085344
v -0.039881 1.461023 0.083406
v -0.077323 1.445218 0.037867
v -0.067795 1.449281 0.072283
v -0.054188 1.457018 0.079804
v -0.000000 1.465127 0.086071
v -0.058266 1.475078 0.068958
v -0.000000 1.498794 0.062075
v -0.019551 1.497087 0.063486
v -0.066777 1.466402 0.062236
v -0.039770 1.487639 0.067423
v -0.057757 1.375542 0.071847
v -0.062701 1.385713 0.076293
v -0.060857 1.382625 0.071896
v -0.054240 1.385502 0.076997
v -0.041234 1.386468 0.081590
v -0.025557 1.383098 0.085763
v -0.041531 1.391183 0.083264
v -0.026307 1.381597 0.084352
v -0.055005 1.390579 0.078621
v -0.071787 1.386406 0.072652
v -0.021834 1.377078 0.086996
v -0.062660 1.379853 0.070434
v -0.058897 1.383921 0.073586
v -0.061204 1.379699 0.071149
v -0.049212 1.386641 0.079048
v -0.049107 1.391452 0.080949
v -0.033260 1.384824 0.083021
v -0.033458 1.388859 0.085412
v -0.029578 1.383495 0.083954
v -0.029353 1.387244 0.085886
v -0.040248 1.393024 0.081695
v -0.040407 1.393723 0.081932
v -0.049746 1.393720 0.078654
v -0.029303 1.390367 0.086121
v -0.031888 1.391875 0.085246
v -0.031940 1.391336 0.084962
v -0.004066 1.351138 0.108119
v -0.003902 1.349905 0.108103
v -0.035189 1.391755 0.083599
v -0.034751 1.393851 0.082336
v -0.035296 1.393371 0.083776
v -0.034646 1.392121 0.082224
v -0.057682 1.375459 0.070306
v -0.062076 1.386222 0.074334
v -0.060382 1.382965 0.070482
v -0.053497 1.385950 0.075730
v -0.040589 1.386507 0.080173
v -0.025149 1.383436 0.084564
v -0.040897 1.391365 0.081613
v -0.025981 1.381960 0.082899
v -0.054282 1.390985 0.076416
v -0.071207 1.386846 0.069853
v -0.022059 1.377291 0.086716
v -0.062004 1.380119 0.067467
v -0.058275 1.384361 0.072317
v -0.060622 1.379890 0.069823
v -0.048420 1.387016 0.077761
v -0.048304 1.391818 0.079520
v -0.032493 1.384883 0.081754
v -0.032960 1.389129 0.083849
v -0.028825 1.383597 0.082591
v -0.028791 1.387190 0.084398
v -0.039708 1.393489 0.080329
v -0.039884 1.394186 0.080550
v -0.049250 1.394168 0.077346
v -0.028743 1.390789 0.084783
v -0.031326 1.392331 0.083891
v -0.031381 1.391766 0.083641
v -0.003518 1.351165 0.107636
v -0.004010 1.350572 0.106943
v -0.002640 1.349060 0.107460
v -0.046203 1.413557 0.091530
v -0.043843 1.421522 0.091842
v -0.049203 1.418235 0.084522
v -0.025494 1.415133 0.096393
v -0.024131 1.412385 0.096491
v -0.034327 1.422584 0.096119
v -0.038254 1.410849 0.095114
v -0.047581 1.413486 0.087396
v -0.044542 1.422753 0.087599
v -0.050073 1.418535 0.077368
v -0.024049 1.414303 0.095794
v -0.022023 1.410501 0.095148
v -0.034070 1.423368 0.093972
v -0.039095 1.410140 0.091399
v -0.009271 1.312351 0.077320
v -0.000000 1.318798 0.062846
v -0.009405 1.318363 0.065840
v -0.000000 1.323867 0.072733
v -0.013864 1.318691 0.072828
v -0.004825 1.309318 0.079080
v -0.004226 1.317739 0.063620
v -0.007044 1.322638 0.072668
v -0.012390 1.315663 0.075528
v -0.005770 1.318349 0.076474
v -0.013643 1.319649 0.068640
v -0.000000 1.325167 0.068380
v -0.006965 1.323752 0.068399
v -0.005402 1.321450 0.065442
v -0.005281 1.314252 0.078151
v -0.055046 1.395245 0.078341
v -0.051750 1.388806 0.076689
v -0.049977 1.390815 0.078010
v -0.054852 1.395465 0.077089
v -0.051078 1.389385 0.073425
v -0.049187 1.390732 0.074644
v 0.002677 1.361843 0.096653
v 0.007296 1.352869 0.108639
v 0.000647 1.353768 0.113124
v -0.048224 1.387100 0.075242
v -0.033174 1.371711 0.078456
v -0.045592 1.371853 0.074563
v -0.033012 1.386717 0.079220
v -0.029255 1.378886 0.079316
v -0.050776 1.379002 0.074425
v -0.039984 1.370272 0.076437
v -0.040673 1.388417 0.077304
v -0.040424 1.378941 0.076870
v -0.030606 1.382837 0.079268
v -0.050229 1.383096 0.074834
v -0.040755 1.383780 0.077087
v -0.049260 1.374948 0.074494
v -0.030408 1.374936 0.078886
v -0.040230 1.374630 0.076654
v -0.041688 1.383148 0.078669
v -0.037498 1.378125 0.079670
v -0.041688 1.378126 0.078458
v -0.037498 1.383148 0.079908
v -0.036545 1.380553 0.079938
v -0.042640 1.380554 0.078415
v -0.039593 1.377445 0.079041
v -0.039593 1.383673 0.079311
v -0.039593 1.380571 0.079176
v -0.036843 1.381850 0.079923
v -0.042342 1.381850 0.078542
v -0.039593 1.382124 0.079244
v -0.042342 1.379260 0.078436
v -0.036843 1.379260 0.079804
v -0.039593 1.379013 0.079109
v -0.145597 1.396139 0.001390
v -0.102267 1.373503 0.026361
v -0.109477 1.381079 0.021877
v -0.115087 1.385217 0.020175
v -0.091826 1.371552 0.029791
v -0.100600 1.382945 0.024494
v -0.107113 1.390049 0.023923
v -0.094556 1.388012 0.029107
v -0.083103 1.366709 0.037047
v -0.087831 1.379599 0.035108
v -0.135488 1.400374 0.008221
v -0.093103 1.391723 0.029918
v -0.140973 1.404329 0.003924
v -0.102609 1.372336 0.026798
v -0.112631 1.380867 0.020605
v -0.120575 1.385854 0.018293
v -0.091592 1.369719 0.030166
v -0.110005 1.391456 0.022581
v -0.093733 1.389895 0.029448
v -0.081337 1.364020 0.037992
v -0.084670 1.379621 0.037003
v -0.101447 1.388589 0.009478
v -0.080205 1.354873 0.030534
v -0.109193 1.410208 0.012876
v -0.132727 1.389078 -0.005280
v -0.169108 1.417881 -0.014561
v -0.088596 1.356123 0.025214
v -0.133602 1.384009 0.003654
v -0.073042 1.387486 0.032046
v -0.073448 1.359872 0.038408
v -0.085145 1.405389 0.028008
v -0.178253 1.415283 -0.020839
v -0.105286 1.362768 0.022605
v -0.103439 1.365073 0.027668
v -0.170350 1.412628 -0.011463
v -0.074922 1.401269 0.036370
v -0.075208 1.363336 0.044706
v -0.071055 1.385966 0.041081
v -0.122537 1.381913 0.015168
v -0.087446 1.356722 0.030312
v -0.150246 1.412926 -0.001853
v -0.089263 1.404002 0.035320
v -0.078425 1.359587 0.041021
v -0.078152 1.383519 0.039353
v -0.045866 1.385012 0.077301
v -0.033926 1.372382 0.079533
v -0.044521 1.372936 0.076368
v -0.034828 1.385343 0.080154
v -0.031155 1.378189 0.080232
v -0.048425 1.379130 0.076395
v -0.040307 1.371389 0.077892
v -0.040944 1.386271 0.078596
v -0.040823 1.380967 0.078333
v -0.032319 1.381889 0.080193
v -0.047564 1.382337 0.076823
v -0.040968 1.382853 0.078420
v -0.047470 1.375854 0.076312
v -0.031770 1.375119 0.079883
v -0.040344 1.375331 0.078068
v 0.014062 1.332070 0.082201
v 0.007318 1.328387 0.090317
v 0.018792 1.335893 0.080350
v 0.008752 1.337248 0.093356
v 0.008010 1.332908 0.091167
v -0.000000 1.331105 0.096343
v -0.000000 1.337299 0.097663
v -0.000000 1.327519 0.094215
v -0.014062 1.332070 0.082201
v -0.007318 1.328387 0.090317
v -0.018792 1.335893 0.080350
v -0.008752 1.337248 0.093356
v -0.008010 1.332908 0.091167
v 0.043486 1.396626 0.083948
v 0.043295 1.390849 0.082310
v 0.040394 1.391215 0.084262
v 0.042965 1.396096 0.083046
v 0.042245 1.389268 0.080444
v 0.039366 1.389428 0.081759
v -0.043486 1.396626 0.083948
v -0.043295 1.390849 0.082310
v -0.040394 1.391215 0.084262
v -0.042965 1.396096 0.083046
v -0.042245 1.389268 0.080444
v -0.039366 1.389428 0.081759
v 0.014062 1.324766 0.075093
v 0.007318 1.318482 0.080972
v 0.018792 1.328898 0.075040
v 0.008752 1.325573 0.087134
v 0.008010 1.322373 0.083425
v -0.000000 1.319836 0.087987
v -0.000000 1.324019 0.091206
v -0.000000 1.316241 0.084278
v -0.014062 1.324766 0.075093
v -0.007318 1.318482 0.080972
v -0.018792 1.328898 0.075040
v -0.008752 1.325573 0.087134
v -0.008010 1.322373 0.083425
v -0.000779 1.361279 0.099055
v -0.025579 1.411736 0.094893
v -0.026582 1.412898 0.096041
v -0.027604 1.419706 0.097127
v -0.030761 1.410460 0.093858
v -0.030973 1.411532 0.095882
v -0.026433 1.419850 0.096165
v -0.142314 1.400950 0.002763
v 0.145597 1.396139 0.001390
v -0.051003 1.378268 0.076055
v -0.044445 1.375970 0.078163
v -0.050226 1.375542 0.075714
v -0.045215 1.378926 0.078317
v -0.043019 1.377377 0.078669
v -0.052402 1.376716 0.075439
v -0.047924 1.375320 0.076856
v -0.048421 1.378829 0.077066
v -0.048307 1.377549 0.076979
v -0.043742 1.378213 0.078532
v -0.051906 1.377536 0.075708
v -0.048381 1.377999 0.077002
v -0.051897 1.375970 0.075478
v -0.043288 1.376601 0.078469
v -0.047995 1.376214 0.076914
v 0.027209 1.378235 0.082293
v 0.033981 1.375872 0.082536
v 0.027968 1.375556 0.081898
v 0.033210 1.378768 0.083046
v 0.035426 1.377207 0.083038
v 0.025775 1.376755 0.081794
v 0.030396 1.375308 0.082008
v 0.029892 1.378733 0.082696
v 0.030008 1.377486 0.082434
v 0.034688 1.378037 0.083126
v 0.026274 1.377543 0.082019
v 0.029934 1.377925 0.082521
v 0.026293 1.376016 0.081711
v 0.035144 1.376456 0.082849
v 0.030323 1.376179 0.082194
v -0.038210 1.369590 0.079884
v -0.043666 1.369990 0.078324
v -0.034299 1.370528 0.080453
v -0.047210 1.371706 0.077499
v 0.038210 1.369590 0.079884
v 0.043666 1.369990 0.078324
v 0.034299 1.370528 0.080453
v 0.047210 1.371706 0.077499
v -0.131348 1.398905 0.009949
v -0.131348 1.401386 0.009293
v -0.131348 1.388192 -0.004160
v -0.131348 1.383179 0.005104
v -0.131348 1.390602 0.010491
v -0.131348 1.388146 0.009806
v -0.131348 1.398520 0.010154
v -0.131348 1.389145 -0.004439
v -0.131348 1.387942 0.009482
v -0.131348 1.411237 0.002980
v -0.131348 1.384131 0.005967
v -0.131348 1.388092 -0.003768
v -0.131348 1.408622 0.009267
v 0.131348 1.398905 0.009949
v 0.131348 1.401386 0.009293
v 0.131348 1.388192 -0.004160
v 0.131348 1.383179 0.005104
v 0.131348 1.390602 0.010491
v 0.131348 1.388146 0.009806
v 0.131348 1.398520 0.010154
v 0.131348 1.389145 -0.004439
v 0.131348 1.387942 0.009482
v 0.131348 1.411237 0.002980
v 0.131348 1.384131 0.005967
v 0.131348 1.388092 -0.003768
v 0.131348 1.408622 0.009267
v 0.093855 1.366905 0.033153
v 0.099838 1.371585 0.031547
v 0.103564 1.364815 0.030713
v 0.097318 1.360853 0.032373
v 0.103372 1.369381 0.030683
v 0.093915 1.362699 0.033210
v 0.092307 1.366802 0.027083
v 0.098290 1.371481 0.025477
v 0.102016 1.364711 0.024643
v 0.095770 1.360749 0.026304
v 0.101824 1.369277 0.024614
v 0.092367 1.362595 0.027140
v 0.093368 1.322687 0.032256
v 0.096700 1.361523 0.030151
v 0.100671 1.329303 0.032256
v 0.100320 1.322017 0.032256
v 0.092922 1.330102 0.032256
v 0.096880 1.319822 0.032739
v 0.093992 1.343915 0.031738
v 0.099526 1.343322 0.031738
v 0.096759 1.343619 0.032938
v 0.096812 1.328627 0.033848
v 0.093368 1.322687 0.028045
v 0.100671 1.329303 0.028045
v 0.100320 1.322017 0.028045
v 0.092922 1.330102 0.028045
v 0.096880 1.319822 0.027562
v 0.093992 1.343915 0.028563
v 0.099526 1.343322 0.028563
v 0.096759 1.343619 0.027363
v 0.096812 1.328627 0.026453
v -0.093855 1.366905 0.033153
v -0.099838 1.371585 0.031547
v -0.103564 1.364815 0.030713
v -0.097318 1.360853 0.032373
v -0.103372 1.369381 0.030683
v -0.093915 1.362699 0.033210
v -0.092307 1.366802 0.027083
v -0.098290 1.371481 0.025477
v -0.102016 1.364711 0.024643
v -0.095770 1.360749 0.026304
v -0.101824 1.369277 0.024614
v -0.092367 1.362595 0.027140
v -0.093368 1.322687 0.032256
v -0.096700 1.361523 0.030151
v -0.100671 1.329303 0.032256
v -0.100320 1.322017 0.032256
v -0.092922 1.330102 0.032256
v -0.096880 1.319822 0.032739
v -0.093992 1.343915 0.031738
v -0.099526 1.343322 0.031738
v -0.096759 1.343619 0.032938
v -0.096812 1.328627 0.033848
v -0.093368 1.322687 0.028045
v -0.100671 1.329303 0.028045
v -0.100320 1.322017 0.028045
v -0.092922 1.330102 0.028045
v -0.096880 1.319822 0.027562
v -0.093992 1.343915 0.028563
v -0.099526 1.343322 0.028563
v -0.096759 1.343619 0.027363
v -0.096812 1.328627 0.026453
v 0.035891 1.372004 0.079469
v 0.044044 1.372652 0.076998
v 0.040292 1.371421 0.078337
v 0.044322 1.374949 0.077499
v 0.035384 1.374456 0.079524
v 0.040304 1.375421 0.078483
v -0.035891 1.372004 0.079469
v -0.044044 1.372652 0.076998
v -0.040292 1.371421 0.078337
v -0.044322 1.374949 0.077499
v -0.035384 1.374456 0.079524
v -0.040304 1.375421 0.078483
v -0.044697 1.373847 0.077107
v -0.040323 1.373235 0.078415
v -0.035076 1.373205 0.079638
v 0.035076 1.373205 0.079638
v 0.044697 1.373847 0.077107
v 0.040323 1.373235 0.078415
v 0.046203 1.413557 0.091530
v 0.043843 1.421522 0.091842
v 0.049203 1.418235 0.084522
v 0.025494 1.415133 0.096393
v 0.024131 1.412385 0.096491
v 0.034327 1.422584 0.096119
v 0.038254 1.410849 0.095114
v 0.047581 1.413486 0.087396
v 0.044542 1.422753 0.087599
v 0.050073 1.418535 0.077368
v 0.024049 1.414303 0.095794
v 0.022023 1.410501 0.095148
v 0.034070 1.423368 0.093972
v 0.039095 1.410140 0.091399
v 0.025579 1.411736 0.094893
v 0.026582 1.412898 0.096041
v 0.027604 1.419706 0.097127
v 0.030761 1.410460 0.093858
v 0.030973 1.411532 0.095882
v 0.026433 1.419850 0.096165
v -0.000000 1.323153 0.094617
v 0.001451 1.328836 0.098076
v -0.000000 1.327761 0.097497
v -0.001451 1.328836 0.098076
vn 0.0969 0.8319 0.5464
vn 0.1771 0.9607 -0.2135
vn 0.3954 0.7846 0.4776
vn 0.8543 0.5191 0.0258
vn 0.6930 0.3188 0.6466
vn 0.7137 -0.1473 0.6847
vn -0.0950 0.7993 0.5933
vn -0.1920 0.9419 -0.2756
vn -0.6808 0.3802 0.6261
vn 0.1603 0.2155 0.9633
vn -0.3550 0.6631 0.6590
vn 0.7156 -0.1553 0.6811
vn 0.2832 0.8173 0.5018
vn 0.9605 -0.2759 0.0371
vn -0.5887 0.7795 -0.2139
vn 0.7286 0.3089 0.6113
vn -0.0408 0.9644 0.2612
vn -0.7647 -0.2567 0.5910
vn -0.3858 -0.2764 0.8802
vn -0.0026 -0.4302 0.9027
vn -0.4868 -0.8225 -0.2941
vn -0.1168 -0.9328 0.3410
vn 0.1524 -0.9876 0.0367
vn 0.4804 -0.7920 -0.3767
vn 0.7294 -0.6036 0.3220
vn -0.1007 -0.8403 -0.5326
vn -0.1338 -0.7490 0.6489
vn 0.6850 -0.5036 0.5264
vn 0.2275 -0.7459 0.6260
vn 0.9046 0.4229 -0.0539
vn 0.9943 0.0008 0.1062
vn 0.9972 -0.0291 -0.0686
vn 0.3149 -0.1970 0.9284
vn 0.3133 -0.2029 0.9277
vn 0.5980 0.2073 0.7742
vn 0.4886 -0.3146 0.8138
vn 0.4441 0.1804 0.8777
vn -0.0000 -0.1899 0.9818
vn 0.3077 -0.4277 0.8499
vn 0.2227 0.0928 0.9705
vn 0.3669 -0.1909 0.9105
vn 0.3140 0.0472 0.9482
vn 0.4032 0.9015 -0.1572
vn 0.1856 0.9000 0.3945
vn 0.3890 0.8017 0.4539
vn 0.4895 -0.2002 0.8487
vn 0.8789 -0.1402 0.4560
vn 0.3296 0.1923 0.9243
vn -0.0000 -0.5583 0.8296
vn -0.0000 -0.9352 0.3541
vn 0.3542 -0.7868 0.5054
vn 0.3248 -0.1909 0.9263
vn 0.5300 -0.8139 -0.2380
vn 0.7132 -0.5441 0.4419
vn 0.5761 -0.7365 0.3544
vn -0.0000 -0.1336 0.9910
vn 0.8357 -0.1141 0.5372
vn 0.8499 -0.2171 0.4801
vn 0.4739 -0.0448 0.8794
vn 0.4834 -0.7852 0.3870
vn 0.8763 0.0347 0.4804
vn 0.5471 0.0204 0.8368
vn 0.9913 -0.1306 0.0147
vn 0.7203 -0.6876 -0.0915
vn 0.9518 -0.3064 -0.0111
vn 0.4137 -0.9021 -0.1227
vn 0.9951 -0.0981 0.0072
vn -0.0000 0.0990 0.9951
vn 0.2545 -0.1266 0.9588
vn 0.3468 0.6376 0.6879
vn -0.0000 0.8113 0.5846
vn 0.3626 0.7549 0.5464
vn 0.7822 0.5941 -0.1877
vn 0.6298 0.6406 0.4392
vn 0.8312 0.5261 0.1797
vn -0.0000 -0.1328 0.9911
vn 0.3363 0.0209 0.9415
vn 0.7476 0.6322 -0.2035
vn 0.9143 0.3978 0.0758
vn 0.1678 0.9680 -0.1867
vn -0.0000 0.9234 0.3838
vn 0.6371 0.7559 -0.1505
vn 0.3161 -0.9465 -0.0654
vn -0.0000 -0.5437 0.8393
vn 0.0791 -0.5352 0.8410
vn -0.0000 0.3927 0.9197
vn 0.8707 -0.0712 0.4866
vn -0.0000 -0.4316 0.9021
vn 0.3977 -0.3468 0.8494
vn -0.0000 0.2986 0.9544
vn 0.9827 -0.1418 -0.1195
vn 0.9839 -0.0997 -0.1483
vn 0.6638 -0.7032 -0.2545
vn 0.4036 -0.8785 -0.2555
vn 0.9812 -0.1025 -0.1635
vn 0.9951 -0.0966 0.0200
vn 0.4730 -0.8008 -0.3674
vn -0.0000 -0.9696 -0.2447
vn 0.2792 -0.9276 -0.2480
vn 0.5877 0.3763 -0.7162
vn 0.5623 0.4777 -0.6750
vn 0.4285 -0.4240 -0.7979
vn 0.9192 -0.3312 -0.2131
vn 0.5752 -0.2745 -0.7706
vn 0.1009 0.5788 -0.8092
vn -0.0000 0.7668 -0.6419
vn -0.0000 0.9833 -0.1818
vn -0.0000 -0.6632 -0.7485
vn 0.9508 -0.2455 -0.1889
vn 0.2341 -0.4211 -0.8763
vn 0.6352 0.1700 -0.7534
vn 0.2606 0.5556 -0.7895
vn 0.2221 -0.5427 -0.8100
vn 0.6945 -0.1617 -0.7011
vn 0.4033 0.5296 -0.7462
vn 0.6739 -0.0365 -0.7379
vn 0.2627 0.9484 -0.1778
vn -0.0000 0.9700 -0.2433
vn -0.0000 0.9455 -0.3255
vn 0.4597 0.8253 0.3279
vn 0.7549 0.1350 0.6418
vn 0.6874 0.3428 0.6403
vn 0.2847 0.9584 -0.0218
vn 0.2552 -0.2156 0.9426
vn 0.2240 -0.1850 0.9569
vn 0.2827 -0.2329 0.9305
vn 0.3190 -0.2422 0.9163
vn 0.9498 0.0991 0.2969
vn 0.3218 0.7191 -0.6159
vn 0.5091 0.8026 0.3110
vn 0.6839 -0.7075 0.1778
vn 0.7656 -0.2265 -0.6022
vn 0.0172 0.6810 -0.7321
vn 0.1419 0.9571 0.2527
vn 0.2651 -0.6318 -0.7284
vn 0.3311 -0.6114 -0.7188
vn -0.0000 0.6519 -0.7583
vn -0.0000 0.9613 0.2754
vn 0.4271 -0.9032 0.0419
vn -0.0000 -0.6557 -0.7550
vn -0.2522 -0.9102 0.3285
vn -0.0034 -0.9988 0.0493
vn 0.5645 0.6134 0.5524
vn -0.0000 0.7981 0.6025
vn 0.3604 -0.6885 0.6294
vn 0.6921 0.3963 0.6033
vn 0.7648 0.2114 0.6086
vn 0.2244 0.3080 0.9245
vn 0.4518 0.2471 0.8572
vn -0.0000 0.4241 0.9056
vn 0.1073 0.3960 0.9120
vn -0.0969 0.8319 0.5464
vn -0.1771 0.9607 -0.2135
vn 0.1920 0.9419 -0.2756
vn 0.4654 -0.0098 0.8850
vn -0.0932 -0.8626 0.4972
vn -0.2406 -0.9348 0.2611
vn -0.2162 0.1904 0.9576
vn 0.4579 -0.8103 0.3657
vn -0.2285 0.4261 0.8754
vn -0.1800 -0.0522 0.9823
vn -0.4860 -0.6047 0.6309
vn 0.6062 -0.6958 0.3852
vn 0.8645 0.1907 0.4651
vn -0.3463 -0.7398 0.5768
vn 0.3123 0.5344 0.7854
vn 0.2498 -0.8265 0.5045
vn 0.0882 -0.8685 0.4877
vn -0.5280 -0.7473 0.4034
vn 0.6464 -0.7358 0.2019
vn 0.4627 0.5643 0.6837
vn 0.0032 0.4298 0.9029
vn 0.1271 0.5850 0.8010
vn 0.3063 -0.8719 0.3822
vn 0.2548 -0.8971 0.3609
vn 0.1640 0.5949 0.7869
vn 0.3334 -0.8483 0.4115
vn 0.9662 -0.1553 0.2057
vn 0.2804 0.4696 0.8371
vn -0.4772 -0.5273 0.7030
vn 0.3535 -0.8831 0.3086
vn 0.0904 0.4184 0.9038
vn 0.0819 0.5014 0.8613
vn 0.0593 -0.2565 0.9647
vn 0.7597 0.3651 0.5381
vn -0.3954 0.7846 0.4776
vn -0.8543 0.5191 0.0258
vn 0.0464 0.9545 -0.2945
vn -0.4184 -0.5005 -0.7579
vn 0.0694 0.8089 -0.5839
vn -0.0235 -0.3691 -0.9291
vn -0.7822 0.5865 -0.2104
vn -0.5835 0.7402 -0.3342
vn -0.9589 0.2713 -0.0837
vn -0.0208 -0.2937 -0.9557
vn -0.5793 -0.7517 -0.3153
vn 0.6513 0.4585 -0.6046
vn -0.7997 0.3006 -0.5198
vn -0.1286 0.9036 -0.4085
vn -0.1412 -0.5734 -0.8070
vn -0.2738 0.8515 -0.4471
vn -0.1551 -0.3196 -0.9348
vn -0.2437 -0.6839 -0.6877
vn -0.3512 -0.4906 -0.7975
vn -0.3581 0.8682 -0.3434
vn -0.0564 -0.4392 -0.8966
vn -0.3620 0.8440 -0.3958
vn -0.2063 -0.4197 -0.8839
vn -0.2130 -0.6072 -0.7655
vn -0.1578 0.9129 -0.3763
vn 0.6122 0.2222 -0.7588
vn -0.9463 -0.2319 -0.2251
vn -0.4966 0.8284 -0.2591
vn -0.2713 -0.4276 -0.8623
vn 0.5138 0.8566 0.0472
vn 0.6920 -0.2517 0.6767
vn -0.7137 -0.1473 0.6847
vn -0.6930 0.3188 0.6466
vn -0.6356 -0.0201 -0.7718
vn 0.6808 0.3802 0.6261
vn 0.3550 0.6631 0.6590
vn 0.3858 -0.2764 0.8802
vn -0.7202 -0.1454 0.6784
vn -0.7286 0.3089 0.6113
vn 0.4249 0.7346 0.5290
vn 0.2049 0.4881 0.8484
vn 0.2957 0.4276 0.8542
vn 0.3819 0.4760 -0.7922
vn 0.3643 0.8976 -0.2483
vn 0.5090 0.8410 -0.1835
vn 0.2764 0.2410 0.9304
vn 0.1916 0.2653 0.9449
vn 0.0950 0.7993 0.5933
vn -0.1603 0.2155 0.9633
vn 0.3020 0.8139 0.4964
vn -0.0000 0.8511 0.5250
vn -0.2832 0.8173 0.5018
vn 0.2876 0.3470 -0.8927
vn 0.3199 0.5472 -0.7734
vn 0.1377 0.1774 0.9745
vn 0.5295 0.5969 0.6028
vn -0.6348 -0.0692 0.7696
vn 0.2293 -0.9331 0.2769
vn 0.4309 0.8488 -0.3063
vn 0.0379 -0.5430 -0.8389
vn -0.8993 0.0900 -0.4279
vn 0.5646 0.2468 0.7876
vn 0.3654 -0.6453 0.6709
vn 0.5282 0.4968 0.6886
vn 0.3471 0.7229 0.5975
vn 0.3568 0.8169 0.4532
vn 0.3291 0.6970 0.6371
vn 0.2306 -0.0609 0.9711
vn 0.2361 -0.0324 0.9712
vn 0.2483 -0.0481 0.9675
vn 0.2380 -0.1254 0.9632
vn 0.2210 -0.0648 0.9731
vn 0.2512 -0.0684 0.9655
vn 0.2084 -0.0627 0.9760
vn 0.2077 -0.0312 0.9777
vn 0.2240 -0.1210 0.9670
vn 0.2098 -0.0834 0.9742
vn 0.2318 -0.0532 0.9713
vn 0.2157 0.0156 0.9763
vn 0.2858 -0.1709 0.9429
vn 0.2947 -0.0454 0.9545
vn 0.2341 -0.0509 0.9709
vn 0.2395 0.0007 0.9709
vn 0.2537 -0.0407 0.9664
vn 0.2324 -0.1196 0.9652
vn 0.2233 -0.0593 0.9729
vn 0.2545 -0.0695 0.9646
vn 0.2179 -0.0128 0.9759
vn 0.2138 -0.0524 0.9755
vn 0.2280 -0.1020 0.9683
vn 0.2159 -0.0816 0.9730
vn 0.2305 -0.0340 0.9725
vn 0.2359 0.0294 0.9713
vn 0.2637 -0.2011 0.9434
vn 0.3007 -0.0643 0.9516
vn 0.2586 -0.0419 0.9651
vn 0.2610 0.0075 0.9653
vn 0.2833 -0.0417 0.9581
vn 0.2435 -0.0696 0.9674
vn 0.2423 -0.0420 0.9693
vn 0.2556 -0.0427 0.9658
vn 0.2441 -0.0190 0.9696
vn 0.2425 -0.0445 0.9691
vn 0.2604 -0.0909 0.9612
vn 0.2452 -0.0691 0.9670
vn 0.2452 -0.0152 0.9694
vn 0.2562 0.0065 0.9666
vn 0.2573 -0.0979 0.9614
vn 0.2778 -0.0413 0.9598
vn -0.6695 0.6583 0.3440
vn -0.8407 0.0793 -0.5357
vn -0.6730 0.2153 0.7076
vn 0.4603 -0.8878 -0.0019
vn 0.0172 0.9829 -0.1835
vn 0.7541 0.2072 -0.6232
vn 0.6431 -0.3344 0.6889
vn 0.6414 -0.5187 0.5653
vn -0.0454 0.6747 0.7367
vn -0.0705 -0.4268 -0.9016
vn -0.2650 0.9047 -0.3337
vn 0.4195 -0.0008 0.9077
vn 0.4832 -0.3449 0.8047
vn 0.5466 0.0415 0.8364
vn 0.5158 0.0180 0.8565
vn 0.4452 0.2076 0.8710
vn 0.6722 -0.0490 0.7387
vn 0.3660 0.1312 0.9213
vn 0.2904 -0.6283 0.7217
vn 0.2992 0.2463 0.9219
vn 0.5023 0.0313 0.8641
vn 0.4359 0.0283 0.8996
vn 0.6082 -0.1129 0.7858
vn 0.4442 0.0578 0.8941
vn -0.2248 0.8919 0.3923
vn 0.6845 -0.0536 0.7271
vn 0.4543 -0.7308 0.5095
vn 0.2589 0.6339 0.7288
vn -0.5045 0.0366 -0.8626
vn -0.4599 0.8315 -0.3116
vn -0.2545 0.9063 -0.3375
vn -0.0171 -0.8782 -0.4780
vn 0.3316 -0.8699 -0.3650
vn 0.0028 -0.7227 -0.6911
vn -0.4759 0.0225 -0.8792
vn -0.8011 -0.5966 0.0475
vn -0.1443 -0.2663 0.9530
vn 0.2284 0.5825 0.7801
vn -0.3766 -0.8895 -0.2587
vn 0.5460 -0.0874 0.8332
vn 0.3108 0.3518 0.8830
vn 0.4183 0.1458 0.8965
vn 0.5833 0.0046 0.8123
vn 0.5228 0.0255 0.8521
vn 0.4161 -0.0388 0.9085
vn 0.2242 0.3297 0.9171
vn 0.3458 0.0574 0.9365
vn 0.5267 -0.8496 0.0292
vn 0.3491 0.5567 0.7538
vn 0.3462 -0.0941 0.9334
vn 0.5003 -0.1167 0.8579
vn 0.3673 0.2817 0.8864
vn 0.3719 -0.0319 0.9277
vn 0.5891 -0.1325 0.7971
vn -0.0640 0.7554 0.6521
vn 0.5229 0.0069 0.8524
vn 0.5887 0.7795 -0.2139
vn 0.0408 0.9644 0.2612
vn 0.7647 -0.2567 0.5910
vn 0.0026 -0.4302 0.9027
vn 0.4868 -0.8225 -0.2941
vn 0.1168 -0.9328 0.3410
vn -0.1524 -0.9876 0.0367
vn 0.1007 -0.8403 -0.5326
vn -0.4804 -0.7920 -0.3767
vn -0.7294 -0.6036 0.3221
vn -0.9605 -0.2759 0.0371
vn 0.1375 -0.7484 0.6489
vn -0.2152 -0.7801 0.5875
vn -0.7052 -0.5111 0.4914
vn -0.9046 0.4229 -0.0539
vn -0.9943 0.0008 0.1062
vn -0.9143 0.3978 0.0758
vn -0.3149 -0.1970 0.9284
vn -0.3133 -0.2029 0.9277
vn -0.5980 0.2073 0.7742
vn -0.4886 -0.3146 0.8138
vn -0.3977 -0.3468 0.8494
vn -0.3077 -0.4277 0.8499
vn -0.4441 0.1804 0.8777
vn -0.4739 -0.0448 0.8794
vn -0.3669 -0.1909 0.9105
vn -0.2227 0.0928 0.9705
vn -0.3140 0.0472 0.9482
vn -0.4032 0.9015 -0.1572
vn -0.1856 0.9000 0.3945
vn -0.1678 0.9680 -0.1867
vn -0.4895 -0.2002 0.8487
vn -0.8789 -0.1402 0.4560
vn -0.3296 0.1923 0.9243
vn -0.3542 -0.7868 0.5054
vn -0.3248 -0.1909 0.9263
vn -0.7132 -0.5441 0.4419
vn -0.5300 -0.8139 -0.2380
vn -0.5761 -0.7365 0.3544
vn -0.8357 -0.1141 0.5372
vn -0.8499 -0.2171 0.4801
vn -0.0791 -0.5352 0.8410
vn -0.8763 0.0347 0.4804
vn -0.9913 -0.1306 0.0147
vn -0.7203 -0.6876 -0.0915
vn -0.9518 -0.3064 -0.0111
vn -0.4137 -0.9021 -0.1227
vn -0.2545 -0.1266 0.9588
vn -0.3468 0.6376 0.6879
vn -0.3626 0.7549 0.5464
vn -0.7822 0.5941 -0.1877
vn -0.6298 0.6406 0.4392
vn -0.6371 0.7559 -0.1505
vn -0.3363 0.0209 0.9415
vn -0.7476 0.6322 -0.2035
vn -0.8312 0.5261 0.1797
vn -0.3890 0.8017 0.4539
vn -0.3161 -0.9465 -0.0654
vn -0.4834 -0.7852 0.3870
vn -0.8707 -0.0712 0.4866
vn -0.0000 -0.3676 0.9300
vn -0.9827 -0.1418 -0.1195
vn -0.9951 -0.0981 0.0072
vn -0.6638 -0.7032 -0.2545
vn -0.9192 -0.3312 -0.2131
vn -0.4036 -0.8785 -0.2555
vn -0.4730 -0.8008 -0.3674
vn -0.9972 -0.0291 -0.0686
vn -0.9812 -0.1025 -0.1635
vn -0.2792 -0.9276 -0.2480
vn -0.9951 -0.0966 0.0200
vn -0.9839 -0.0997 -0.1483
vn -0.5573 0.3632 -0.7466
vn -0.6352 0.1700 -0.7534
vn -0.5623 0.4777 -0.6750
vn -0.4285 -0.4240 -0.7979
vn -0.5805 -0.2691 -0.7685
vn -0.0974 0.5983 -0.7953
vn -0.2606 0.5556 -0.7895
vn -0.9508 -0.2455 -0.1889
vn -0.3355 -0.5021 -0.7971
vn -0.2341 -0.4211 -0.8763
vn -0.6528 -0.0380 -0.7566
vn -0.4218 0.5300 -0.7356
vn -0.2222 -0.5423 -0.8103
vn -0.6945 -0.1617 -0.7011
vn -0.6189 -0.1576 -0.7695
vn -0.2749 0.9500 -0.1480
vn -0.2884 0.9571 0.0266
vn -0.4494 0.8423 0.2977
vn -0.6964 0.3714 0.6141
vn -0.7549 0.1350 0.6418
vn -0.2240 -0.1850 0.9569
vn -0.0000 -0.1032 0.9947
vn -0.2552 -0.2156 0.9426
vn -0.3190 -0.2422 0.9163
vn -0.2827 -0.2329 0.9305
vn -0.3218 0.7191 -0.6159
vn -0.9498 0.0991 0.2969
vn -0.5091 0.8026 0.3110
vn -0.7656 -0.2264 -0.6022
vn -0.6839 -0.7075 0.1778
vn -0.0172 0.6810 -0.7321
vn -0.1419 0.9571 0.2527
vn -0.2651 -0.6318 -0.7284
vn -0.4244 -0.9043 0.0462
vn -0.0329 -0.9457 0.3235
vn 0.3511 -0.9153 0.1971
vn -0.5645 0.6134 0.5524
vn -0.3604 -0.6885 0.6294
vn 0.3619 -0.9119 0.1933
vn -0.6921 0.3963 0.6033
vn -0.7648 0.2114 0.6086
vn -0.2244 0.3080 0.9245
vn -0.4518 0.2471 0.8572
vn -0.1073 0.3960 0.9120
vn -0.5471 0.0204 0.8368
vn -0.4654 -0.0098 0.8850
vn 0.0932 -0.8626 0.4972
vn -0.4628 0.5643 0.6837
vn -0.4579 -0.8103 0.3657
vn 0.2162 0.1904 0.9576
vn 0.2285 0.4261 0.8754
vn 0.1800 -0.0522 0.9823
vn -0.6062 -0.6958 0.3852
vn 0.4860 -0.6047 0.6309
vn -0.8645 0.1908 0.4650
vn 0.3463 -0.7398 0.5768
vn -0.3123 0.5344 0.7854
vn -0.2498 -0.8265 0.5045
vn -0.1271 0.5850 0.8010
vn -0.6464 -0.7358 0.2019
vn 0.5280 -0.7473 0.4035
vn -0.0882 -0.8685 0.4877
vn -0.0032 0.4298 0.9029
vn -0.3063 -0.8719 0.3822
vn -0.1640 0.5949 0.7869
vn -0.2548 -0.8971 0.3609
vn -0.3334 -0.8483 0.4115
vn -0.2804 0.4696 0.8371
vn -0.9662 -0.1552 0.2057
vn 0.4773 -0.5273 0.7030
vn -0.0904 0.4184 0.9038
vn -0.3535 -0.8831 0.3086
vn -0.8878 0.3969 -0.2329
vn -0.4401 0.1288 -0.8886
vn -0.8298 -0.5136 -0.2185
vn -0.0464 0.9545 -0.2945
vn 0.4184 -0.5005 -0.7579
vn 0.6356 -0.0201 -0.7718
vn 0.7822 0.5865 -0.2104
vn 0.0235 -0.3691 -0.9291
vn 0.5835 0.7402 -0.3342
vn 0.9589 0.2713 -0.0837
vn 0.5793 -0.7517 -0.3153
vn 0.0208 -0.2937 -0.9557
vn -0.6513 0.4585 -0.6046
vn 0.7996 0.3006 -0.5198
vn 0.1286 0.9036 -0.4086
vn 0.1412 -0.5734 -0.8070
vn 0.3512 -0.4906 -0.7975
vn 0.2437 -0.6840 -0.6876
vn 0.1551 -0.3196 -0.9348
vn -0.0694 0.8089 -0.5839
vn 0.3581 0.8682 -0.3434
vn 0.2738 0.8515 -0.4471
vn 0.0564 -0.4392 -0.8966
vn 0.2063 -0.4197 -0.8839
vn 0.3620 0.8440 -0.3958
vn 0.2130 -0.6072 -0.7655
vn -0.6123 0.2221 -0.7587
vn 0.1578 0.9129 -0.3763
vn 0.9463 -0.2319 -0.2251
vn 0.2713 -0.4276 -0.8623
vn 0.4966 0.8284 -0.2591
vn -0.0044 0.7612 -0.6486
vn -0.2439 -0.5046 -0.8282
vn 0.6596 0.0765 0.7477
vn 0.6110 0.0608 0.7893
vn 0.6582 0.0772 0.7489
vn 0.2406 -0.9348 0.2611
vn -0.2644 -0.6307 0.7295
vn -0.5421 0.5620 0.6248
vn -0.6955 -0.4007 0.5965
vn -0.9441 0.2388 0.2271
vn 0.0436 -0.5746 0.8172
vn -0.0950 0.6251 0.7747
vn 0.0312 -0.8651 -0.5006
vn -0.1106 0.8625 -0.4938
vn 0.2706 0.8950 -0.3547
vn -0.4897 -0.7375 -0.4651
vn -0.2678 0.0541 -0.9620
vn 0.3471 -0.8356 -0.4259
vn 0.7901 0.5990 -0.1299
vn 0.1632 -0.2907 0.9428
vn 0.8382 0.5198 -0.1650
vn 0.2249 0.0181 0.9742
vn -0.2049 0.4881 0.8484
vn -0.4249 0.7346 0.5290
vn -0.2957 0.4276 0.8542
vn -0.3643 0.8976 -0.2483
vn -0.3819 0.4760 -0.7922
vn -0.5090 0.8410 -0.1835
vn -0.2764 0.2410 0.9304
vn -0.3020 0.8139 0.4964
vn -0.3199 0.5472 -0.7734
vn -0.2876 0.3470 -0.8927
vn -0.1916 0.2653 0.9449
vn -0.1377 0.1774 0.9745
vn -0.5295 0.5969 0.6028
vn -0.2293 -0.9331 0.2769
vn 0.6348 -0.0692 0.7696
vn -0.4309 0.8488 -0.3063
vn 0.8993 0.0900 -0.4279
vn -0.0379 -0.5430 -0.8389
vn 0.3415 0.6782 0.6507
vn -0.2341 -0.0509 0.9709
vn -0.2395 0.0007 0.9709
vn -0.2305 -0.0340 0.9725
vn -0.2233 -0.0593 0.9729
vn -0.2324 -0.1196 0.9652
vn -0.2545 -0.0695 0.9646
vn -0.2179 -0.0128 0.9759
vn -0.2280 -0.1020 0.9683
vn -0.2159 -0.0816 0.9730
vn -0.2138 -0.0524 0.9755
vn -0.2297 -0.0677 0.9709
vn -0.2359 0.0294 0.9713
vn -0.3007 -0.0643 0.9516
vn -0.2637 -0.2011 0.9434
vn -0.2586 -0.0419 0.9651
vn -0.2610 0.0075 0.9653
vn -0.2452 -0.0152 0.9694
vn -0.2423 -0.0420 0.9693
vn -0.2435 -0.0696 0.9674
vn -0.2556 -0.0427 0.9658
vn -0.2441 -0.0190 0.9696
vn -0.2604 -0.0909 0.9612
vn -0.2451 -0.0691 0.9670
vn -0.2425 -0.0445 0.9691
vn -0.2421 -0.0396 0.9695
vn -0.2562 0.0065 0.9666
vn -0.2778 -0.0413 0.9598
vn -0.2573 -0.0979 0.9614
vn -0.5268 -0.8495 0.0292
vn -0.0028 -0.7227 -0.6911
vn 0.0472 -0.8541 -0.5180
vn 0.2249 0.8919 0.3923
vn 0.0822 0.7438 0.6633
vn -0.5891 -0.1325 0.7971
vn -0.4452 0.2076 0.8710
vn -0.5228 0.0255 0.8521
vn -0.3719 -0.0319 0.9277
vn -0.5229 0.0069 0.8524
vn -0.3673 0.2817 0.8864
vn -0.3462 -0.0941 0.9334
vn -0.4279 0.0028 0.9038
vn -0.5375 -0.2667 0.8000
vn -0.5833 0.0046 0.8123
vn -0.4442 0.0578 0.8941
vn -0.3458 0.0574 0.9365
vn -0.2242 0.3297 0.9171
vn -0.4161 -0.0388 0.9085
vn -0.5023 0.0313 0.8641
vn -0.5460 -0.0874 0.8332
vn -0.5466 0.0415 0.8364
vn -0.3108 0.3518 0.8830
vn -0.5158 0.0180 0.8565
vn -0.6891 -0.0974 0.7181
vn -0.3660 0.1312 0.9213
vn -0.2284 0.5825 0.7801
vn 0.0002 0.7041 0.7101
vn -0.4543 -0.7308 0.5095
vn -0.6722 -0.0490 0.7387
vn -0.4359 0.0283 0.8996
vn -0.2904 -0.6283 0.7217
vn -0.2992 0.2463 0.9219
vn -0.6082 -0.1129 0.7858
vn 0.8011 -0.5966 0.0475
vn 0.1443 -0.2663 0.9530
vn 0.4599 0.8315 -0.3116
vn 0.2545 0.9063 -0.3375
vn 0.6730 0.2153 0.7076
vn 0.8407 0.0793 -0.5357
vn 0.3714 -0.8894 -0.2665
vn 0.6695 0.6583 0.3440
vn -0.4832 -0.3450 0.8047
vn -0.0172 0.9829 -0.1835
vn -0.7564 0.1916 -0.6254
vn -0.6209 -0.1471 0.7700
vn -0.5497 -0.8325 0.0683
vn -0.2589 0.6339 0.7288
vn 0.2650 0.9047 -0.3337
vn -0.6325 -0.5285 0.5662
vn 0.0705 -0.4268 -0.9016
vn 0.4770 0.0220 -0.8787
vn -0.4702 -0.8826 -0.0000
vn -0.3316 -0.8699 -0.3650
vn 0.5022 0.0251 -0.8644
vn -0.3491 0.5567 0.7538
vn 0.3213 -0.0025 0.9470
vn 0.6544 0.0265 0.7557
vn 0.4871 0.0720 0.8704
vn -0.0074 -0.9200 0.3918
vn 0.5964 0.1005 0.7964
vn -0.2306 -0.0609 0.9711
vn -0.2361 -0.0324 0.9712
vn -0.2318 -0.0532 0.9713
vn -0.2210 -0.0648 0.9731
vn -0.2380 -0.1254 0.9632
vn -0.2512 -0.0684 0.9655
vn -0.2084 -0.0627 0.9760
vn -0.2077 -0.0312 0.9777
vn -0.2240 -0.1210 0.9670
vn -0.2098 -0.0834 0.9742
vn -0.2278 -0.0811 0.9703
vn -0.2157 0.0156 0.9763
vn -0.2947 -0.0454 0.9545
vn -0.2858 -0.1709 0.9429
vn -0.0000 0.4156 -0.9095
vn -0.0000 0.9904 -0.1384
vn -0.0000 0.5042 0.8636
vn -0.0000 0.2543 0.9671
vn -0.0000 0.1963 0.9805
vn -0.0000 0.7259 -0.6878
vn -0.3311 -0.6114 -0.7188
vn 0.6893 -0.4642 0.5563
vn 0.6070 -0.3957 0.6892
vn 0.6780 -0.3439 0.6496
vn 0.6580 -0.2708 0.7026
vn -0.6893 -0.4642 0.5563
vn -0.6070 -0.3957 0.6892
vn -0.6440 -0.5294 0.5523
vn -0.6780 -0.3439 0.6496
vn -0.6580 -0.2708 0.7026
vn -0.0000 -0.3771 0.9262
vn -0.0000 -0.2085 0.9780
vn -0.0000 -0.5102 0.8600
vn 0.3207 0.8792 0.3524
vn -0.4664 -0.1990 0.8619
vn 0.8836 -0.4278 0.1905
vn -0.1133 0.7901 -0.6024
vn 0.2553 -0.7201 -0.6452
vn -0.7407 -0.6439 -0.1918
vn -0.3208 0.8792 0.3524
vn -0.8836 -0.4278 0.1905
vn 0.4664 -0.1990 0.8619
vn 0.1133 0.7901 -0.6024
vn 0.7407 -0.6439 -0.1918
vn -0.2553 -0.7201 -0.6452
vn 0.3704 0.8221 0.4324
vn 0.6722 -0.6510 0.3527
vn 0.5834 -0.6516 0.4849
vn 0.6561 -0.5709 0.4936
vn 0.6395 -0.5085 0.5766
vn -0.6722 -0.6510 0.3527
vn -0.5834 -0.6516 0.4849
vn -0.6246 -0.7109 0.3232
vn -0.6561 -0.5709 0.4936
vn -0.6395 -0.5085 0.5766
vn -0.0000 -0.6804 0.7328
vn -0.0000 -0.6098 0.7926
vn -0.0000 -0.7181 0.6960
vn 0.2291 0.3919 0.8910
vn -0.0510 -0.8241 -0.5642
vn 0.6884 -0.7049 -0.1711
vn -0.0587 -0.4406 0.8958
vn -0.3337 -0.1019 0.9371
vn -0.3426 -0.0315 0.9390
vn -0.3329 -0.0908 0.9386
vn -0.3190 -0.1130 0.9410
vn -0.3137 -0.2288 0.9216
vn -0.3497 -0.1196 0.9292
vn -0.3096 -0.0862 0.9470
vn -0.2925 -0.2920 0.9106
vn -0.3026 -0.1518 0.9409
vn -0.3057 -0.1260 0.9438
vn -0.3225 -0.1433 0.9357
vn -0.3228 0.1139 0.9396
vn -0.3938 -0.0901 0.9148
vn -0.2846 -0.5073 0.8134
vn -0.1096 -0.2115 0.9712
vn -0.1074 -0.2342 0.9662
vn -0.1103 -0.2140 0.9706
vn -0.1145 -0.2079 0.9714
vn -0.1143 -0.1697 0.9788
vn -0.1032 -0.2053 0.9732
vn -0.1178 -0.2167 0.9691
vn -0.1197 -0.1469 0.9819
vn -0.1195 -0.1957 0.9734
vn -0.1188 -0.2037 0.9718
vn -0.1131 -0.1973 0.9738
vn -0.1125 -0.2789 0.9537
vn -0.0880 -0.2151 0.9726
vn -0.1112 -0.0524 0.9924
vn -0.2017 0.2185 0.9548
vn -0.2520 0.0190 0.9675
vn -0.2814 -0.1238 0.9516
vn 0.2017 0.2185 0.9548
vn 0.2520 0.0190 0.9675
vn 0.1957 0.2394 0.9510
vn -0.3843 0.2564 0.8869
vn -0.4183 0.1458 0.8965
vn 0.3844 0.2564 0.8868
vn 0.5541 -0.8304 0.0581
vn -0.4934 -0.4143 0.7648
vn 0.8208 -0.3767 0.4295
vn 0.7997 0.4238 0.4253
vn -0.5201 0.3633 0.7730
vn 0.0951 0.8307 0.5485
vn -0.7945 -0.4397 -0.4188
vn 0.5161 -0.3939 -0.7606
vn -0.1120 -0.8241 -0.5553
vn -0.8302 0.3452 -0.4378
vn 0.4948 0.3986 -0.7722
vn -0.1780 0.8129 -0.5545
vn 0.1674 -0.8056 0.5684
vn 0.0098 0.1108 0.9938
vn 0.8269 0.1284 0.5474
vn -0.0003 1.0000 -0.0000
vn -0.8212 0.1299 0.5557
vn -0.8274 0.0205 0.5612
vn 0.8292 0.0243 0.5585
vn 0.0008 -0.0046 1.0000
vn 0.7378 -0.4296 0.5207
vn -0.0402 -0.8291 0.5576
vn -0.7578 -0.3867 0.5255
vn 0.0098 0.1108 -0.9938
vn 0.8269 0.1284 -0.5474
vn -0.8212 0.1299 -0.5557
vn -0.8274 0.0205 -0.5612
vn 0.0008 -0.0046 -1.0000
vn 0.8292 0.0243 -0.5585
vn 0.7378 -0.4296 -0.5206
vn -0.0403 -0.8291 -0.5576
vn -0.7578 -0.3867 -0.5255
vn 0.4934 -0.4143 0.7648
vn -0.8208 -0.3767 0.4295
vn -0.1674 -0.8056 0.5684
vn 0.5201 0.3633 0.7730
vn -0.7997 0.4238 0.4253
vn 0.7945 -0.4397 -0.4188
vn -0.5161 -0.3939 -0.7606
vn -0.4948 0.3986 -0.7722
vn 0.8302 0.3452 -0.4378
vn 0.1780 0.8129 -0.5545
vn -0.0951 0.8307 0.5485
vn 0.1120 -0.8241 -0.5553
vn -0.0098 0.1108 0.9938
vn 0.0003 1.0000 -0.0000
vn -0.8269 0.1284 0.5474
vn 0.8212 0.1299 0.5557
vn 0.8274 0.0205 0.5612
vn -0.0008 -0.0046 1.0000
vn -0.8292 0.0243 0.5585
vn -0.7378 -0.4296 0.5206
vn 0.0403 -0.8291 0.5576
vn 0.7578 -0.3867 0.5255
vn -0.0098 0.1108 -0.9938
vn -0.8269 0.1284 -0.5474
vn 0.8212 0.1299 -0.5557
vn 0.8274 0.0205 -0.5612
vn -0.8292 0.0243 -0.5585
vn -0.0008 -0.0046 -1.0000
vn -0.7378 -0.4296 -0.5206
vn 0.0403 -0.8291 -0.5576
vn 0.7578 -0.3867 -0.5255
vn 0.2648 -0.0518 0.9629
vn 0.2235 0.0186 0.9745
vn 0.2268 0.0259 0.9736
vn 0.2894 -0.1722 0.9416
vn 0.2237 -0.0284 0.9742
vn -0.2235 0.0186 0.9745
vn -0.2648 -0.0518 0.9629
vn -0.2268 0.0259 0.9736
vn -0.2894 -0.1722 0.9416
vn -0.3085 -0.2366 0.9213
vn -0.3189 -0.2101 0.9242
vn -0.2928 -0.0460 0.9551
vn -0.2301 0.0050 0.9732
vn 0.3189 -0.2101 0.9242
vn 0.2928 -0.0460 0.9551
vn 0.2301 0.0050 0.9732
vn 0.2644 -0.6307 0.7295
vn 0.5421 0.5620 0.6248
vn 0.0950 0.6251 0.7747
vn 0.6955 -0.4007 0.5965
vn 0.9441 0.2388 0.2271
vn -0.0436 -0.5746 0.8172
vn -0.2291 0.3919 0.8910
vn -0.0312 -0.8651 -0.5006
vn 0.1106 0.8625 -0.4938
vn 0.4897 -0.7375 -0.4651
vn 0.2678 0.0541 -0.9620
vn -0.3471 -0.8356 -0.4259
vn -0.2706 0.8950 -0.3547
vn -0.8382 0.5197 -0.1650
vn -0.1633 -0.2907 0.9428
vn -0.2249 0.0181 0.9742
vn -0.7901 0.5990 -0.1299
vn 0.0510 -0.8241 -0.5642
vn 0.0587 -0.4406 0.8958
vn -0.6884 -0.7049 -0.1711
vn -0.0000 -0.5300 0.8480
vn -0.0544 -0.5292 0.8467
vn 0.0544 -0.5292 0.8467
vn -0.0000 -0.0372 0.9993
vn 0.8178 -0.2083 -0.5364
vn 0.3363 -0.4946 -0.8015
vn -0.3620 -0.9119 0.1933
vn 0.2278 -0.0811 0.9703
vn 0.2297 -0.0677 0.9709
vn 0.2421 -0.0396 0.9695
vn -0.2537 -0.0407 0.9664
vn -0.2833 -0.0417 0.9581
vn -0.2483 -0.0481 0.9675
vn 0.6440 -0.5294 0.5523
vn 0.6246 -0.7109 0.3232
vn -0.3535 -0.0885 0.9312
vn -0.1028 -0.2157 0.9710
vn -0.1957 0.2394 0.9510
vn 0.2814 -0.1238 0.9516
vn 0.3085 -0.2366 0.9213
vn -0.2237 -0.0284 0.9742
vt 0.443456 0.732877
vt 0.458767 0.732616
vt 0.459183 0.729332
vt 0.463069 0.720810
vt 0.462874 0.723969
vt 0.462937 0.586407
vt 0.427780 0.723519
vt 0.443405 0.732883
vt 0.419448 0.715867
vt 0.418974 0.717082
vt 0.427781 0.732887
vt 0.462938 0.581576
vt 0.459026 0.732884
vt 0.462937 0.581730
vt 0.427780 0.732883
vt 0.466816 0.723474
vt 0.443405 0.732884
vt 0.416436 0.585935
vt 0.419968 0.586251
vt 0.416082 0.584390
vt 0.427780 0.513382
vt 0.427779 0.513374
vt 0.447312 0.504762
vt 0.462937 0.522006
vt 0.462937 0.522003
vt 0.447312 0.504755
vt 0.435593 0.513382
vt 0.462937 0.522000
vt 0.451218 0.504762
vt 0.048626 0.272237
vt 0.030866 0.292824
vt 0.048842 0.292047
vt 0.078216 0.114763
vt 0.069613 0.129053
vt 0.068988 0.111133
vt 0.067301 0.075031
vt 0.065230 0.044596
vt 0.076780 0.074658
vt 0.063062 0.125965
vt 0.067010 0.042315
vt 0.073065 0.186688
vt 0.078781 0.145837
vt 0.083583 0.188471
vt 0.082754 0.280598
vt 0.075172 0.290247
vt 0.087695 0.277877
vt 0.099980 0.148428
vt 0.100707 0.118134
vt 0.108179 0.143569
vt 0.068552 0.098780
vt 0.082853 0.096434
vt 0.079124 0.104382
vt 0.063062 0.007086
vt 0.063062 0.003896
vt 0.069803 0.009022
vt 0.087955 0.128850
vt 0.088569 0.148929
vt 0.090547 0.036884
vt 0.097151 0.048025
vt 0.090994 0.033273
vt 0.063062 0.108606
vt 0.089002 0.220044
vt 0.119334 0.101521
vt 0.100707 0.102861
vt 0.084360 0.220106
vt 0.115556 0.059709
vt 0.101681 0.059816
vt 0.077154 0.016337
vt 0.108835 0.184576
vt 0.102484 0.187782
vt 0.112243 0.177645
vt 0.109048 0.141370
vt 0.101980 0.074981
vt 0.097317 0.048789
vt 0.103610 0.080192
vt 0.077166 0.016906
vt 0.119334 0.116794
vt 0.120591 0.116100
vt 0.063062 0.184899
vt 0.070034 0.139245
vt 0.067610 0.085076
vt 0.063062 0.084329
vt 0.067532 0.083317
vt 0.096996 0.252548
vt 0.099151 0.260452
vt 0.104423 0.247455
vt 0.063062 0.135455
vt 0.092981 0.189720
vt 0.101527 0.235700
vt 0.110955 0.214624
vt 0.072467 0.287372
vt 0.063062 0.292386
vt 0.091426 0.269017
vt 0.096215 0.126586
vt 0.069844 0.008191
vt 0.063062 0.039011
vt 0.065015 0.044885
vt 0.088023 0.060166
vt 0.063062 0.096484
vt 0.118255 0.089589
vt 0.063062 0.065406
vt 0.064351 0.045515
vt 0.063062 0.078038
vt 0.090994 0.018000
vt 0.097151 0.032752
vt 0.088105 0.060644
vt 0.046547 0.309782
vt 0.030912 0.320015
vt 0.046537 0.320008
vt 0.046537 0.354159
vt 0.030912 0.340501
vt 0.030912 0.357572
vt 0.046537 0.367816
vt 0.023099 0.364402
vt 0.023100 0.371220
vt 0.030919 0.309786
vt 0.046537 0.323434
vt 0.030912 0.330258
vt 0.046536 0.357574
vt 0.046537 0.371231
vt 0.023100 0.371219
vt 0.023099 0.378060
vt 0.046537 0.371230
vt 0.073881 0.268797
vt 0.046530 0.261043
vt 0.073880 0.258556
vt 0.046774 0.252309
vt 0.073880 0.347330
vt 0.046536 0.340505
vt 0.073881 0.340498
vt 0.046537 0.244892
vt 0.073880 0.244897
vt 0.046537 0.238064
vt 0.073879 0.244905
vt 0.046536 0.238072
vt 0.073880 0.364402
vt 0.073880 0.323429
vt 0.073881 0.357572
vt 0.073880 0.275630
vt 0.046655 0.245295
vt 0.073882 0.248302
vt 0.073880 0.364401
vt 0.073879 0.306365
vt 0.073880 0.251726
vt 0.073880 0.296113
vt 0.457878 0.926261
vt 0.457877 0.926259
vt 0.457878 0.926261
vt 0.457878 0.926261
vt 0.457878 0.926261
vt 0.457877 0.926260
vt 0.457878 0.926261
vt 0.457878 0.926261
vt 0.457878 0.926261
vt 0.457878 0.926261
vt 0.838755 0.209348
vt 0.830227 0.235493
vt 0.830227 0.236805
vt 0.832921 0.186031
vt 0.838755 0.198679
vt 0.819661 0.235108
vt 0.819661 0.246461
vt 0.820297 0.166691
vt 0.832921 0.189231
vt 0.811156 0.234300
vt 0.811156 0.244733
vt 0.820297 0.152631
vt 0.811156 0.162115
vt 0.823963 0.192057
vt 0.811156 0.145949
vt 0.814805 0.193498
vt 0.811156 0.193266
vt 0.836524 0.201055
vt 0.832467 0.196619
vt 0.101980 0.059709
vt 0.118255 0.104862
vt 0.117186 0.080192
vt 0.119684 0.104837
vt 0.035053 0.272474
vt 0.105053 0.221080
vt 0.087764 0.238694
vt 0.096626 0.233080
vt 0.063062 0.243429
vt 0.075139 0.243633
vt 0.458767 0.732615
vt 0.443405 0.732884
vt 0.420028 0.963078
vt 0.425876 0.959716
vt 0.421190 0.952914
vt 0.452737 0.959574
vt 0.449481 0.960370
vt 0.449576 0.968254
vt 0.418428 0.930907
vt 0.421174 0.919161
vt 0.414260 0.931347
vt 0.415521 0.946315
vt 0.418904 0.939291
vt 0.430067 0.975070
vt 0.438243 0.968288
vt 0.430563 0.964968
vt 0.454204 0.952604
vt 0.452006 0.956518
vt 0.424627 0.969723
vt 0.445434 0.973000
vt 0.437967 0.977461
vt 0.445879 0.965059
vt 0.438902 0.987985
vt 0.445968 0.988841
vt 0.446052 0.987382
vt 0.430798 0.984407
vt 0.438664 0.989625
vt 0.454562 0.977340
vt 0.450758 0.983037
vt 0.450828 0.984304
vt 0.448004 0.936537
vt 0.448003 0.936537
vt 0.448004 0.936541
vt 0.459183 0.729332
vt 0.463070 0.720810
vt 0.420730 0.964199
vt 0.426686 0.960776
vt 0.425437 0.970765
vt 0.450108 0.960475
vt 0.453328 0.962014
vt 0.450205 0.968780
vt 0.419073 0.931310
vt 0.414732 0.932183
vt 0.422006 0.919566
vt 0.416069 0.947362
vt 0.419424 0.940117
vt 0.430937 0.975895
vt 0.438923 0.968450
vt 0.438689 0.977905
vt 0.452366 0.957124
vt 0.454231 0.952678
vt 0.431415 0.965844
vt 0.445935 0.973622
vt 0.446583 0.965104
vt 0.446760 0.990073
vt 0.439680 0.989171
vt 0.446839 0.988419
vt 0.439424 0.990808
vt 0.431522 0.985588
vt 0.455384 0.978462
vt 0.451644 0.985455
vt 0.451571 0.984118
vt 0.541016 0.962895
vt 0.541016 0.962894
vt 0.541014 0.962885
vt 0.421830 0.954045
vt 0.448004 0.936537
vt 0.541015 0.962890
vt 0.419424 0.716163
vt 0.427782 0.732885
vt 0.419968 0.586251
vt 0.462937 0.581575
vt 0.466816 0.723475
vt 0.980982 0.112819
vt 0.960123 0.124777
vt 0.977183 0.151731
vt 0.969491 0.100550
vt 0.963203 0.047980
vt 0.980413 0.092964
vt 0.969145 0.191650
vt 0.958862 0.172953
vt 0.427781 0.723519
vt 0.418984 0.716957
vt 0.963406 0.069720
vt 0.945251 0.056548
vt 0.459024 0.732878
vt 0.956144 0.102279
vt 0.959173 0.066211
vt 0.957686 0.228483
vt 0.411303 0.942315
vt 0.416693 0.943123
vt 0.417338 0.940664
vt 0.411728 0.943008
vt 0.418606 0.942614
vt 0.417988 0.945115
vt 0.063333 0.252504
vt 0.063333 0.250551
vt 0.071146 0.250549
vt 0.063333 0.256410
vt 0.069774 0.257678
vt 0.068989 0.260652
vt 0.819195 0.834430
vt 0.804048 0.829974
vt 0.819079 0.815058
vt 0.664612 0.860381
vt 0.688278 0.948720
vt 0.688233 0.851548
vt 0.719490 0.912950
vt 0.715603 0.860229
vt 0.838677 0.829090
vt 0.846454 0.848366
vt 0.819137 0.914859
vt 0.850350 0.930910
vt 0.798533 0.846316
vt 0.707829 0.815874
vt 0.668791 0.816873
vt 0.688216 0.789937
vt 0.435947 0.958396
vt 0.431744 0.962329
vt 0.435817 0.966252
vt 0.427963 0.938950
vt 0.435873 0.946749
vt 0.435911 0.938855
vt 0.447594 0.938889
vt 0.447623 0.946672
vt 0.443724 0.962316
vt 0.447605 0.954525
vt 0.427954 0.954625
vt 0.443739 0.934917
vt 0.431689 0.934948
vt 0.435810 0.931101
vt 0.418364 0.943055
vt 0.413534 0.946978
vt 0.417960 0.950991
vt 0.410022 0.923799
vt 0.418141 0.931555
vt 0.418255 0.923471
vt 0.429856 0.923569
vt 0.429960 0.931322
vt 0.426061 0.947024
vt 0.429897 0.939264
vt 0.410039 0.939300
vt 0.426132 0.919389
vt 0.413332 0.919631
vt 0.417941 0.915871
vt 0.057831 0.175810
vt 0.065020 0.195248
vt 0.061241 0.195670
vt 0.120604 0.223497
vt 0.106117 0.254968
vt 0.120627 0.243062
vt 0.016792 0.201168
vt 0.013515 0.200448
vt 0.016676 0.196533
vt 0.101087 0.222813
vt 0.099073 0.250140
vt 0.065664 0.134720
vt 0.059457 0.115432
vt 0.065832 0.132264
vt 0.418554 0.929304
vt 0.418081 0.929205
vt 0.417693 0.929321
vt 0.035831 0.102295
vt 0.033982 0.144936
vt 0.032757 0.100658
vt 0.413465 0.933138
vt 0.413466 0.933137
vt 0.413466 0.933136
vt 0.413466 0.933136
vt 0.415444 0.933927
vt 0.412924 0.933246
vt 0.065690 0.152139
vt 0.065806 0.136120
vt 0.065690 0.153189
vt 0.045830 0.103073
vt 0.016163 0.176014
vt 0.028929 0.154359
vt 0.028828 0.161879
vt 0.093667 0.223019
vt 0.085716 0.242499
vt 0.094941 0.247307
vt 0.040794 0.242538
vt 0.025454 0.219676
vt 0.038914 0.234718
vt 0.101777 0.221767
vt 0.101004 0.221769
vt 0.100733 0.222823
vt 0.071812 0.232906
vt 0.067835 0.225312
vt 0.032300 0.159465
vt 0.036533 0.167583
vt 0.057981 0.243272
vt 0.055430 0.234800
vt 0.087732 0.191704
vt 0.084169 0.223057
vt 0.023220 0.105963
vt 0.416463 0.930471
vt 0.417357 0.929720
vt 0.417758 0.929458
vt 0.415133 0.934528
vt 0.414363 0.933279
vt 0.034699 0.138260
vt 0.035973 0.171920
vt 0.069014 0.297876
vt 0.075410 0.277004
vt 0.084369 0.299204
vt 0.061916 0.369652
vt 0.061708 0.369857
vt 0.058527 0.373041
vt 0.057546 0.167669
vt 0.057132 0.165482
vt 0.068850 0.153762
vt 0.024194 0.225308
vt 0.051035 0.167643
vt 0.046119 0.105218
vt 0.413463 0.933125
vt 0.413463 0.933121
vt 0.413449 0.933124
vt 0.408147 0.932761
vt 0.412260 0.928645
vt 0.408872 0.932035
vt 0.412489 0.933851
vt 0.413400 0.933146
vt 0.061448 0.166120
vt 0.065771 0.152588
vt 0.114442 0.202568
vt 0.065778 0.139858
vt 0.422329 0.929230
vt 0.078517 0.326876
vt 0.085907 0.324175
vt 0.063377 0.316151
vt 0.060283 0.162223
vt 0.060791 0.166267
vt 0.054950 0.167579
vt 0.055775 0.286580
vt 0.064550 0.252106
vt 0.042771 0.158833
vt 0.035588 0.163252
vt 0.413464 0.933126
vt 0.427781 0.732884
vt 0.443405 0.732881
vt 0.416434 0.585931
vt 0.416082 0.584389
vt 0.427780 0.513383
vt 0.447311 0.504760
vt 0.462937 0.522003
vt 0.462937 0.581724
vt 0.435593 0.513383
vt 0.451217 0.504761
vt 0.462936 0.521995
vt 0.048626 0.272237
vt 0.030866 0.292824
vt 0.035053 0.272474
vt 0.056511 0.129053
vt 0.047909 0.114763
vt 0.057137 0.111133
vt 0.058824 0.075031
vt 0.060895 0.044596
vt 0.061773 0.045515
vt 0.059115 0.042315
vt 0.049344 0.074658
vt 0.038020 0.060644
vt 0.047343 0.145837
vt 0.053059 0.186688
vt 0.042541 0.188471
vt 0.043371 0.280598
vt 0.050953 0.290247
vt 0.053657 0.287372
vt 0.025417 0.118134
vt 0.026145 0.148428
vt 0.017945 0.143569
vt 0.043450 0.096670
vt 0.057573 0.098780
vt 0.047000 0.104382
vt 0.056322 0.009022
vt 0.038170 0.128850
vt 0.037555 0.148929
vt 0.028974 0.048025
vt 0.035577 0.036884
vt 0.035131 0.033273
vt 0.020367 0.101521
vt 0.026394 0.223041
vt 0.025417 0.102861
vt 0.030159 0.213725
vt 0.024144 0.059709
vt 0.037596 0.158706
vt 0.061109 0.044885
vt 0.017289 0.184576
vt 0.013882 0.177645
vt 0.017077 0.141370
vt 0.028808 0.048789
vt 0.024144 0.074981
vt 0.022515 0.080192
vt 0.048958 0.016906
vt 0.020367 0.116794
vt 0.056091 0.139245
vt 0.058514 0.085075
vt 0.058593 0.083317
vt 0.029128 0.252548
vt 0.026973 0.260452
vt 0.034698 0.269017
vt 0.033144 0.189720
vt 0.024598 0.235700
vt 0.021702 0.247455
vt 0.063062 0.289145
vt 0.038429 0.277878
vt 0.029909 0.126586
vt 0.056280 0.008191
vt 0.048970 0.016337
vt 0.021445 0.089589
vt 0.063062 0.044965
vt 0.035131 0.018000
vt 0.028974 0.032752
vt 0.046547 0.309784
vt 0.030919 0.309787
vt 0.046536 0.354160
vt 0.046536 0.340501
vt 0.046537 0.367816
vt 0.023099 0.364402
vt 0.046536 0.357578
vt 0.048842 0.292046
vt 0.046537 0.323429
vt 0.046537 0.371231
vt 0.046537 0.320018
vt 0.073880 0.275630
vt 0.046530 0.261043
vt 0.073880 0.258556
vt 0.073881 0.340498
vt 0.073880 0.244897
vt 0.073882 0.248302
vt 0.073880 0.323429
vt 0.073880 0.354158
vt 0.073880 0.296112
vt 0.046655 0.245295
vt 0.073881 0.251726
vt 0.073880 0.364401
vt 0.073879 0.306365
vt 0.073882 0.320005
vt 0.457878 0.926261
vt 0.457876 0.926258
vt 0.457878 0.926261
vt 0.792086 0.235493
vt 0.783557 0.209348
vt 0.792086 0.236805
vt 0.783557 0.198679
vt 0.789391 0.186031
vt 0.802652 0.235108
vt 0.802652 0.246461
vt 0.802015 0.166691
vt 0.802015 0.152631
vt 0.811156 0.190326
vt 0.798349 0.192057
vt 0.807508 0.193498
vt 0.785789 0.201055
vt 0.789806 0.193211
vt 0.789846 0.196619
vt 0.019109 0.116100
vt 0.021445 0.104862
vt 0.015170 0.214624
vt 0.021071 0.221080
vt 0.038361 0.238694
vt 0.029499 0.233080
vt 0.050985 0.243633
vt 0.023640 0.187782
vt 0.420088 0.963079
vt 0.425937 0.959716
vt 0.424687 0.969723
vt 0.449542 0.960371
vt 0.452798 0.959574
vt 0.449637 0.968254
vt 0.418489 0.930906
vt 0.414321 0.931347
vt 0.421234 0.919161
vt 0.415582 0.946314
vt 0.418965 0.939291
vt 0.430127 0.975070
vt 0.438304 0.968288
vt 0.438028 0.977460
vt 0.452066 0.956517
vt 0.454265 0.952604
vt 0.430623 0.964968
vt 0.445495 0.972999
vt 0.445940 0.965059
vt 0.446029 0.988841
vt 0.438962 0.987984
vt 0.446113 0.987382
vt 0.438724 0.989625
vt 0.430858 0.984408
vt 0.454623 0.977340
vt 0.450889 0.984304
vt 0.450818 0.983036
vt 0.448004 0.936541
vt 0.420791 0.964200
vt 0.426747 0.960776
vt 0.421890 0.954045
vt 0.453389 0.962015
vt 0.450169 0.960475
vt 0.450266 0.968780
vt 0.419134 0.931310
vt 0.422066 0.919566
vt 0.414793 0.932182
vt 0.416129 0.947363
vt 0.419485 0.940117
vt 0.430998 0.975895
vt 0.438984 0.968450
vt 0.431476 0.965843
vt 0.454292 0.952679
vt 0.452427 0.957124
vt 0.425497 0.970766
vt 0.445996 0.973622
vt 0.438749 0.977905
vt 0.446644 0.965105
vt 0.439740 0.989171
vt 0.446821 0.990073
vt 0.446900 0.988419
vt 0.431582 0.985588
vt 0.439485 0.990809
vt 0.455445 0.978462
vt 0.451632 0.984118
vt 0.451705 0.985455
vt 0.541016 0.962894
vt 0.541015 0.962890
vt 0.421250 0.952915
vt 0.448004 0.936537
vt 0.433594 0.847821
vt 0.433594 0.847831
vt 0.433594 0.847830
vt 0.433593 0.847828
vt 0.433594 0.847824
vt 0.433594 0.847830
vt 0.433594 0.794914
vt 0.433594 0.794924
vt 0.433594 0.794922
vt 0.433593 0.794921
vt 0.433594 0.794923
vt 0.433594 0.794918
vt 0.433594 0.794927
vt 0.433593 0.772774
vt 0.433594 0.772777
vt 0.433594 0.772776
vt 0.433593 0.772774
vt 0.433594 0.772776
vt 0.433594 0.772777
vt 0.433594 0.772775
vt 0.433594 0.772767
vt 0.433594 0.772771
vt 0.433594 0.772775
vt 0.433594 0.772779
vt 0.433594 0.772778
vt 0.433594 0.772766
vt 0.930379 0.124776
vt 0.909519 0.112819
vt 0.913318 0.151732
vt 0.927299 0.047979
vt 0.921011 0.100550
vt 0.910087 0.092964
vt 0.921356 0.191651
vt 0.927096 0.069720
vt 0.931328 0.066211
vt 0.934358 0.102278
vt 0.931639 0.172951
vt 0.932815 0.228484
vt 0.411364 0.942315
vt 0.417398 0.940664
vt 0.416753 0.943123
vt 0.411789 0.943008
vt 0.418049 0.945115
vt 0.418667 0.942614
vt 0.063334 0.258363
vt 0.435946 0.958393
vt 0.435873 0.946751
vt 0.435911 0.938856
vt 0.447594 0.938890
vt 0.443724 0.962316
vt 0.447623 0.946672
vt 0.427921 0.946716
vt 0.443739 0.934917
vt 0.435810 0.931103
vt 0.431689 0.934948
vt 0.418364 0.943055
vt 0.413534 0.946979
vt 0.410039 0.939300
vt 0.418143 0.931566
vt 0.418255 0.923476
vt 0.429857 0.923569
vt 0.426061 0.947025
vt 0.429897 0.939264
vt 0.429959 0.931321
vt 0.409875 0.931467
vt 0.426132 0.919389
vt 0.417941 0.915871
vt 0.413332 0.919630
vt 0.098605 0.191736
vt 0.415040 0.935761
vt 0.413465 0.933136
vt 0.050643 0.166310
vt 0.060449 0.171354
vt 0.050892 0.161459
vt 0.012343 0.171396
vt 0.013551 0.202247
vt 0.120114 0.221832
vt 0.028627 0.138253
vt 0.059115 0.117509
vt 0.541016 0.962891
vt 0.541015 0.962890
vt 0.541016 0.962890
vt 0.541016 0.962891
vt 0.819195 0.834427
vt 0.804048 0.829974
vt 0.798533 0.846315
vt 0.688278 0.948719
vt 0.688233 0.851549
vt 0.846454 0.848366
vt 0.819138 0.914860
vt 0.850350 0.930910
vt 0.793487 0.929785
vt 0.707829 0.815874
vt 0.945251 0.089058
vt 0.945251 0.032619
vt 0.945251 0.120513
vt 0.945251 0.174692
vt 0.945251 0.230379
vt 0.945251 0.044660
vt 0.789391 0.189231
vt 0.356656 0.949287
vt 0.353980 0.941732
vt 0.353607 0.947175
vt 0.353258 0.953449
vt 0.342485 0.949287
vt 0.345160 0.941732
vt 0.340101 0.944777
vt 0.345534 0.947175
vt 0.345882 0.953449
vt 0.349570 0.947372
vt 0.349570 0.941249
vt 0.349570 0.953663
vt 0.413303 0.957495
vt 0.418327 0.952444
vt 0.418333 0.949399
vt 0.413673 0.957947
vt 0.419414 0.950619
vt 0.419441 0.953731
vt 0.413363 0.957495
vt 0.418393 0.949399
vt 0.418388 0.952443
vt 0.413734 0.957947
vt 0.419502 0.953731
vt 0.419475 0.950618
vt 0.063333 0.254458
vt 0.356656 0.949287
vt 0.353980 0.941732
vt 0.353606 0.947175
vt 0.353258 0.953449
vt 0.342485 0.949287
vt 0.345160 0.941733
vt 0.345534 0.947175
vt 0.345883 0.953449
vt 0.349570 0.941250
vt 0.433594 0.772780
vt 0.433594 0.772780
vt 0.433594 0.772772
vt 0.433594 0.772775
vt 0.433594 0.794922
vt 0.433594 0.794919
vt 0.433594 0.794926
vt 0.433594 0.847829
vt 0.433594 0.847832
vt 0.433594 0.847826
vt 0.433594 0.772776
vt 0.433594 0.772773
vt 0.308241 0.950997
vt 0.301055 0.952221
vt 0.298439 0.947728
vt 0.308213 0.928882
vt 0.296987 0.903681
vt 0.308192 0.901161
vt 0.321176 0.903638
vt 0.317483 0.952464
vt 0.321172 0.947164
vt 0.323020 0.924469
vt 0.296045 0.924778
vt 0.317488 0.890983
vt 0.308184 0.883584
vt 0.298969 0.891269
vt 0.308241 0.950997
vt 0.308213 0.928882
vt 0.296987 0.903681
vt 0.308192 0.901161
vt 0.435911 0.938856
vt 0.439007 0.933676
vt 0.447594 0.938890
vt 0.061255 0.165476
vt 0.065833 0.152928
vt 0.052904 0.166768
vt 0.012631 0.200254
vt 0.213682 0.884266
vt 0.198022 0.960653
vt 0.198652 0.976801
vt 0.212742 0.906689
vt 0.199282 0.992948
vt 0.214623 0.861844
vt 0.914012 0.756781
vt 0.918381 0.756671
vt 0.918683 0.871330
vt 0.914004 0.849850
vt 0.912262 0.832989
vt 0.919195 0.752287
vt 0.913183 0.933891
vt 0.920799 0.822743
vt 0.916357 0.820201
vt 0.912777 0.823903
vt 0.919472 0.756863
vt 0.923499 0.849037
vt 0.915103 0.756972
vt 0.914377 0.752694
vt 0.920424 0.752210
vt 0.925328 0.831876
vt 0.924922 0.822987
vt 0.921426 0.820502
vt 0.916901 0.824147
vt 0.569084 0.856895
vt 0.596462 0.957326
vt 0.592575 0.900919
vt 0.545472 0.957712
vt 0.569092 0.935247
vt 0.569084 0.856896
vt 0.592575 0.900919
vt 0.547561 0.902383
vt 0.549650 0.847054
vt 0.569076 0.778544
vt 0.588689 0.844511
vt 0.588689 0.844512
vt 0.433594 0.847834
vt 0.063062 0.044385
vt 0.061891 0.045498
vt 0.063062 0.046416
vt 0.064234 0.045498
vt 0.457877 0.926260
vt 0.080116 0.125789
vt 0.080166 0.168369
vt 0.073882 0.320005
vt 0.073880 0.354158
vt 0.832507 0.193211
vt 0.115556 0.074981
vt 0.662628 0.915442
vt 0.793487 0.929785
vt 0.076696 0.198899
vt 0.051571 0.249793
vt 0.046008 0.125789
vt 0.020016 0.104837
vt 0.435817 0.966252
vt 0.662628 0.915442
vt 0.359039 0.944777
vt 0.308186 0.956322
vt 0.296045 0.919389
vt 0.323020 0.918678
vt 0.569092 0.935248
s 1
usemtl colors
f 12/1/1 29/2/2 11/3/3
f 11/3/3 30/4/4 16/5/5
f 30/4/4 17/6/6 16/5/5
f 3/7/7 27/8/8 12/1/1
f 23/9/9 3/7/7 4/10/10
f 69/11/11 77/12/12 75/13/13
f 30/4/4 77/12/12 31/14/14
f 23/9/9 69/11/11 22/15/15
f 29/2/2 76/16/16 30/4/4
f 22/15/15 73/17/17 27/8/8
f 27/8/8 75/13/13 29/2/2
f 24/18/18 70/19/19 23/9/9
f 5/20/20 23/9/9 4/10/10
f 25/21/21 5/20/20 6/22/22
f 7/23/23 25/21/21 6/22/22
f 28/24/24 7/23/23 13/25/25
f 31/14/14 13/25/25 17/6/6
f 25/21/21 70/19/19 24/18/18
f 26/26/26 71/27/27 25/21/21
f 31/14/14 74/28/28 28/24/24
f 28/24/24 72/29/29 26/26/26
f 71/27/27 74/28/28 77/12/12
f 67/30/30 44/31/31 60/32/32
f 17/33/6 51/34/33 42/35/34
f 41/36/35 47/37/36 62/38/37
f 318/39/38 42/35/34 51/34/33
f 98/40/39 62/38/37 47/37/36
f 45/41/40 100/42/41 36/43/42
f 65/44/43 120/45/44 122/46/45
f 14/47/46 5/48/20 15/49/47
f 40/50/48 11/51/3 16/52/5
f 20/53/49 34/54/50 50/55/51
f 100/42/41 7/56/23 10/57/52
f 35/58/53 19/59/54 1/60/55
f 320/61/56 40/50/48 42/35/34
f 4/62/10 113/63/57 5/64/20
f 40/50/48 17/33/6 42/35/34
f 3/65/7 2/66/58 4/62/10
f 3/65/7 18/67/59 2/66/58
f 98/40/39 50/55/51 21/68/60
f 14/47/46 9/69/61 8/70/62
f 44/71/31 15/49/47 38/72/63
f 2/73/58 33/74/64 32/75/65
f 1/60/55 37/76/66 35/58/53
f 38/72/63 113/77/57 39/78/67
f 337/79/68 43/80/69 45/41/40
f 52/81/70 354/82/71 111/83/72
f 63/84/73 119/85/74 121/86/75
f 51/34/33 100/42/41 43/80/69
f 345/87/76 51/34/33 43/80/69
f 14/47/46 46/88/77 10/57/52
f 36/43/42 10/57/52 46/88/77
f 66/89/78 121/86/75 116/90/79
f 64/91/80 435/92/81 120/45/44
f 68/93/82 122/46/45 119/85/74
f 10/57/52 6/94/22 14/47/46
f 49/95/83 21/68/60 50/55/51
f 838/96/84 50/55/51 99/97/85
f 18/67/59 11/51/3 62/98/37
f 41/36/35 62/38/37 111/83/72
f 319/99/86 52/81/70 40/50/48
f 4/62/10 2/66/58 112/100/87
f 372/101/88 97/102/89 41/36/35
f 384/103/90 372/101/88 41/36/35
f 1/104/55 98/40/39 21/68/60
f 1/104/55 19/105/54 98/40/39
f 98/40/39 19/105/54 18/106/59
f 55/107/91 39/108/67 57/109/92
f 56/110/93 32/111/65 33/112/64
f 59/113/94 35/114/53 37/115/66
f 38/116/63 60/32/32 44/31/31
f 32/111/65 79/117/95 78/118/96
f 58/119/97 33/112/64 35/114/53
f 53/120/98 49/121/83 34/122/50
f 61/123/99 37/115/66 49/121/83
f 57/109/92 78/118/96 79/117/95
f 67/30/30 92/124/100 66/125/78
f 66/125/78 89/126/101 63/127/73
f 83/128/102 54/129/103 56/110/93
f 81/130/104 79/117/95 54/129/103
f 65/131/43 90/132/105 64/133/80
f 64/133/80 397/134/106 366/135/107
f 387/136/108 61/123/99 53/120/98
f 95/137/109 57/109/92 79/117/95
f 58/119/97 83/128/102 56/110/93
f 86/138/110 58/119/97 59/113/94
f 60/32/32 93/139/111 67/30/30
f 68/140/82 91/141/112 65/131/43
f 88/142/113 59/113/94 61/123/99
f 57/109/92 82/143/114 55/107/91
f 63/127/73 94/144/115 68/140/82
f 55/107/91 87/145/116 60/32/32
f 97/146/117 386/147/118 406/148/119
f 47/149/120 98/150/121 96/151/122
f 47/149/120 80/152/123 97/146/117
f 48/153/124 839/154/125 99/155/126
f 98/150/127 48/153/124 99/155/126
f 106/156/128 102/157/129 107/158/130
f 108/159/131 101/160/132 106/156/128
f 107/158/130 103/161/133 109/162/134
f 108/159/131 105/163/135 104/164/136
f 109/162/134 414/165/137 424/166/138
f 110/167/139 415/168/140 105/163/135
f 839/169/141 420/170/142 110/167/139
f 97/171/143 424/166/138 406/172/144
f 98/173/145 110/167/139 108/159/131
f 47/174/146 109/162/134 97/171/143
f 98/173/145 108/159/131 106/156/128
f 98/173/145 107/158/130 47/174/146
f 354/82/71 41/36/35 111/83/72
f 62/38/37 52/81/70 111/83/72
f 18/106/59 19/105/54 2/175/58
f 112/176/87 39/78/67 113/77/57
f 112/176/87 32/177/65 78/178/96
f 113/77/57 15/49/47 5/48/20
f 116/179/79 67/30/30 66/125/78
f 116/90/79 117/180/147 9/69/61
f 115/181/148 46/88/77 118/182/149
f 117/180/147 46/88/77 8/70/62
f 433/183/150 45/41/40 114/184/151
f 114/184/151 36/43/42 115/181/148
f 9/69/61 117/180/147 8/70/62
f 121/86/75 118/182/149 117/180/147
f 120/45/44 433/183/150 114/184/151
f 119/85/74 115/181/148 118/182/149
f 122/46/45 114/184/151 115/181/148
f 116/90/79 121/86/75 117/180/147
f 44/71/31 116/90/79 9/69/61
f 310/1/152 330/185/153 328/186/154
f 125/187/155 127/188/156 136/189/157
f 129/190/158 142/191/159 143/192/160
f 137/193/161 124/194/162 135/195/163
f 133/196/164 126/197/165 135/195/163
f 139/198/166 128/199/167 138/200/168
f 129/190/158 134/201/169 131/202/170
f 125/187/155 126/197/165 133/196/164
f 126/197/165 137/193/161 135/195/163
f 132/203/171 138/200/168 127/188/156
f 141/204/172 128/199/167 130/205/173
f 143/192/160 140/206/174 141/204/172
f 144/207/175 152/208/176 150/209/177
f 144/207/175 146/210/178 145/211/179
f 147/212/180 149/213/181 148/214/182
f 465/215/183 466/216/184 181/217/185
f 309/218/186 331/219/187 330/185/153
f 156/220/188 158/221/189 163/222/190
f 173/223/191 160/224/192 174/225/193
f 168/226/194 166/227/195 155/228/196
f 164/229/197 166/227/195 157/230/198
f 170/231/199 159/232/200 161/233/201
f 160/224/192 162/234/202 165/235/203
f 157/230/198 156/220/188 164/229/197
f 157/230/198 166/227/195 168/226/194
f 163/222/190 169/236/204 170/231/199
f 159/232/200 172/237/205 161/233/201
f 171/238/206 174/225/193 172/237/205
f 151/239/207 175/240/208 153/241/209
f 175/240/208 176/242/210 177/243/211
f 178/244/212 179/245/213 180/246/214
f 497/247/215 181/248/185 499/249/216
f 144/207/175 153/241/209 175/240/208
f 180/246/214 150/209/177 149/213/181
f 150/209/177 148/214/182 149/213/181
f 179/245/213 153/241/209 180/246/214
f 152/208/176 179/245/213 148/214/182
f 315/6/217 331/219/187 314/5/218
f 126/197/165 168/226/194 137/193/161
f 128/199/167 169/236/204 138/200/168
f 131/202/170 165/235/203 162/234/202
f 129/190/158 165/235/203 134/201/169
f 130/205/173 170/231/199 161/233/201
f 131/202/170 173/223/191 142/191/159
f 132/203/171 170/231/199 139/198/166
f 136/189/157 158/221/189 167/250/219
f 132/203/171 156/220/188 163/222/190
f 138/200/168 158/221/189 127/188/156
f 135/195/163 164/229/197 133/196/164
f 135/195/163 155/228/196 166/227/195
f 126/197/165 167/250/219 157/230/198
f 137/193/161 155/228/196 124/194/162
f 140/206/174 159/232/200 128/199/167
f 143/192/160 172/237/205 174/225/193
f 142/191/159 171/238/206 140/206/174
f 129/190/158 174/225/193 160/224/192
f 133/196/164 156/220/188 125/187/155
f 145/211/179 177/243/211 176/242/210
f 144/207/175 177/243/211 146/210/178
f 145/211/179 151/239/207 152/208/176
f 149/213/181 178/244/212 180/246/214
f 181/217/185 466/216/184 499/251/216
f 465/252/183 181/248/185 497/247/215
f 141/204/172 161/233/201 172/237/205
f 324/253/220 373/254/221 374/255/222
f 331/219/187 381/256/223 380/257/224
f 185/258/225 191/259/226 190/260/227
f 184/261/228 193/262/229 192/263/230
f 183/264/231 191/259/226 196/265/232
f 182/266/233 324/253/220 189/267/234
f 192/263/230 188/268/235 185/258/225
f 193/262/229 517/269/236 188/268/235
f 330/185/153 380/257/224 379/270/237
f 184/261/228 187/271/238 195/272/239
f 379/270/237 381/256/223 373/254/221
f 196/265/232 186/273/240 183/264/231
f 178/244/212 148/214/182 179/245/213
f 197/274/241 199/275/242 198/276/243
f 200/277/244 201/278/245 202/279/246
f 199/275/242 200/277/244 202/279/246
f 200/277/244 198/276/243 201/278/245
f 537/280/247 203/281/248 536/282/249
f 665/283/250 206/284/251 535/285/252
f 218/286/253 207/287/254 214/288/255
f 219/289/256 215/290/257 221/291/258
f 221/291/258 211/292/259 220/293/260
f 218/286/253 210/294/261 216/295/262
f 215/296/257 216/295/262 211/297/259
f 215/296/257 217/298/263 218/286/253
f 208/299/264 221/291/258 220/293/260
f 209/300/265 221/291/258 213/301/266
f 233/302/267 222/303/268 229/304/269
f 234/305/270 230/306/271 236/307/272
f 235/308/273 230/306/271 226/309/274
f 233/302/267 225/310/275 231/311/276
f 230/306/271 231/311/276 226/309/274
f 230/306/271 232/312/277 233/302/267
f 223/313/278 236/307/272 235/308/273
f 224/314/279 236/307/272 228/315/280
f 248/316/281 237/317/282 244/318/283
f 249/319/284 245/320/285 251/321/286
f 250/322/287 245/320/285 241/323/288
f 248/316/281 240/324/289 246/325/290
f 245/320/285 246/325/290 241/323/288
f 245/320/285 247/326/291 248/316/281
f 238/327/292 251/321/286 250/322/287
f 239/328/293 251/321/286 243/329/294
f 261/330/295 268/331/296 259/332/297
f 269/333/298 271/334/299 265/335/300
f 258/336/301 735/337/302 730/338/303
f 272/339/304 734/340/305 271/334/299
f 282/341/306 263/342/307 258/343/301
f 252/344/308 284/345/309 286/346/310
f 277/347/311 253/348/312 254/349/313
f 283/350/314 292/351/315 280/352/316
f 288/353/317 276/354/318 277/355/311
f 280/352/316 288/353/317 277/355/311
f 673/356/319 730/357/303 262/358/320
f 257/359/321 277/347/311 254/349/313
f 262/360/320 271/361/299 256/362/322
f 275/363/323 266/364/324 273/365/325
f 270/366/326 263/367/307 257/368/321
f 269/333/298 736/369/327 272/339/304
f 272/339/304 727/370/328 732/371/329
f 259/332/297 267/372/330 260/373/331
f 261/374/295 253/348/312 255/375/332
f 274/376/333 257/368/321 254/377/313
f 274/378/333 268/379/296 275/363/323
f 253/348/312 260/380/331 254/349/313
f 285/381/334 725/382/335 726/383/336
f 287/384/337 278/385/338 276/354/318
f 253/348/312 276/386/318 285/387/334
f 291/388/339 295/389/340 294/390/341
f 673/391/319 262/392/320 252/393/308
f 256/394/322 284/395/309 262/396/320
f 264/397/342 735/337/302 258/336/301
f 285/387/334 737/398/343 255/375/332
f 263/342/307 280/399/316 257/359/321
f 293/400/344 282/401/306 281/402/345
f 276/354/318 278/385/338 285/381/334
f 286/403/310 673/404/319 252/405/308
f 279/406/346 293/400/344 281/402/345
f 285/387/334 255/375/332 253/348/312
f 278/385/338 290/407/347 279/406/346
f 286/408/310 729/409/348 673/356/319
f 264/410/342 727/370/328 736/369/327
f 673/356/319 729/409/348 733/411/349
f 284/345/309 252/344/308 262/412/320
f 290/413/347 294/390/341 293/414/344
f 289/415/350 291/388/339 290/413/347
f 279/416/346 725/417/335 278/418/338
f 287/419/337 292/420/315 291/388/339
f 256/362/322 734/421/305 737/422/343
f 294/423/341 283/350/314 282/401/306
f 50/55/51 34/54/50 49/95/83
f 182/266/233 328/186/154 323/424/351
f 323/424/351 377/425/352 373/254/221
f 328/186/154 379/270/237 377/425/352
f 325/426/353 324/253/220 374/255/222
f 194/427/354 324/253/220 325/426/353
f 194/427/354 326/428/355 304/22/356
f 305/23/357 326/428/355 327/429/358
f 305/23/357 329/430/359 311/25/360
f 311/25/360 332/431/361 315/6/217
f 326/428/355 374/255/222 375/432/362
f 327/429/358 375/432/362 376/433/363
f 332/431/361 378/434/364 381/256/223
f 329/430/359 376/433/363 378/434/364
f 381/256/223 376/433/363 375/432/362
f 370/435/365 346/436/366 430/437/367
f 353/438/368 315/439/217 343/440/369
f 342/441/370 349/442/371 405/443/372
f 343/440/369 318/39/38 353/438/368
f 408/444/373 364/445/374 316/446/375
f 410/447/376 347/448/377 336/449/378
f 368/450/379 436/451/380 367/452/381
f 194/453/354 312/454/382 313/455/383
f 309/456/186 341/457/384 314/458/218
f 20/53/49 352/459/385 34/54/50
f 305/460/357 410/447/376 308/461/386
f 317/462/387 335/463/388 123/464/389
f 320/61/56 341/457/384 319/99/86
f 427/465/390 189/466/234 194/467/354
f 341/457/384 315/439/217 314/458/218
f 182/468/233 189/466/234 154/469/391
f 182/468/233 316/446/375 310/470/152
f 408/444/373 352/459/385 409/471/392
f 312/454/382 307/472/393 313/455/383
f 313/455/383 346/473/366 339/474/394
f 334/475/395 154/476/391 333/477/396
f 338/478/397 123/464/389 335/463/388
f 339/474/394 427/479/390 313/455/383
f 344/480/398 337/79/68 347/448/377
f 355/481/399 425/482/400 354/82/71
f 365/483/401 434/484/402 371/485/403
f 410/447/376 353/438/368 344/480/398
f 345/87/76 353/438/368 318/39/38
f 348/486/404 312/454/382 308/461/386
f 308/461/386 336/449/378 348/486/404
f 369/487/405 437/488/406 365/483/401
f 367/452/381 435/92/81 366/489/107
f 371/485/403 438/490/407 368/450/379
f 304/491/356 308/461/386 312/454/382
f 351/492/408 322/493/409 338/478/397
f 352/459/385 838/96/84 409/471/392
f 316/446/375 309/456/186 310/470/152
f 342/441/370 425/482/400 364/445/374
f 319/99/86 355/481/399 354/82/71
f 189/466/234 426/494/410 154/469/391
f 372/101/88 405/443/372 406/495/411
f 384/103/90 342/441/370 372/101/88
f 123/496/389 322/493/409 408/444/373
f 123/496/389 408/444/373 317/497/387
f 408/444/373 316/446/375 317/497/387
f 357/498/412 340/108/413 339/499/394
f 358/500/414 333/111/396 356/501/415
f 361/502/416 335/503/388 360/504/417
f 362/505/418 339/499/394 346/436/366
f 333/111/396 383/506/419 356/501/415
f 334/112/395 360/504/417 335/503/388
f 351/121/408 53/120/98 34/122/50
f 363/507/420 338/115/397 361/502/416
f 382/118/421 359/508/422 383/506/419
f 370/435/365 400/124/423 401/509/424
f 369/510/405 396/511/425 400/124/423
f 356/501/415 390/128/426 358/500/414
f 383/506/419 388/512/427 356/501/415
f 368/131/379 398/513/428 399/514/429
f 367/133/381 397/134/106 398/513/428
f 363/507/420 387/136/108 53/120/98
f 359/508/422 403/515/430 383/506/419
f 360/504/417 390/128/426 392/516/431
f 360/504/417 393/138/432 361/502/416
f 362/505/418 401/509/424 394/517/433
f 371/518/403 399/514/429 402/519/434
f 361/502/416 395/520/435 363/507/420
f 359/508/422 389/521/436 391/522/437
f 365/127/401 402/519/434 396/511/425
f 357/498/412 394/517/433 389/521/436
f 405/146/438 386/147/118 385/523/439
f 349/149/440 404/151/441 408/150/442
f 349/149/440 385/523/439 404/151/441
f 841/154/443 321/524/444 350/525/445
f 408/150/446 409/155/447 350/525/445
f 412/526/448 418/527/449 419/528/450
f 411/529/451 421/530/452 418/527/449
f 413/531/453 419/528/450 422/532/454
f 421/530/452 417/533/455 423/534/456
f 414/165/137 422/532/454 424/166/138
f 423/534/456 415/168/140 420/170/142
f 423/534/456 407/535/457 841/536/458
f 424/166/138 405/537/459 406/172/144
f 408/538/460 423/534/456 409/539/461
f 422/532/454 349/540/462 405/537/459
f 408/538/460 418/527/449 421/530/452
f 419/528/450 408/538/460 349/540/462
f 342/441/370 354/82/71 425/482/400
f 355/481/399 364/445/374 425/482/400
f 316/446/375 154/469/391 317/497/387
f 340/541/413 426/542/410 427/479/390
f 426/542/410 333/477/396 154/476/391
f 427/479/390 194/453/354 313/455/383
f 430/437/367 369/510/405 370/435/365
f 430/543/367 307/472/393 431/544/463
f 348/486/404 429/545/464 432/546/465
f 431/544/463 348/486/404 432/546/465
f 347/448/377 433/183/150 428/547/466
f 336/449/378 428/547/466 429/545/464
f 307/472/393 306/548/467 431/544/463
f 437/488/406 432/546/465 434/484/402
f 436/451/380 433/183/150 435/92/81
f 434/484/402 429/545/464 438/490/407
f 438/490/407 428/547/466 436/451/380
f 430/543/367 431/544/463 437/488/406
f 346/473/366 307/472/393 430/543/367
f 440/549/468 442/550/469 447/551/470
f 457/552/471 444/553/472 458/554/473
f 452/555/474 450/556/475 439/557/476
f 448/558/477 450/556/475 441/559/478
f 454/560/479 443/561/480 445/562/481
f 444/553/472 446/563/482 449/564/483
f 441/559/478 440/549/468 448/558/477
f 441/559/478 450/556/475 452/555/474
f 447/551/470 453/565/484 454/560/479
f 443/561/480 456/566/485 445/562/481
f 455/567/486 458/554/473 456/566/485
f 469/568/487 459/569/488 467/570/489
f 459/569/488 460/571/490 461/572/491
f 462/573/492 463/574/493 464/575/494
f 465/215/495 498/576/496 466/216/497
f 472/577/498 474/578/499 483/579/500
f 476/580/501 489/581/502 490/582/503
f 484/583/504 471/584/505 482/585/506
f 480/586/507 473/587/508 482/585/506
f 486/588/509 475/589/510 485/590/511
f 476/580/501 481/591/512 478/592/513
f 472/577/498 473/587/508 480/586/507
f 473/587/508 484/583/504 482/585/506
f 479/593/514 485/590/511 474/578/499
f 488/594/515 475/589/510 477/595/516
f 490/582/503 487/596/517 488/594/515
f 491/597/518 468/598/519 470/599/520
f 491/597/518 493/600/521 492/601/522
f 494/602/523 496/603/524 495/604/525
f 497/247/526 499/249/527 498/605/496
f 459/569/488 470/599/520 467/570/489
f 496/603/524 467/570/489 470/599/520
f 463/574/493 467/570/489 464/575/494
f 470/599/520 495/604/525 496/603/524
f 495/604/525 469/568/487 463/574/493
f 296/606/528 497/247/529 465/252/530
f 484/583/504 441/559/478 452/555/474
f 485/590/511 443/561/480 453/565/484
f 446/563/482 481/591/512 449/564/483
f 481/591/512 444/553/472 449/564/483
f 445/562/481 486/588/509 454/560/479
f 489/581/502 446/563/482 457/552/471
f 486/588/509 447/551/470 454/560/479
f 451/607/531 474/578/499 442/550/469
f 447/551/470 472/577/498 440/549/468
f 474/578/499 453/565/484 442/550/469
f 480/586/507 450/556/475 448/558/477
f 450/556/475 471/584/505 439/557/476
f 441/559/478 483/579/500 451/607/531
f 471/584/505 452/555/474 439/557/476
f 475/589/510 455/567/486 443/561/480
f 458/554/473 488/594/515 456/566/485
f 487/596/517 457/552/471 455/567/486
f 444/553/472 490/582/503 458/554/473
f 472/577/498 448/558/477 440/549/468
f 460/571/490 493/600/521 461/572/491
f 493/600/521 459/569/488 461/572/491
f 468/598/519 460/571/490 469/568/487
f 464/575/494 494/602/523 462/573/492
f 498/576/496 499/608/527 466/216/497
f 465/252/495 497/247/526 498/605/496
f 456/566/485 477/595/516 445/562/481
f 506/609/532 501/610/533 500/611/534
f 500/611/534 501/610/533 502/612/535
f 670/613/536 505/614/537 506/609/532
f 513/615/538 508/616/539 512/617/540
f 507/618/541 509/619/542 508/616/539
f 669/620/543 512/617/540 671/621/544
f 502/622/535 508/623/539 509/624/542
f 502/622/535 507/625/541 500/626/534
f 501/627/533 512/628/540 508/623/539
f 506/629/532 669/630/543 670/630/536
f 504/631/545 510/632/546 503/633/547
f 500/626/534 513/634/538 506/629/532
f 523/635/548 518/636/549 522/637/550
f 526/638/551 516/639/552 524/640/553
f 514/641/554 523/635/548 522/637/550
f 521/642/555 524/640/553 518/636/549
f 517/269/236 526/638/551 521/642/555
f 516/639/552 527/643/556 520/644/557
f 528/645/558 514/641/554 519/646/559
f 463/574/493 494/602/523 495/604/525
f 529/647/560 530/648/561 531/649/562
f 532/650/563 534/651/564 533/652/565
f 531/649/562 532/650/563 529/647/560
f 530/648/561 532/650/563 533/652/565
f 204/653/566 665/283/250 535/285/252
f 549/654/567 538/303/568 548/312/569
f 546/655/570 550/305/571 552/656/572
f 551/657/573 546/655/570 552/656/572
f 541/658/574 549/654/567 547/311/575
f 547/311/575 546/655/570 542/659/576
f 546/655/570 548/312/569 543/660/577
f 539/661/578 552/656/572 544/662/579
f 552/656/572 540/663/580 544/662/579
f 564/664/581 553/665/582 563/666/583
f 561/667/584 565/319/585 567/668/586
f 566/669/587 561/667/584 567/668/586
f 556/670/588 564/664/581 562/671/589
f 562/671/589 561/667/584 557/672/590
f 561/667/584 563/666/583 558/673/591
f 554/674/592 567/668/586 559/675/593
f 567/668/586 555/676/594 559/675/593
f 600/410/595 714/370/596 594/677/597
f 568/356/598 720/411/599 716/409/600
f 716/409/600 578/408/601 568/356/598
f 586/385/602 574/407/603 575/678/604
f 585/406/605 571/400/606 574/407/603
f 582/401/607 571/400/606 583/402/608
f 586/385/602 577/384/609 588/354/610
f 570/390/611 574/413/603 571/414/606
f 569/389/612 573/388/613 570/390/611
f 573/388/613 575/415/604 574/413/603
f 572/420/614 577/419/609 573/388/613
f 588/354/610 579/381/615 586/385/602
f 578/403/601 672/405/616 568/404/598
f 712/417/617 585/416/605 586/418/602
f 579/381/615 712/382/617 586/385/602
f 580/345/618 602/412/619 672/344/616
f 579/387/615 611/348/620 609/375/621
f 611/348/620 579/387/615 588/386/610
f 717/357/622 568/356/598 602/358/619
f 607/359/623 587/347/624 584/399/625
f 611/348/620 587/347/624 610/349/626
f 581/350/627 572/351/614 569/679/612
f 588/354/610 576/353/628 587/355/624
f 581/350/627 570/423/611 582/401/607
f 584/352/625 576/353/628 572/351/614
f 610/377/626 597/372/629 604/373/630
f 609/680/621 598/681/631 591/682/632
f 605/332/633 597/372/629 596/331/634
f 607/368/623 590/376/635 610/377/626
f 603/330/636 596/331/634 598/681/631
f 601/367/637 594/366/597 607/368/623
f 602/360/619 593/361/638 599/683/639
f 606/336/640 715/684/641 600/397/595
f 608/362/642 721/421/643 593/361/638
f 606/336/640 717/338/622 722/337/644
f 592/339/645 719/371/646 714/370/596
f 721/340/643 592/339/645 593/334/638
f 595/333/647 723/369/648 715/685/641
f 593/334/638 595/333/647 599/335/639
f 598/364/631 589/363/649 591/365/632
f 596/379/634 590/378/635 589/363/649
f 611/348/620 604/380/630 605/686/633
f 611/348/620 603/374/636 609/375/621
f 608/394/642 602/396/619 580/395/618
f 601/342/637 584/399/625 581/687/627
f 724/398/650 579/387/615 609/375/621
f 601/342/637 582/341/607 606/343/640
f 352/459/385 351/492/408 34/54/50
f 298/688/651 499/249/652 497/247/529
f 466/689/653 299/690/654 297/691/655
f 465/252/530 297/691/655 296/606/528
f 623/692/656 612/693/657 622/694/658
f 620/695/659 624/289/660 626/696/661
f 616/292/662 626/696/661 625/293/663
f 615/294/664 623/692/656 621/697/665
f 621/697/665 620/698/659 616/699/662
f 620/698/659 622/694/658 617/700/666
f 613/701/667 626/696/661 618/301/668
f 626/696/661 614/300/669 618/301/668
f 515/702/670 195/272/239 187/271/238
f 195/272/239 525/703/671 193/262/229
f 517/269/236 191/259/226 188/268/235
f 196/265/232 301/704/672 300/705/673
f 186/273/240 300/705/673 303/706/674
f 523/635/548 517/269/236 521/642/555
f 528/645/558 301/704/672 523/635/548
f 519/646/559 300/705/673 528/645/558
f 527/643/556 525/703/671 302/707/675
f 527/643/556 515/702/670 520/644/557
f 417/533/455 414/165/137 415/168/140
f 416/708/676 413/531/453 417/533/455
f 416/708/676 411/529/451 412/526/448
f 414/165/137 105/163/135 415/168/140
f 414/165/137 103/161/133 105/163/135
f 413/531/453 414/165/137 417/533/455
f 416/708/676 412/526/448 413/531/453
f 101/160/132 104/164/136 102/157/129
f 102/157/129 104/164/136 103/161/133
f 103/161/133 104/164/136 105/163/135
f 627/709/677 630/710/678 631/711/679
f 631/711/679 628/712/680 627/709/677
f 635/713/681 638/714/682 637/715/683
f 639/716/684 635/713/681 636/717/685
f 632/718/686 630/710/678 633/719/687
f 628/712/680 632/718/686 634/720/688
f 632/718/686 638/714/682 639/716/684
f 636/717/685 632/718/686 639/716/684
f 640/721/689 642/722/690 641/723/691
f 643/724/692 644/725/693 645/726/694
f 642/722/690 643/724/692 645/726/694
f 643/724/692 641/723/691 644/725/693
f 646/727/695 647/728/696 648/729/697
f 649/730/698 651/731/699 650/732/700
f 648/729/697 649/730/698 646/727/695
f 647/728/696 649/730/698 650/732/700
f 205/733/701 536/282/249 206/284/251
f 400/124/423 94/144/115 81/130/104
f 530/648/561 534/651/564 531/649/562
f 198/276/243 202/279/246 201/278/245
f 298/688/651 297/691/655 299/690/654
f 652/734/702 655/735/703 656/736/704
f 647/728/696 651/731/699 648/729/697
f 641/723/691 645/726/694 644/725/693
f 656/736/704 653/737/705 652/734/702
f 660/738/706 663/739/707 662/715/708
f 664/740/709 660/738/706 661/741/710
f 657/718/711 655/735/703 658/742/712
f 653/737/705 657/718/711 659/720/713
f 657/718/711 663/739/707 664/740/709
f 661/741/710 657/718/711 664/740/709
f 503/633/547 671/743/544 668/744/714
f 504/631/545 666/745/715 511/746/716
f 511/747/716 666/748/715 510/749/546
f 504/750/545 503/751/547 667/752/717
f 668/744/714 512/628/540 505/753/537
f 667/754/717 669/630/543 666/745/715
f 669/620/543 510/749/546 666/748/715
f 503/751/547 670/613/536 667/752/717
f 672/344/616 578/346/601 580/345/618
f 568/391/598 672/393/616 602/392/619
f 267/372/330 254/377/313 260/373/331
f 255/680/332 266/681/324 261/330/295
f 685/755/718 674/756/719 684/757/720
f 682/758/721 686/759/722 688/760/723
f 687/761/724 682/758/721 688/760/723
f 677/762/725 685/755/718 683/763/726
f 683/763/726 682/758/721 678/764/727
f 682/758/721 684/757/720 679/765/728
f 675/766/729 688/760/723 680/767/730
f 688/760/723 676/768/731 680/767/730
f 700/769/732 689/756/733 699/757/734
f 697/770/735 701/771/736 703/772/737
f 702/761/738 697/770/735 703/772/737
f 692/762/739 700/769/732 698/763/740
f 698/763/740 697/770/735 693/764/741
f 697/770/735 699/757/734 694/765/742
f 690/766/743 703/772/737 695/767/744
f 703/772/737 691/768/745 695/767/744
f 704/661/746 707/773/747 705/774/748
f 708/661/749 711/773/750 710/775/751
f 718/776/752 712/417/617 578/408/601
f 724/422/650 591/682/632 721/421/643
f 719/371/646 590/378/635 594/677/597
f 714/370/596 723/369/648 592/339/645
f 718/776/752 583/777/608 585/416/605
f 715/685/641 723/369/648 600/410/595
f 724/398/650 580/395/618 713/778/753
f 713/383/753 578/346/601 712/382/617
f 720/411/599 717/357/622 606/343/640
f 715/684/641 722/337/644 595/779/647
f 717/338/622 599/683/639 595/779/647
f 719/371/646 591/365/632 589/363/649
f 720/411/599 582/341/607 583/777/608
f 731/776/754 286/408/310 725/417/335
f 273/682/325 737/422/343 734/421/305
f 270/677/326 275/363/323 732/371/329
f 727/370/328 272/339/304 736/369/327
f 731/776/754 281/777/345 729/409/348
f 728/685/755 264/410/342 736/369/327
f 284/395/309 737/398/343 726/778/336
f 286/346/310 726/383/336 725/382/335
f 733/411/349 258/343/301 730/357/303
f 728/684/755 269/779/298 735/337/302
f 269/779/298 262/360/320 730/338/303
f 732/371/329 273/365/325 734/340/305
f 281/777/345 258/343/301 733/411/349
f 743/780/756 740/781/757 742/782/758
f 738/783/759 742/782/758 739/784/760
f 749/780/761 746/781/762 747/785/763
f 744/783/764 748/782/765 749/780/761
f 739/784/760 744/783/764 738/783/759
f 742/782/758 745/784/766 739/784/760
f 749/780/761 741/785/767 743/780/756
f 740/781/757 748/782/765 742/782/758
f 744/783/764 743/780/756 738/783/759
f 747/785/763 740/781/757 741/785/767
f 758/786/768 757/787/769 751/788/770
f 756/789/771 758/786/768 751/788/770
f 754/790/772 758/786/768 756/789/771
f 752/791/773 758/786/768 759/792/774
f 753/793/775 759/792/774 755/794/776
f 750/795/777 759/792/774 754/790/772
f 767/796/778 751/788/770 766/797/779
f 765/798/780 751/788/770 767/796/778
f 763/799/781 767/796/778 768/800/782
f 767/796/778 761/801/783 768/800/782
f 768/800/782 762/802/784 764/803/785
f 760/804/786 768/800/782 764/803/785
f 751/788/770 757/787/769 766/797/779
f 756/789/771 751/788/770 765/798/780
f 757/787/769 761/801/783 766/797/779
f 754/790/772 760/804/786 750/795/777
f 753/793/775 761/801/783 752/791/773
f 755/794/776 762/802/784 753/793/775
f 756/789/771 763/799/781 754/790/772
f 750/795/777 764/803/785 755/794/776
f 774/780/787 771/781/788 772/785/789
f 769/783/790 773/782/791 774/780/787
f 780/780/792 777/781/793 779/782/794
f 775/783/795 779/782/794 776/784/796
f 770/784/797 775/783/795 776/784/796
f 773/782/791 776/784/796 779/782/794
f 772/785/789 780/780/792 774/780/787
f 771/781/788 779/782/794 777/781/793
f 774/780/787 775/783/795 769/783/790
f 771/781/788 778/785/798 772/785/789
f 789/786/799 782/788/800 788/787/801
f 787/789/802 782/788/800 789/786/799
f 785/790/803 789/786/799 790/792/804
f 789/786/799 783/791/805 790/792/804
f 790/792/804 784/793/806 786/794/807
f 781/795/808 790/792/804 786/794/807
f 798/796/809 797/797/810 782/788/800
f 796/798/811 798/796/809 782/788/800
f 794/799/812 798/796/809 796/798/811
f 792/801/813 798/796/809 799/800/814
f 793/802/815 799/800/814 795/803/816
f 791/804/817 799/800/814 794/799/812
f 782/788/800 797/797/810 788/787/801
f 787/789/802 796/798/811 782/788/800
f 788/787/801 792/801/813 783/791/805
f 791/804/817 785/790/803 781/795/808
f 792/801/813 784/793/806 783/791/805
f 784/793/806 795/803/816 786/794/807
f 794/799/812 787/789/802 785/790/803
f 786/794/807 791/804/817 781/795/808
f 817/805/818 804/806/819 815/807/820
f 817/805/818 803/808/821 805/809/822
f 810/806/823 813/810/824 814/811/825
f 813/810/824 809/808/826 812/812/827
f 813/810/824 807/813/828 808/814/829
f 806/815/830 813/810/824 808/814/829
f 801/813/831 817/805/818 802/814/832
f 800/816/833 817/805/818 815/807/820
f 824/609/834 819/610/835 823/614/836
f 818/611/837 820/612/838 819/610/835
f 836/613/839 823/614/836 834/817/840
f 831/615/841 826/616/842 825/618/843
f 825/618/843 826/616/842 827/619/844
f 835/620/845 830/617/846 831/615/841
f 820/622/838 826/623/842 819/627/835
f 825/625/843 820/622/838 818/626/837
f 819/627/835 830/628/846 823/753/836
f 835/630/845 824/629/834 836/630/839
f 828/632/847 822/631/848 821/633/849
f 831/634/841 818/626/837 824/629/834
f 837/743/850 821/633/849 834/744/840
f 822/631/848 832/745/851 833/754/852
f 829/747/853 828/749/847 832/748/851
f 822/750/848 833/752/852 821/751/849
f 830/628/846 834/744/840 823/753/836
f 833/754/852 835/630/845 836/630/839
f 828/749/847 835/620/845 832/748/851
f 836/613/839 821/751/849 833/752/852
f 47/149/120 96/151/122 80/152/123
f 840/818/854 409/471/392 838/96/84
f 99/97/85 840/818/854 838/96/84
f 841/819/855 840/818/854 407/820/854
f 841/154/443 350/525/445 409/155/447
f 840/818/854 839/821/856 407/820/854
f 839/154/125 321/524/444 407/822/857
f 12/1/1 27/8/8 29/2/2
f 11/3/3 29/2/2 30/4/4
f 30/4/4 31/14/14 17/6/6
f 3/7/7 22/15/15 27/8/8
f 23/9/9 22/15/15 3/7/7
f 75/13/13 73/17/17 69/11/11
f 69/11/11 70/19/19 77/12/12
f 77/12/12 76/16/16 75/13/13
f 30/4/4 76/16/16 77/12/12
f 23/9/9 70/19/19 69/11/11
f 29/2/2 75/13/13 76/16/16
f 22/15/15 69/11/11 73/17/17
f 27/8/8 73/17/17 75/13/13
f 5/20/20 24/18/18 23/9/9
f 25/21/21 24/18/18 5/20/20
f 7/23/23 26/26/26 25/21/21
f 28/24/24 26/26/26 7/23/23
f 31/14/14 28/24/24 13/25/25
f 25/21/21 71/27/27 70/19/19
f 26/26/26 72/29/29 71/27/27
f 31/14/14 77/12/12 74/28/28
f 28/24/24 74/28/28 72/29/29
f 77/12/12 70/19/19 71/27/27
f 71/27/27 72/29/29 74/28/28
f 67/30/30 116/179/79 44/31/31
f 17/33/6 13/823/25 51/34/33
f 41/36/35 97/102/89 47/37/36
f 318/39/38 320/61/56 42/35/34
f 98/40/39 18/106/59 62/38/37
f 45/41/40 43/80/69 100/42/41
f 65/44/43 64/91/80 120/45/44
f 14/47/46 6/94/22 5/48/20
f 40/50/48 52/81/70 11/51/3
f 100/42/41 13/823/25 7/56/23
f 35/58/53 33/74/64 19/59/54
f 320/61/56 319/99/86 40/50/48
f 4/62/10 112/100/87 113/63/57
f 40/50/48 16/52/5 17/33/6
f 3/65/7 12/824/1 18/67/59
f 98/40/39 99/97/85 50/55/51
f 14/47/46 15/49/47 9/69/61
f 44/71/31 9/69/61 15/49/47
f 2/73/58 19/59/54 33/74/64
f 1/60/55 21/68/60 37/76/66
f 38/72/63 15/49/47 113/77/57
f 337/79/68 345/87/76 43/80/69
f 63/84/73 68/93/82 119/85/74
f 51/34/33 13/823/25 100/42/41
f 345/87/76 318/39/38 51/34/33
f 14/47/46 8/70/62 46/88/77
f 36/43/42 100/42/41 10/57/52
f 66/89/78 63/84/73 121/86/75
f 64/91/80 366/489/107 435/92/81
f 68/93/82 65/44/43 122/46/45
f 10/57/52 7/56/23 6/94/22
f 49/95/83 37/76/66 21/68/60
f 838/96/84 20/53/49 50/55/51
f 18/67/59 12/824/1 11/51/3
f 319/99/86 354/82/71 52/81/70
f 372/101/88 406/495/411 97/102/89
f 55/107/91 38/116/63 39/108/67
f 56/110/93 54/129/103 32/111/65
f 59/113/94 58/119/97 35/114/53
f 38/116/63 55/107/91 60/32/32
f 32/111/65 54/129/103 79/117/95
f 58/119/97 56/110/93 33/112/64
f 53/120/98 61/123/99 49/121/83
f 61/123/99 59/113/94 37/115/66
f 57/109/92 39/108/67 78/118/96
f 67/30/30 93/139/111 92/124/100
f 66/125/78 92/124/100 89/126/101
f 83/128/102 81/130/104 54/129/103
f 81/130/104 95/137/109 79/117/95
f 65/131/43 91/141/112 90/132/105
f 64/133/80 90/132/105 397/134/106
f 387/136/108 88/142/113 61/123/99
f 95/137/109 84/825/858 57/109/92
f 58/119/97 85/826/859 83/128/102
f 86/138/110 85/826/859 58/119/97
f 60/32/32 87/145/116 93/139/111
f 68/140/82 94/144/115 91/141/112
f 88/142/113 86/138/110 59/113/94
f 57/109/92 84/825/858 82/143/114
f 63/127/73 89/126/101 94/144/115
f 55/107/91 82/143/114 87/145/116
f 97/146/117 80/152/123 386/147/118
f 106/156/128 101/160/132 102/157/129
f 108/159/131 104/164/136 101/160/132
f 107/158/130 102/157/129 103/161/133
f 108/159/131 110/167/139 105/163/135
f 109/162/134 103/161/133 414/165/137
f 110/167/139 420/170/142 415/168/140
f 110/167/139 99/827/860 839/169/141
f 839/169/141 407/535/457 420/170/142
f 97/171/143 109/162/134 424/166/138
f 98/173/145 99/827/860 110/167/139
f 47/174/146 107/158/130 109/162/134
f 98/173/145 106/156/128 107/158/130
f 354/82/71 384/103/90 41/36/35
f 62/38/37 11/51/3 52/81/70
f 112/176/87 78/178/96 39/78/67
f 112/176/87 2/828/58 32/177/65
f 115/181/148 36/43/42 46/88/77
f 117/180/147 118/182/149 46/88/77
f 433/183/150 337/79/68 45/41/40
f 114/184/151 45/41/40 36/43/42
f 121/86/75 119/85/74 118/182/149
f 120/45/44 435/92/81 433/183/150
f 119/85/74 122/46/45 115/181/148
f 122/46/45 120/45/44 114/184/151
f 310/1/152 309/218/186 330/185/153
f 125/187/155 132/203/171 127/188/156
f 129/190/158 131/202/170 142/191/159
f 139/198/166 130/205/173 128/199/167
f 125/187/155 136/189/157 126/197/165
f 132/203/171 139/198/166 138/200/168
f 141/204/172 140/206/174 128/199/167
f 143/192/160 142/191/159 140/206/174
f 144/207/175 145/211/179 152/208/176
f 309/218/186 314/5/218 331/219/187
f 156/220/188 167/250/219 158/221/189
f 173/223/191 162/234/202 160/224/192
f 170/231/199 169/236/204 159/232/200
f 157/230/198 167/250/219 156/220/188
f 163/222/190 158/221/189 169/236/204
f 159/232/200 171/238/206 172/237/205
f 171/238/206 173/223/191 174/225/193
f 151/239/207 176/242/210 175/240/208
f 144/207/175 150/209/177 153/241/209
f 180/246/214 153/241/209 150/209/177
f 150/209/177 152/208/176 148/214/182
f 179/245/213 151/239/207 153/241/209
f 152/208/176 151/239/207 179/245/213
f 315/6/217 332/431/361 331/219/187
f 126/197/165 157/230/198 168/226/194
f 128/199/167 159/232/200 169/236/204
f 131/202/170 134/201/169 165/235/203
f 129/190/158 160/224/192 165/235/203
f 130/205/173 139/198/166 170/231/199
f 131/202/170 162/234/202 173/223/191
f 132/203/171 163/222/190 170/231/199
f 136/189/157 127/188/156 158/221/189
f 132/203/171 125/187/155 156/220/188
f 138/200/168 169/236/204 158/221/189
f 135/195/163 166/227/195 164/229/197
f 135/195/163 124/194/162 155/228/196
f 126/197/165 136/189/157 167/250/219
f 137/193/161 168/226/194 155/228/196
f 140/206/174 171/238/206 159/232/200
f 143/192/160 141/204/172 172/237/205
f 142/191/159 173/223/191 171/238/206
f 129/190/158 143/192/160 174/225/193
f 133/196/164 164/229/197 156/220/188
f 145/211/179 146/210/178 177/243/211
f 144/207/175 175/240/208 177/243/211
f 145/211/179 176/242/210 151/239/207
f 149/213/181 147/212/180 178/244/212
f 141/204/172 130/205/173 161/233/201
f 324/253/220 323/424/351 373/254/221
f 331/219/187 332/431/361 381/256/223
f 185/258/225 188/268/235 191/259/226
f 184/261/228 195/272/239 193/262/229
f 183/264/231 190/260/227 191/259/226
f 182/266/233 323/424/351 324/253/220
f 192/263/230 193/262/229 188/268/235
f 193/262/229 525/703/671 517/269/236
f 330/185/153 331/219/187 380/257/224
f 373/254/221 377/425/352 379/270/237
f 379/270/237 380/257/224 381/256/223
f 381/256/223 374/255/222 373/254/221
f 178/244/212 147/212/180 148/214/182
f 199/275/242 197/274/241 200/277/244
f 200/277/244 197/274/241 198/276/243
f 665/283/250 205/733/701 206/284/251
f 218/286/253 217/298/263 207/287/254
f 219/289/256 212/829/861 215/290/257
f 221/291/258 215/290/257 211/292/259
f 218/286/253 214/288/255 210/294/261
f 215/296/257 218/286/253 216/295/262
f 215/296/257 212/830/861 217/298/263
f 208/299/264 213/301/266 221/291/258
f 209/300/265 219/289/256 221/291/258
f 233/302/267 232/312/277 222/303/268
f 234/305/270 227/660/862 230/306/271
f 235/308/273 236/307/272 230/306/271
f 233/302/267 229/304/269 225/310/275
f 230/306/271 233/302/267 231/311/276
f 230/306/271 227/660/862 232/312/277
f 223/313/278 228/315/280 236/307/272
f 224/314/279 234/305/270 236/307/272
f 248/316/281 247/326/291 237/317/282
f 249/319/284 242/673/863 245/320/285
f 250/322/287 251/321/286 245/320/285
f 248/316/281 244/318/283 240/324/289
f 245/320/285 248/316/281 246/325/290
f 245/320/285 242/673/863 247/326/291
f 238/327/292 243/329/294 251/321/286
f 239/328/293 249/319/284 251/321/286
f 261/330/295 266/681/324 268/331/296
f 269/333/298 272/339/304 271/334/299
f 272/339/304 732/371/329 734/340/305
f 282/341/306 283/687/314 263/342/307
f 277/347/311 276/386/318 253/348/312
f 283/350/314 295/679/340 292/351/315
f 288/353/317 287/384/337 276/354/318
f 280/352/316 292/351/315 288/353/317
f 673/356/319 733/411/349 730/357/303
f 257/359/321 280/399/316 277/347/311
f 262/360/320 265/683/300 271/361/299
f 275/363/323 268/379/296 266/364/324
f 270/366/326 264/397/342 263/367/307
f 269/333/298 728/685/755 736/369/327
f 259/332/297 268/331/296 267/372/330
f 261/374/295 259/686/297 253/348/312
f 274/376/333 270/366/326 257/368/321
f 274/378/333 267/831/330 268/379/296
f 253/348/312 259/686/297 260/380/331
f 285/381/334 278/385/338 725/382/335
f 287/384/337 289/678/350 278/385/338
f 291/388/339 292/420/315 295/389/340
f 258/336/301 263/367/307 264/397/342
f 264/397/342 728/684/755 735/337/302
f 285/387/334 726/778/336 737/398/343
f 263/342/307 283/687/314 280/399/316
f 293/400/344 294/423/341 282/401/306
f 279/406/346 290/407/347 293/400/344
f 278/385/338 289/678/350 290/407/347
f 286/408/310 731/776/754 729/409/348
f 264/410/342 270/677/326 727/370/328
f 290/413/347 291/388/339 294/390/341
f 289/415/350 287/419/337 291/388/339
f 279/416/346 731/776/754 725/417/335
f 287/419/337 288/832/317 292/420/315
f 256/362/322 271/361/299 734/421/305
f 294/423/341 295/679/340 283/350/314
f 182/266/233 310/1/152 328/186/154
f 323/424/351 328/186/154 377/425/352
f 328/186/154 330/185/153 379/270/237
f 194/427/354 189/267/234 324/253/220
f 194/427/354 325/426/353 326/428/355
f 305/23/357 304/22/356 326/428/355
f 305/23/357 327/429/358 329/430/359
f 311/25/360 329/430/359 332/431/361
f 326/428/355 325/426/353 374/255/222
f 327/429/358 326/428/355 375/432/362
f 332/431/361 329/430/359 378/434/364
f 329/430/359 327/429/358 376/433/363
f 375/432/362 374/255/222 381/256/223
f 381/256/223 378/434/364 376/433/363
f 370/435/365 362/505/418 346/436/366
f 353/438/368 311/833/360 315/439/217
f 342/441/370 364/445/374 349/442/371
f 343/440/369 320/61/56 318/39/38
f 408/444/373 349/442/371 364/445/374
f 410/447/376 344/480/398 347/448/377
f 368/450/379 438/490/407 436/451/380
f 194/453/354 304/491/356 312/454/382
f 309/456/186 355/481/399 341/457/384
f 305/460/357 311/833/360 410/447/376
f 317/462/387 334/475/395 335/463/388
f 320/61/56 343/440/369 341/457/384
f 427/465/390 426/494/410 189/466/234
f 341/457/384 343/440/369 315/439/217
f 182/468/233 154/469/391 316/446/375
f 408/444/373 322/493/409 352/459/385
f 312/454/382 306/548/467 307/472/393
f 313/455/383 307/472/393 346/473/366
f 334/475/395 317/462/387 154/476/391
f 338/478/397 322/493/409 123/464/389
f 339/474/394 340/541/413 427/479/390
f 344/480/398 345/87/76 337/79/68
f 365/483/401 437/488/406 434/484/402
f 410/447/376 311/833/360 353/438/368
f 345/87/76 344/480/398 353/438/368
f 348/486/404 306/548/467 312/454/382
f 308/461/386 410/447/376 336/449/378
f 369/487/405 430/543/367 437/488/406
f 367/452/381 436/451/380 435/92/81
f 371/485/403 434/484/402 438/490/407
f 304/491/356 305/460/357 308/461/386
f 351/492/408 352/459/385 322/493/409
f 352/459/385 20/53/49 838/96/84
f 316/446/375 364/445/374 309/456/186
f 319/99/86 341/457/384 355/481/399
f 372/101/88 342/441/370 405/443/372
f 357/498/412 359/508/422 340/108/413
f 358/500/414 334/112/395 333/111/396
f 361/502/416 338/115/397 335/503/388
f 362/505/418 357/498/412 339/499/394
f 333/111/396 382/118/421 383/506/419
f 334/112/395 358/500/414 360/504/417
f 351/121/408 363/507/420 53/120/98
f 363/507/420 351/121/408 338/115/397
f 382/118/421 340/108/413 359/508/422
f 370/435/365 369/510/405 400/124/423
f 369/510/405 365/127/401 396/511/425
f 356/501/415 388/512/427 390/128/426
f 383/506/419 403/515/430 388/512/427
f 368/131/379 367/133/381 398/513/428
f 367/133/381 366/135/107 397/134/106
f 363/507/420 395/520/435 387/136/108
f 359/508/422 391/522/437 403/515/430
f 360/504/417 358/500/414 390/128/426
f 360/504/417 392/516/431 393/138/432
f 362/505/418 370/435/365 401/509/424
f 371/518/403 368/131/379 399/514/429
f 361/502/416 393/138/432 395/520/435
f 359/508/422 357/498/412 389/521/436
f 365/127/401 371/518/403 402/519/434
f 357/498/412 362/505/418 394/517/433
f 405/146/438 406/148/119 386/147/118
f 349/149/440 405/146/438 385/523/439
f 841/154/443 407/822/857 321/524/444
f 412/526/448 411/529/451 418/527/449
f 411/529/451 416/708/676 421/530/452
f 413/531/453 412/526/448 419/528/450
f 421/530/452 416/708/676 417/533/455
f 414/165/137 413/531/453 422/532/454
f 423/534/456 417/533/455 415/168/140
f 841/536/458 409/539/461 423/534/456
f 423/534/456 420/170/142 407/535/457
f 424/166/138 422/532/454 405/537/459
f 408/538/460 421/530/452 423/534/456
f 422/532/454 419/528/450 349/540/462
f 419/528/450 418/527/449 408/538/460
f 342/441/370 384/103/90 354/82/71
f 355/481/399 309/456/186 364/445/374
f 340/541/413 382/834/421 426/542/410
f 426/542/410 382/834/421 333/477/396
f 348/486/404 336/449/378 429/545/464
f 431/544/463 306/548/467 348/486/404
f 347/448/377 337/79/68 433/183/150
f 336/449/378 347/448/377 428/547/466
f 437/488/406 431/544/463 432/546/465
f 436/451/380 428/547/466 433/183/150
f 434/484/402 432/546/465 429/545/464
f 438/490/407 429/545/464 428/547/466
f 440/549/468 451/607/531 442/550/469
f 457/552/471 446/563/482 444/553/472
f 454/560/479 453/565/484 443/561/480
f 441/559/478 451/607/531 440/549/468
f 447/551/470 442/550/469 453/565/484
f 443/561/480 455/567/486 456/566/485
f 455/567/486 457/552/471 458/554/473
f 469/568/487 460/571/490 459/569/488
f 472/577/498 479/593/514 474/578/499
f 476/580/501 478/592/513 489/581/502
f 486/588/509 477/595/516 475/589/510
f 472/577/498 483/579/500 473/587/508
f 479/593/514 486/588/509 485/590/511
f 488/594/515 487/596/517 475/589/510
f 490/582/503 489/581/502 487/596/517
f 491/597/518 492/601/522 468/598/519
f 459/569/488 491/597/518 470/599/520
f 496/603/524 464/575/494 467/570/489
f 463/574/493 469/568/487 467/570/489
f 470/599/520 468/598/519 495/604/525
f 495/604/525 468/598/519 469/568/487
f 296/606/528 298/688/651 497/247/529
f 484/583/504 473/587/508 441/559/478
f 485/590/511 475/589/510 443/561/480
f 446/563/482 478/592/513 481/591/512
f 481/591/512 476/580/501 444/553/472
f 445/562/481 477/595/516 486/588/509
f 489/581/502 478/592/513 446/563/482
f 486/588/509 479/593/514 447/551/470
f 451/607/531 483/579/500 474/578/499
f 447/551/470 479/593/514 472/577/498
f 474/578/499 485/590/511 453/565/484
f 480/586/507 482/585/506 450/556/475
f 450/556/475 482/585/506 471/584/505
f 441/559/478 473/587/508 483/579/500
f 471/584/505 484/583/504 452/555/474
f 475/589/510 487/596/517 455/567/486
f 458/554/473 490/582/503 488/594/515
f 487/596/517 489/581/502 457/552/471
f 444/553/472 476/580/501 490/582/503
f 472/577/498 480/586/507 448/558/477
f 460/571/490 492/601/522 493/600/521
f 493/600/521 491/597/518 459/569/488
f 468/598/519 492/601/522 460/571/490
f 464/575/494 496/603/524 494/602/523
f 456/566/485 488/594/515 477/595/516
f 506/609/532 505/614/537 501/610/533
f 670/613/536 668/817/714 505/614/537
f 513/615/538 507/618/541 508/616/539
f 669/620/543 513/615/538 512/617/540
f 502/622/535 501/627/533 508/623/539
f 502/622/535 509/624/542 507/625/541
f 501/627/533 505/753/537 512/628/540
f 506/629/532 513/634/538 669/630/543
f 504/631/545 511/746/716 510/632/546
f 500/626/534 507/625/541 513/634/538
f 523/635/548 521/642/555 518/636/549
f 526/638/551 527/643/556 516/639/552
f 514/641/554 528/645/558 523/635/548
f 521/642/555 526/638/551 524/640/553
f 517/269/236 525/703/671 526/638/551
f 463/574/493 462/573/492 494/602/523
f 531/649/562 534/651/564 532/650/563
f 530/648/561 529/647/560 532/650/563
f 549/654/567 545/835/864 538/303/568
f 546/655/570 543/660/577 550/305/571
f 551/657/573 542/659/576 546/655/570
f 541/658/574 545/835/864 549/654/567
f 547/311/575 549/654/567 546/655/570
f 546/655/570 549/654/567 548/312/569
f 539/661/578 551/657/573 552/656/572
f 552/656/572 550/305/571 540/663/580
f 564/664/581 560/318/865 553/665/582
f 561/667/584 558/673/591 565/319/585
f 566/669/587 557/672/590 561/667/584
f 556/670/588 560/318/865 564/664/581
f 562/671/589 564/664/581 561/667/584
f 561/667/584 564/664/581 563/666/583
f 554/674/592 566/669/587 567/668/586
f 567/668/586 565/319/585 555/676/594
f 600/410/595 723/369/648 714/370/596
f 716/409/600 718/776/752 578/408/601
f 586/385/602 585/406/605 574/407/603
f 585/406/605 583/402/608 571/400/606
f 582/401/607 570/423/611 571/400/606
f 586/385/602 575/678/604 577/384/609
f 570/390/611 573/388/613 574/413/603
f 569/389/612 572/420/614 573/388/613
f 573/388/613 577/419/609 575/415/604
f 572/420/614 576/832/628 577/419/609
f 712/417/617 718/776/752 585/416/605
f 579/381/615 713/383/753 712/382/617
f 717/357/622 720/411/599 568/356/598
f 607/359/623 610/349/626 587/347/624
f 611/348/620 588/386/610 587/347/624
f 581/350/627 584/352/625 572/351/614
f 588/354/610 577/384/609 576/353/628
f 581/350/627 569/679/612 570/423/611
f 584/352/625 587/355/624 576/353/628
f 610/377/626 590/376/635 597/372/629
f 609/680/621 603/330/636 598/681/631
f 605/332/633 604/373/630 597/372/629
f 607/368/623 594/366/597 590/376/635
f 603/330/636 605/332/633 596/331/634
f 601/367/637 600/397/595 594/366/597
f 602/360/619 608/362/642 593/361/638
f 600/397/595 601/367/637 606/336/640
f 606/336/640 722/337/644 715/684/641
f 608/362/642 724/422/650 721/421/643
f 721/340/643 719/371/646 592/339/645
f 595/333/647 592/339/645 723/369/648
f 593/334/638 592/339/645 595/333/647
f 598/364/631 596/379/634 589/363/649
f 596/379/634 597/831/629 590/378/635
f 611/348/620 610/349/626 604/380/630
f 611/348/620 605/686/633 603/374/636
f 601/342/637 607/359/623 584/399/625
f 724/398/650 713/778/753 579/387/615
f 601/342/637 581/687/627 582/341/607
f 298/688/651 299/690/654 499/249/652
f 466/689/653 499/249/652 299/690/654
f 465/252/530 466/689/653 297/691/655
f 623/692/656 619/288/866 612/693/657
f 620/695/659 617/836/666 624/289/660
f 616/292/662 620/695/659 626/696/661
f 615/294/664 619/288/866 623/692/656
f 621/697/665 623/692/656 620/698/659
f 620/698/659 623/692/656 622/694/658
f 613/701/667 625/293/663 626/696/661
f 626/696/661 624/289/660 614/300/669
f 515/702/670 302/707/675 195/272/239
f 195/272/239 302/707/675 525/703/671
f 517/269/236 301/704/672 191/259/226
f 196/265/232 191/259/226 301/704/672
f 186/273/240 196/265/232 300/705/673
f 523/635/548 301/704/672 517/269/236
f 528/645/558 300/705/673 301/704/672
f 519/646/559 303/706/674 300/705/673
f 527/643/556 526/638/551 525/703/671
f 527/643/556 302/707/675 515/702/670
f 627/709/677 629/837/867 630/710/678
f 635/713/681 639/716/684 638/714/682
f 632/718/686 631/711/679 630/710/678
f 628/712/680 631/711/679 632/718/686
f 632/718/686 633/719/687 638/714/682
f 636/717/685 634/720/688 632/718/686
f 642/722/690 640/721/689 643/724/692
f 643/724/692 640/721/689 641/723/691
f 648/729/697 651/731/699 649/730/698
f 647/728/696 646/727/695 649/730/698
f 205/733/701 537/280/247 536/282/249
f 81/130/104 83/128/102 85/826/859
f 85/826/859 86/138/110 88/142/113
f 88/142/113 387/136/108 395/520/435
f 395/520/435 393/138/432 392/516/431
f 392/516/431 390/128/426 388/512/427
f 388/512/427 403/515/430 391/522/437
f 391/522/437 389/521/436 394/517/433
f 394/517/433 401/509/424 400/124/423
f 400/124/423 396/511/425 402/519/434
f 402/519/434 399/514/429 398/513/428
f 398/513/428 397/134/106 90/132/105
f 90/132/105 91/141/112 94/144/115
f 94/144/115 89/126/101 92/124/100
f 92/124/100 93/139/111 87/145/116
f 87/145/116 82/143/114 84/825/858
f 84/825/858 95/137/109 81/130/104
f 81/130/104 85/826/859 88/142/113
f 88/142/113 395/520/435 392/516/431
f 392/516/431 388/512/427 391/522/437
f 391/522/437 394/517/433 400/124/423
f 400/124/423 402/519/434 398/513/428
f 398/513/428 90/132/105 94/144/115
f 94/144/115 92/124/100 87/145/116
f 87/145/116 84/825/858 81/130/104
f 81/130/104 88/142/113 392/516/431
f 392/516/431 391/522/437 400/124/423
f 400/124/423 398/513/428 94/144/115
f 94/144/115 87/145/116 81/130/104
f 81/130/104 392/516/431 400/124/423
f 530/648/561 533/652/565 534/651/564
f 198/276/243 199/275/242 202/279/246
f 298/688/651 296/606/528 297/691/655
f 652/734/702 654/837/868 655/735/703
f 647/728/696 650/732/700 651/731/699
f 641/723/691 642/722/690 645/726/694
f 660/738/706 664/740/709 663/739/707
f 657/718/711 656/736/704 655/735/703
f 653/737/705 656/736/704 657/718/711
f 657/718/711 658/742/712 663/739/707
f 661/741/710 659/720/713 657/718/711
f 503/633/547 510/632/546 671/743/544
f 504/631/545 667/754/717 666/745/715
f 668/744/714 671/743/544 512/628/540
f 667/754/717 670/630/536 669/630/543
f 669/620/543 671/621/544 510/749/546
f 503/751/547 668/817/714 670/613/536
f 267/372/330 274/376/333 254/377/313
f 255/680/332 273/682/325 266/681/324
f 685/755/718 681/838/869 674/756/719
f 682/758/721 679/839/728 686/759/722
f 687/761/724 678/840/727 682/758/721
f 677/762/725 681/838/869 685/755/718
f 683/763/726 685/755/718 682/758/721
f 682/758/721 685/755/718 684/757/720
f 675/766/729 687/761/724 688/760/723
f 688/760/723 686/759/722 676/768/731
f 700/769/732 696/838/870 689/756/733
f 697/770/735 694/839/742 701/771/736
f 702/761/738 693/840/741 697/770/735
f 692/762/739 696/838/870 700/769/732
f 698/763/740 700/769/732 697/770/735
f 697/770/735 700/769/732 699/757/734
f 690/766/743 702/761/738 703/772/737
f 703/772/737 701/771/736 691/768/745
f 704/661/746 706/775/871 707/773/747
f 708/661/749 709/774/872 711/773/750
f 724/422/650 609/680/621 591/682/632
f 594/677/597 714/370/596 719/371/646
f 719/371/646 589/363/649 590/378/635
f 718/776/752 716/409/600 583/777/608
f 724/398/650 608/394/642 580/395/618
f 713/383/753 580/345/618 578/346/601
f 595/779/647 722/337/644 717/338/622
f 717/338/622 602/360/619 599/683/639
f 719/371/646 721/340/643 591/365/632
f 583/777/608 716/409/600 720/411/599
f 720/411/599 606/343/640 582/341/607
f 273/682/325 255/680/332 737/422/343
f 732/371/329 727/370/328 270/677/326
f 270/677/326 274/378/333 275/363/323
f 731/776/754 279/416/346 281/777/345
f 284/395/309 256/394/322 737/398/343
f 286/346/310 284/345/309 726/383/336
f 730/338/303 735/337/302 269/779/298
f 269/779/298 265/683/300 262/360/320
f 732/371/329 275/363/323 273/365/325
f 733/411/349 729/409/348 281/777/345
f 281/777/345 282/341/306 258/343/301
f 743/780/756 741/785/767 740/781/757
f 738/783/759 743/780/756 742/782/758
f 749/780/761 748/782/765 746/781/762
f 744/783/764 745/784/766 748/782/765
f 739/784/760 745/784/766 744/783/764
f 742/782/758 748/782/765 745/784/766
f 749/780/761 747/785/763 741/785/767
f 740/781/757 746/781/762 748/782/765
f 744/783/764 749/780/761 743/780/756
f 747/785/763 746/781/762 740/781/757
f 754/790/772 759/792/774 758/786/768
f 752/791/773 757/787/769 758/786/768
f 753/793/775 752/791/773 759/792/774
f 750/795/777 755/794/776 759/792/774
f 763/799/781 765/798/780 767/796/778
f 767/796/778 766/797/779 761/801/783
f 768/800/782 761/801/783 762/802/784
f 760/804/786 763/799/781 768/800/782
f 757/787/769 752/791/773 761/801/783
f 754/790/772 763/799/781 760/804/786
f 753/793/775 762/802/784 761/801/783
f 755/794/776 764/803/785 762/802/784
f 756/789/771 765/798/780 763/799/781
f 750/795/777 760/804/786 764/803/785
f 774/780/787 773/782/791 771/781/788
f 769/783/790 770/784/797 773/782/791
f 780/780/792 778/785/798 777/781/793
f 775/783/795 780/780/792 779/782/794
f 770/784/797 769/783/790 775/783/795
f 773/782/791 770/784/797 776/784/796
f 772/785/789 778/785/798 780/780/792
f 771/781/788 773/782/791 779/782/794
f 774/780/787 780/780/792 775/783/795
f 771/781/788 777/781/793 778/785/798
f 785/790/803 787/789/802 789/786/799
f 789/786/799 788/787/801 783/791/805
f 790/792/804 783/791/805 784/793/806
f 781/795/808 785/790/803 790/792/804
f 794/799/812 799/800/814 798/796/809
f 792/801/813 797/797/810 798/796/809
f 793/802/815 792/801/813 799/800/814
f 791/804/817 795/803/816 799/800/814
f 788/787/801 797/797/810 792/801/813
f 791/804/817 794/799/812 785/790/803
f 792/801/813 793/802/815 784/793/806
f 784/793/806 793/802/815 795/803/816
f 794/799/812 796/798/811 787/789/802
f 786/794/807 795/803/816 791/804/817
f 817/805/818 805/809/822 804/806/819
f 817/805/818 816/812/873 803/808/821
f 810/806/823 811/841/874 813/810/824
f 813/810/824 811/841/874 809/808/826
f 813/810/824 812/812/827 807/813/828
f 806/815/830 814/811/825 813/810/824
f 801/813/831 816/812/873 817/805/818
f 800/816/833 802/814/832 817/805/818
f 824/609/834 818/611/837 819/610/835
f 836/613/839 824/609/834 823/614/836
f 831/615/841 830/617/846 826/616/842
f 835/620/845 837/621/850 830/617/846
f 820/622/838 827/624/844 826/623/842
f 825/625/843 827/624/844 820/622/838
f 819/627/835 826/623/842 830/628/846
f 835/630/845 831/634/841 824/629/834
f 828/632/847 829/746/853 822/631/848
f 831/634/841 825/625/843 818/626/837
f 837/743/850 828/632/847 821/633/849
f 822/631/848 829/746/853 832/745/851
f 830/628/846 837/743/850 834/744/840
f 833/754/852 832/745/851 835/630/845
f 828/749/847 837/621/850 835/620/845
f 836/613/839 834/817/840 821/751/849
f 840/818/854 841/819/855 409/471/392
f 99/97/85 839/821/856 840/818/854
f 839/154/125 48/153/124 321/524/444
o body
v 0.031880 1.349041 -0.015079
v 0.029664 1.349147 0.024217
v -0.300119 1.242376 0.066799
v -0.311725 1.269952 -0.044441
v -0.031880 1.349041 -0.015079
v -0.029664 1.349147 0.024217
v 0.028959 1.281025 -0.004489
v -0.000000 1.280911 0.041246
v 0.026819 1.280859 0.025602
v -0.028959 1.281025 -0.004489
v -0.026819 1.280859 0.025602
v -0.040009 1.277593 -0.023224
v 0.027758 1.244503 -0.003803
v -0.027758 1.244503 -0.003803
v 0.025639 1.244474 0.024930
v -0.000000 1.244537 -0.012752
v -0.025639 1.244474 0.024930
v 0.082309 1.204589 0.020202
v 0.079501 1.201066 -0.013503
v 0.523657 1.230189 0.043059
v 0.523672 1.256929 -0.033787
v 0.523946 1.127521 -0.077158
v 0.082499 1.173745 -0.013503
v 0.086258 1.168317 0.021357
v 0.521774 1.103197 0.057505
v 0.352195 1.204054 -0.026640
v 0.346144 1.168717 -0.028381
v 0.345087 1.166492 0.009185
v 0.347524 1.186162 0.007612
v -0.000000 0.797357 0.093031
v -0.135452 0.809780 0.061793
v -0.123701 0.823040 -0.026459
v -0.000000 0.809221 -0.040644
v -0.127823 0.845521 0.064063
v -0.000000 0.846190 -0.037238
v -0.112981 0.844478 -0.027663
v -0.000000 0.846190 0.097745
v -0.046495 0.773582 -0.052599
v -0.016497 0.846107 -0.055853
v -0.042687 0.792872 0.089561
v -0.050091 0.845915 0.093275
v -0.009877 0.766192 0.026014
v -0.000000 0.764164 0.027299
v 0.096658 0.204862 0.028941
v 0.098677 0.204855 -0.000907
v 0.065885 0.204859 0.029662
v 0.064400 0.204848 -0.014510
v 0.058331 0.204856 0.011714
v 0.141603 0.785182 -0.012049
v 0.049567 0.759544 -0.038672
v 0.031047 0.770731 0.088145
v 0.014090 0.767410 0.025504
v 0.135702 0.791032 0.063622
v 0.106861 0.488953 0.013590
v 0.052647 0.488943 0.055931
v 0.102525 0.488936 0.053601
v 0.054910 0.488975 -0.007708
v 0.046188 0.488959 0.021256
v 0.118529 0.331771 -0.006816
v 0.056224 0.331772 0.040741
v 0.114768 0.331773 0.034372
v 0.053935 0.331769 -0.038651
v 0.043164 0.331772 0.013386
v -0.058331 0.204856 0.011714
v -0.141603 0.785182 -0.012049
v -0.049567 0.759544 -0.038672
v -0.031047 0.770731 0.088145
v -0.014090 0.767410 0.025504
v -0.135702 0.791032 0.063622
v -0.106861 0.488953 0.013590
v -0.052647 0.488943 0.055931
v -0.102525 0.488936 0.053601
v -0.054910 0.488975 -0.007708
v -0.046188 0.488959 0.021256
v -0.118529 0.331771 -0.006816
v -0.056224 0.331772 0.040741
v -0.114768 0.331773 0.034372
v -0.053935 0.331769 -0.038651
v -0.043164 0.331772 0.013386
v -0.084857 0.204861 0.031565
v -0.083408 0.780889 0.084916
v -0.083589 0.488942 0.062934
v -0.088149 0.331773 0.043984
v 0.084857 0.204861 0.031565
v 0.083408 0.780889 0.084916
v 0.083589 0.488942 0.062934
v 0.088149 0.331773 0.043984
v -0.078974 0.845779 0.089657
v -0.081454 0.806376 0.090168
v -0.093632 0.087138 0.028734
v -0.095360 0.087127 0.000879
v -0.065981 0.087133 0.025943
v -0.064291 0.087116 -0.010465
v -0.058343 0.087129 0.010900
v -0.084064 0.087136 0.027342
v -0.064400 0.204848 -0.014510
v -0.096658 0.204862 0.028941
v -0.098677 0.204855 -0.000907
v -0.065885 0.204859 0.029662
v 0.093632 0.087138 0.028734
v 0.095360 0.087127 0.000879
v 0.065981 0.087133 0.025943
v 0.064291 0.087116 -0.010465
v 0.058343 0.087129 0.010900
v 0.084064 0.087136 0.027342
v 0.078066 0.016876 0.020522
v 0.054706 0.016873 0.020796
v 0.095796 0.092657 0.032128
v 0.102765 0.092178 0.004297
v 0.056902 0.092420 0.039289
v 0.051610 0.092555 -0.018969
v 0.050544 0.092570 0.006875
v 0.075333 0.092531 0.036162
v 0.087328 0.092563 -0.018199
v 0.107263 0.028939 0.013902
v 0.109595 0.028373 -0.013607
v 0.046016 0.028929 0.026757
v 0.052635 0.028890 -0.030934
v 0.043412 0.028920 -0.004235
v 0.087757 0.028909 -0.036267
v 0.077304 0.029982 0.150218
v 0.093745 0.032157 0.132138
v 0.057967 0.029980 0.133097
v 0.074788 0.008701 0.150218
v 0.096276 0.008704 0.132138
v 0.050427 0.008698 0.133097
v 0.104866 0.049670 0.073749
v 0.076824 0.058903 0.075166
v 0.052325 0.058900 0.077984
v 0.037873 0.008883 0.083791
v 0.111187 0.008893 0.075124
v 0.108118 0.067879 0.015327
v 0.088293 0.067870 -0.031171
v 0.050462 0.067848 -0.033761
v 0.047522 0.067870 0.043569
v 0.044392 0.067891 0.000156
v 0.111311 0.067376 -0.010879
v 0.097982 0.012371 0.130415
v 0.074803 0.012369 0.147125
v 0.048292 0.012366 0.131301
v 0.113518 0.015341 0.077093
v 0.036023 0.013951 0.084947
v -0.074127 0.841837 -0.053836
v -0.089202 0.816723 -0.056061
v -0.087476 0.776397 -0.039106
v -0.076648 0.488966 -0.005546
v -0.079974 0.331770 -0.036067
v -0.071492 0.087123 -0.004355
v -0.073683 0.204853 -0.010019
v 0.073683 0.204853 -0.010019
v 0.087476 0.776397 -0.039106
v 0.076648 0.488966 -0.005546
v 0.079974 0.331770 -0.036067
v 0.071492 0.087123 -0.004355
v 0.099978 0.016880 0.019075
v 0.135452 0.809780 0.061793
v 0.123701 0.823040 -0.026459
v 0.112981 0.844478 -0.027663
v 0.049437 0.790449 -0.052867
v 0.016497 0.846107 -0.055853
v 0.042687 0.792872 0.089561
v 0.009877 0.766192 0.026014
v 0.081454 0.806376 0.090168
v 0.074127 0.841837 -0.053836
v 0.089202 0.816723 -0.056061
v 0.127823 0.845521 0.064063
v 0.050091 0.845915 0.093275
v 0.078974 0.845779 0.089657
v 0.107278 0.017228 0.013902
v 0.046050 0.017219 0.026757
v 0.078911 0.017223 0.026371
v 0.074788 0.001021 0.150218
v 0.096276 0.001024 0.132138
v 0.050427 0.001018 0.133097
v 0.106534 0.016175 -0.008048
v 0.054512 0.016631 -0.023314
v 0.045826 0.016657 0.002798
v 0.087874 0.016647 -0.028014
v 0.037873 0.001203 0.083791
v 0.074741 0.001208 0.079457
v 0.111187 0.001213 0.075124
v 0.358654 1.247821 -0.030764
v 0.334971 1.204033 0.032564
v 0.352898 1.146091 -0.060639
v 0.328701 1.127782 0.040389
v 0.245141 1.245069 -0.030085
v 0.236148 1.161453 -0.045003
v 0.241774 1.212263 0.028906
v 0.236152 1.135072 0.036111
v 0.270634 1.204002 0.029242
v 0.262087 1.131387 0.035598
v 0.319055 1.245433 -0.031381
v 0.312250 1.145186 -0.061096
v -0.043062 0.547366 -0.018119
v -0.031092 0.547345 0.024586
v -0.122419 0.547360 0.006682
v -0.044235 0.547350 0.065673
v -0.117715 0.547350 0.058122
v -0.083589 0.547348 0.068836
v -0.077621 0.547360 -0.014993
v 0.043062 0.547366 -0.018119
v 0.031092 0.547345 0.024586
v 0.122419 0.547360 0.006682
v 0.044235 0.547350 0.065673
v 0.117715 0.547350 0.058122
v 0.083589 0.547348 0.068836
v 0.077621 0.547360 -0.014993
v -0.049039 0.404435 -0.043900
v -0.036282 0.404433 0.015336
v -0.126988 0.404432 -0.005927
v -0.051639 0.404430 0.045655
v -0.119172 0.404430 0.020852
v -0.090407 0.404430 0.048873
v -0.083138 0.404434 -0.039777
v 0.049039 0.404435 -0.043900
v 0.036282 0.404433 0.015336
v 0.126988 0.404432 -0.005927
v 0.051639 0.404430 0.045655
v 0.119172 0.404430 0.020852
v 0.090407 0.404430 0.048873
v 0.083138 0.404434 -0.039777
v -0.051732 0.453146 -0.026021
v -0.041119 0.453136 0.017462
v -0.083589 0.454048 0.052609
v -0.078399 0.453141 -0.023097
v -0.117370 0.453133 0.004019
v -0.053896 0.453127 0.045170
v -0.107107 0.453122 0.040323
v 0.051732 0.453146 -0.026021
v 0.041119 0.453136 0.017462
v 0.117370 0.453133 0.004019
v 0.053896 0.453127 0.045170
v 0.107107 0.453122 0.040323
v 0.083589 0.454048 0.052609
v 0.078399 0.453141 -0.023097
v 0.433808 1.231511 0.043059
v 0.431165 1.103197 0.057505
v 0.431560 1.257921 -0.034040
v 0.433976 1.127521 -0.077158
v 0.118536 1.227555 -0.027841
v 0.123013 1.158997 -0.029701
v 0.121872 1.216220 0.032193
v 0.128348 1.147422 0.035239
v -0.000000 1.001040 -0.090746
v -0.000000 1.349174 -0.034691
v -0.000000 1.349263 0.041130
v -0.000000 1.280951 -0.016310
v -0.000000 1.244475 0.040084
v -0.000000 1.277593 -0.041224
v -0.000000 1.277593 0.057256
v -0.036711 1.250049 0.032138
v -0.000000 1.249933 -0.036351
v -0.040802 1.250065 -0.021862
v -0.038600 1.277593 0.034898
v 0.300119 1.242376 0.066799
v 0.311725 1.269952 -0.044441
v 0.040009 1.277593 -0.023224
v 0.038600 1.277593 0.034898
v -0.087582 1.232123 0.037434
v 0.036711 1.250049 0.032138
v -0.000000 1.247051 0.057088
v 0.040802 1.250065 -0.021862
v 0.042582 0.001095 0.108942
v 0.109426 0.014012 0.109114
v 0.107112 0.001088 0.108941
v 0.074758 0.001142 0.108942
v 0.103628 0.309595 -0.046054
v 0.078398 0.309595 0.053926
v 0.047554 0.309595 0.044619
v 0.129428 0.309595 -0.008257
v 0.031660 0.309595 0.004747
v 0.112051 0.309595 0.046915
v 0.037910 0.309595 -0.030650
v 0.098379 0.034655 0.109287
v 0.107098 0.008768 0.109011
v 0.042600 0.008775 0.109011
v 0.055212 0.037768 0.109351
v 0.039876 0.013450 0.109099
v 0.074840 0.043458 0.109402
v 0.057438 0.470923 0.053686
v 0.100759 0.472771 0.050600
v -0.100759 0.472771 0.050600
v -0.057438 0.470923 0.053686
v 0.104959 1.220830 -0.025633
v 0.107107 1.159687 -0.026155
v 0.109211 1.212626 0.031399
v 0.113085 1.149967 0.033631
v 0.082770 0.655592 -0.027840
v 0.039646 0.655588 -0.033657
v 0.035641 0.655584 0.081368
v 0.083589 0.654894 0.081146
v 0.139165 0.655596 -0.001413
v 0.019415 0.655583 0.025271
v 0.133877 0.655593 0.063629
v -0.039646 0.655588 -0.033657
v -0.082770 0.655592 -0.027840
v -0.083589 0.654894 0.081146
v -0.035641 0.655584 0.081368
v -0.139165 0.655596 -0.001413
v -0.019415 0.655583 0.025271
v -0.133877 0.655593 0.063629
v 0.075854 0.000757 -0.024948
v 0.077479 0.000770 0.019100
v 0.059383 0.000763 0.002870
v 0.064075 0.000748 -0.022227
v 0.060712 0.000768 0.019297
v 0.096668 0.000484 -0.008433
v 0.093208 0.000773 0.018062
v 0.096668 0.008190 -0.008433
v 0.082004 0.008464 -0.024948
v 0.093208 0.008479 0.018062
v 0.059383 0.008470 0.002870
v 0.060712 0.008474 0.019297
v 0.064075 0.008455 -0.022227
v 0.077479 0.008477 0.019100
v -0.054706 0.016873 0.020796
v -0.078066 0.016876 0.020522
v -0.051610 0.092555 -0.018969
v -0.102765 0.092178 0.004297
v -0.056902 0.092420 0.039289
v -0.095796 0.092657 0.032128
v 0.032329 0.258731 0.004663
v 0.128668 0.259904 -0.006808
v 0.049667 0.260149 0.049189
v 0.037751 0.257719 -0.033195
v 0.111352 0.261854 0.044977
v 0.102709 0.258051 -0.045434
v 0.095742 0.119129 0.029741
v 0.028947 0.300454 0.004438
v 0.132537 0.300454 -0.009019
v 0.045606 0.300454 0.047624
v 0.078289 0.300454 0.056923
v 0.035393 0.300454 -0.033779
v 0.114331 0.300454 0.049653
v 0.105073 0.300454 -0.049398
v 0.052295 0.118155 -0.016645
v 0.088095 0.118235 -0.018749
v 0.050435 0.118394 0.006495
v 0.103087 0.118429 0.003304
v 0.057236 0.118541 0.034608
v 0.107337 0.031723 0.014026
v 0.109821 0.032605 -0.013248
v 0.087822 0.032797 -0.035651
v 0.052320 0.033547 -0.031343
v 0.043534 0.032908 -0.003690
v 0.046167 0.032153 0.028445
v -0.050544 0.092570 0.006875
v -0.075333 0.092531 0.036162
v -0.087328 0.092563 -0.018199
v -0.107263 0.028939 0.013902
v -0.109595 0.028373 -0.013607
v -0.046016 0.028929 0.026757
v -0.052635 0.028890 -0.030934
v -0.043412 0.028920 -0.004235
v -0.087757 0.028909 -0.036267
v -0.077304 0.029982 0.150218
v -0.093745 0.032157 0.132138
v -0.057967 0.029980 0.133097
v -0.074788 0.008701 0.150218
v -0.096276 0.008704 0.132138
v -0.050427 0.008698 0.133097
v -0.104866 0.049670 0.073749
v -0.076824 0.058903 0.075166
v -0.052325 0.058900 0.077984
v -0.037873 0.008883 0.083791
v -0.111187 0.008893 0.075124
v -0.108118 0.067879 0.015327
v -0.088293 0.067870 -0.031171
v -0.050462 0.067848 -0.033761
v -0.047522 0.067870 0.043569
v -0.044392 0.067891 0.000156
v -0.111311 0.067376 -0.010879
v -0.097982 0.012371 0.130415
v -0.074803 0.012369 0.147125
v -0.048292 0.012366 0.131301
v -0.113518 0.015341 0.077093
v -0.036023 0.013951 0.084947
v -0.099978 0.016880 0.019075
v -0.107278 0.017228 0.013902
v -0.046050 0.017219 0.026757
v -0.078911 0.017223 0.026371
v -0.074788 0.001021 0.150218
v -0.096276 0.001024 0.132138
v -0.050427 0.001018 0.133097
v -0.106534 0.016175 -0.008048
v -0.054512 0.016631 -0.023314
v -0.045826 0.016657 0.002798
v -0.087874 0.016647 -0.028014
v -0.037873 0.001203 0.083791
v -0.074741 0.001208 0.079457
v -0.111187 0.001213 0.075124
v -0.042582 0.001095 0.108942
v -0.109426 0.014012 0.109114
v -0.107112 0.001088 0.108941
v -0.074758 0.001142 0.108942
v -0.103628 0.309595 -0.046054
v -0.078398 0.309595 0.053926
v -0.047554 0.309595 0.044619
v -0.129428 0.309595 -0.008257
v -0.031660 0.309595 0.004747
v -0.112051 0.309595 0.046915
v -0.037910 0.309595 -0.030650
v -0.098379 0.034655 0.109287
v -0.107098 0.008768 0.109011
v -0.042600 0.008775 0.109011
v -0.055212 0.037768 0.109351
v -0.039876 0.013450 0.109099
v -0.074840 0.043458 0.109402
v -0.075854 0.000757 -0.024948
v -0.077479 0.000770 0.019100
v -0.059383 0.000763 0.002870
v -0.064075 0.000748 -0.022227
v -0.060712 0.000768 0.019297
v -0.096668 0.000484 -0.008433
v -0.093208 0.000773 0.018062
v -0.096668 0.008190 -0.008433
v -0.082004 0.008464 -0.024948
v -0.093208 0.008479 0.018062
v -0.059383 0.008470 0.002870
v -0.060712 0.008474 0.019297
v -0.064075 0.008455 -0.022227
v -0.077479 0.008477 0.019100
v -0.032329 0.258731 0.004663
v -0.128668 0.259904 -0.006808
v -0.037751 0.257719 -0.033195
v -0.102709 0.258051 -0.045434
v -0.052295 0.118155 -0.016645
v -0.095742 0.119129 0.029741
v -0.088095 0.118235 -0.018749
v -0.050435 0.118394 0.006495
v -0.103087 0.118429 0.003304
v -0.057236 0.118541 0.034608
v -0.028947 0.300454 0.004438
v -0.132537 0.300454 -0.009019
v -0.045606 0.300454 0.047624
v -0.078289 0.300454 0.056923
v -0.035393 0.300454 -0.033779
v -0.114331 0.300454 0.049653
v -0.105073 0.300454 -0.049398
v 0.076013 0.119319 0.037149
v 0.079010 0.259406 0.053513
v -0.079010 0.259406 0.053513
v -0.076013 0.119319 0.037149
v -0.107337 0.031723 0.014026
v -0.109821 0.032605 -0.013248
v -0.087822 0.032797 -0.035651
v -0.052320 0.033547 -0.031343
v -0.043534 0.032908 -0.003690
v -0.046167 0.032153 0.028445
v -0.082309 1.204589 0.020202
v -0.079501 1.201066 -0.013503
v -0.523657 1.230189 0.043059
v -0.523672 1.256929 -0.033787
v -0.523946 1.127521 -0.077158
v -0.082499 1.173745 -0.013503
v -0.086258 1.168317 0.021357
v -0.521774 1.103197 0.057505
v -0.352195 1.204054 -0.026640
v -0.346144 1.168717 -0.028381
v -0.345088 1.166492 0.009185
v -0.347524 1.186162 0.007612
v -0.358654 1.247821 -0.030764
v -0.334971 1.204033 0.032564
v -0.352898 1.146091 -0.060639
v -0.328701 1.127782 0.040389
v -0.245141 1.245069 -0.030085
v -0.236148 1.161453 -0.045003
v -0.241774 1.212263 0.028906
v -0.236152 1.135072 0.036111
v -0.270635 1.204002 0.029242
v -0.262088 1.131387 0.035598
v -0.319055 1.245433 -0.031381
v -0.312250 1.145186 -0.061096
v -0.433808 1.231511 0.043059
v -0.431165 1.103197 0.057505
v -0.431560 1.257921 -0.034040
v -0.433976 1.127521 -0.077158
v -0.118536 1.227555 -0.027841
v -0.123013 1.158997 -0.029701
v -0.121872 1.216220 0.032193
v -0.128348 1.147422 0.035239
v -0.546410 1.191493 0.010815
v -0.547360 1.196994 -0.001208
v -0.547620 1.197829 -0.016680
v -0.546996 1.193777 -0.031570
v -0.542599 1.174290 0.017004
v -0.543449 1.180111 -0.044585
v -0.540592 1.170001 -0.040905
v -0.545751 1.188901 -0.040320
v -0.544588 1.180983 0.019691
v -0.540145 1.167808 -0.003585
v -0.540425 1.166191 -0.027721
v -0.539777 1.168720 -0.011454
v -0.539379 1.170915 -0.019318
v -0.529848 1.182675 -0.034722
v -0.531122 1.182818 0.009244
v -0.532400 1.189397 0.005250
v -0.526963 1.170939 -0.011809
v -0.531463 1.189306 -0.032391
v -0.526673 1.172148 -0.017043
v -0.532710 1.194831 -0.024529
v -0.527564 1.169524 -0.001319
v -0.529127 1.175140 0.006650
v -0.532933 1.194275 -0.002249
v -0.533115 1.196352 -0.014277
v -0.528483 1.176607 -0.032126
v -0.527918 1.172530 -0.025551
v -0.595248 1.173663 -0.016998
v -0.596015 1.175635 -0.001457
v -0.595220 1.174039 -0.032057
v -0.590039 1.188243 -0.045277
v -0.594543 1.175365 -0.045574
v -0.594775 1.173090 0.013985
v -0.591913 1.192006 -0.031860
v -0.592156 1.193914 -0.015058
v -0.592317 1.193859 0.001177
v -0.592521 1.188779 0.017500
v -0.579747 1.186652 0.021945
v -0.583304 1.194973 0.001439
v -0.582976 1.195443 -0.015282
v -0.582396 1.192626 -0.032284
v -0.579307 1.162421 0.007301
v -0.579566 1.178297 -0.049182
v -0.577400 1.171844 -0.046390
v -0.579889 1.188458 -0.045866
v -0.575823 1.170114 -0.033846
v -0.577403 1.171116 -0.020617
v -0.557068 1.169299 -0.020408
v -0.559183 1.166097 -0.008540
v -0.556256 1.166129 -0.030218
v -0.558563 1.164895 -0.000413
v -0.567482 1.177820 0.030998
v -0.562004 1.188318 -0.045639
v -0.556086 1.169535 -0.044783
v -0.561135 1.178410 -0.048740
v -0.566751 1.167892 0.028509
v -0.563877 1.193748 -0.033158
v -0.564738 1.197725 -0.016375
v -0.564301 1.196784 0.000373
v -0.565241 1.191072 0.015320
v -0.602885 1.186393 0.015323
v -0.601947 1.191364 0.002007
v -0.603811 1.176350 0.012150
v -0.662859 1.177003 0.012254
v -0.662945 1.177331 0.006460
v -0.657917 1.173417 0.006076
v -0.657104 1.173054 0.010988
v -0.604757 1.176744 -0.003665
v -0.602554 1.190454 -0.002325
v -0.603079 1.190085 -0.014247
v -0.662886 1.175101 -0.006512
v -0.662972 1.174806 -0.011607
v -0.667881 1.180112 -0.005769
v -0.667871 1.180563 -0.011314
v -0.602434 1.190348 -0.018483
v -0.602341 1.189071 -0.030111
v -0.657855 1.175887 -0.027512
v -0.657505 1.175889 -0.022258
v -0.662656 1.182008 -0.021595
v -0.662619 1.181580 -0.027649
v -0.601219 1.186264 -0.044774
v -0.602346 1.175865 -0.045748
v -0.601357 1.189461 -0.034889
v -0.602474 1.176961 -0.034913
v -0.652380 1.179750 -0.044045
v -0.648403 1.175623 -0.043949
v -0.652718 1.180736 -0.039223
v -0.648511 1.175547 -0.039351
v -0.650473 1.171145 0.011599
v -0.651611 1.171641 0.005020
v -0.656330 1.179603 0.005487
v -0.655999 1.179111 0.013381
v -0.655302 1.172415 -0.012015
v -0.661785 1.182325 -0.012033
v -0.661823 1.181712 -0.004680
v -0.655208 1.172800 -0.005147
v -0.651349 1.173492 -0.021381
v -0.651812 1.173498 -0.028251
v -0.655959 1.183747 -0.020435
v -0.656034 1.183202 -0.028453
v -0.647621 1.182117 -0.038161
v -0.643841 1.173563 -0.038375
v -0.643704 1.173669 -0.044361
v -0.647216 1.180801 -0.044465
v -0.628781 1.183954 0.014257
v -0.629256 1.184604 0.003892
v -0.631466 1.186494 -0.013376
v -0.631876 1.185934 -0.003359
v -0.628959 1.175184 -0.004426
v -0.628851 1.174791 -0.013726
v -0.627568 1.175632 -0.029089
v -0.627015 1.175611 -0.020399
v -0.629763 1.186837 -0.019640
v -0.629967 1.186332 -0.029513
v -0.624797 1.183899 -0.044977
v -0.624904 1.185208 -0.036713
v -0.629100 1.171963 -0.045342
v -0.636973 1.183006 0.004364
v -0.639302 1.173022 0.004250
v -0.636531 1.182298 0.013986
v -0.629468 1.175093 0.003602
v -0.631839 1.183808 0.014196
v -0.627698 1.174670 0.012236
v -0.632303 1.184496 0.004113
v -0.637770 1.172605 0.012018
v -0.635189 1.183974 0.004290
v -0.634737 1.183256 0.014097
v -0.614073 1.168156 0.039472
v -0.612936 1.176289 0.042063
v -0.609776 1.172214 0.045549
v -0.610073 1.167090 0.043772
v -0.616124 1.168782 0.043086
v -0.615526 1.173471 0.044621
v -0.612995 1.171444 0.045515
v -0.613180 1.168265 0.044412
v -0.637938 1.173292 -0.013260
v -0.634660 1.186017 -0.013215
v -0.635058 1.185457 -0.003505
v -0.638040 1.173653 -0.004775
v -0.627969 1.186473 -0.013562
v -0.628380 1.185912 -0.003263
v -0.632874 1.185961 -0.029381
v -0.632678 1.186448 -0.019749
v -0.637834 1.185083 -0.013079
v -0.638208 1.184381 -0.003689
v -0.635137 1.174280 -0.020691
v -0.635260 1.185581 -0.019829
v -0.635435 1.184970 -0.029242
v -0.635635 1.174307 -0.028754
v -0.626089 1.186766 -0.019453
v -0.626342 1.186236 -0.029607
v -0.628292 1.184162 -0.036877
v -0.628455 1.173455 -0.036957
v -0.628160 1.182593 -0.044846
v -0.618564 1.175002 -0.036242
v -0.621364 1.184391 -0.045040
v -0.621472 1.185715 -0.036482
v -0.617554 1.184407 -0.045030
v -0.617663 1.185770 -0.036155
v -0.618689 1.173990 -0.045666
v -0.396039 1.181500 -0.036716
v -0.399579 1.202338 0.011493
v -0.389369 1.156864 -0.011773
v -0.395664 1.171761 0.021448
v -0.398450 1.192770 -0.038010
v -0.401401 1.205431 -0.032912
v -0.390167 1.162464 -0.020645
v -0.403092 1.215211 -0.019136
v -0.392533 1.157073 0.014216
v -0.402408 1.213302 -0.004925
v -0.393681 1.169674 -0.030885
v -0.389981 1.150090 0.000848
v -0.396883 1.187043 0.020158
v -0.520094 1.181765 -0.033295
v -0.521616 1.188596 -0.031759
v -0.516839 1.171200 -0.017427
v -0.522772 1.195560 -0.024290
v -0.518791 1.175225 0.005608
v -0.522922 1.197309 -0.014795
v -0.518182 1.172364 -0.025217
v -0.521294 1.190169 0.004804
v -0.518998 1.176634 -0.030789
v -0.522293 1.195371 -0.002731
v -0.516872 1.170300 -0.011129
v -0.520554 1.183368 0.008034
v -0.517291 1.169406 -0.001877
v -0.589471 1.175099 0.036769
v -0.589197 1.167440 0.034419
v -0.592714 1.174845 0.038207
v -0.592512 1.167513 0.035854
v -0.596583 1.180825 0.029345
v -0.587204 1.175238 0.035389
v -0.586846 1.167415 0.033026
v -0.599404 1.167473 0.026420
v -0.607681 1.167802 0.032611
v -0.605409 1.179358 0.035388
v -0.595738 1.174604 0.039138
v -0.595631 1.167425 0.036782
v -0.577341 1.167395 0.003363
v -0.575775 1.170811 -0.005631
v -0.603242 1.182995 0.014316
v -0.605236 1.186162 0.015178
v -0.604441 1.190361 0.002187
v -0.605045 1.177444 0.001791
v -0.604331 1.182621 0.014199
v -0.606395 1.189067 -0.014082
v -0.605964 1.189240 -0.002409
v -0.604676 1.176259 -0.014525
v -0.606026 1.189244 -0.018540
v -0.606001 1.188075 -0.029912
v -0.604244 1.177157 -0.029444
v -0.604127 1.176814 -0.019493
v -0.604110 1.185864 -0.044765
v -0.604247 1.188521 -0.035028
v -0.104959 1.220830 -0.025633
v -0.107107 1.159687 -0.026155
v -0.109211 1.212626 0.031399
v -0.113085 1.149967 0.033631
v -0.082585 0.706518 -0.029370
v -0.032107 0.706510 0.084757
v -0.140754 0.706522 -0.002787
v -0.015358 0.706510 0.025387
v -0.041371 0.706514 -0.034283
v -0.083589 0.706169 0.083031
v -0.135367 0.706521 0.063625
v 0.041371 0.706514 -0.034283
v 0.083589 0.706169 0.083031
v 0.135367 0.706521 0.063625
v 0.082585 0.706518 -0.029370
v 0.032107 0.706510 0.084757
v 0.140754 0.706522 -0.002787
v 0.015358 0.706510 0.025387
v -0.000000 1.315822 -0.022826
v 0.030207 1.310890 -0.007720
v 0.027970 1.299557 0.026134
v -0.030207 1.310890 -0.007720
v -0.027970 1.299557 0.026134
v -0.000000 1.294127 0.042243
v -0.049437 0.790449 -0.052867
v -0.024375 0.779513 -0.027601
v 0.024375 0.779513 -0.027601
v 0.046495 0.773582 -0.052599
v 0.096393 1.211190 0.033124
v -0.096393 1.211190 0.033124
v 0.093463 1.220263 -0.027910
v -0.000000 1.235994 0.062160
v -0.093463 1.220263 -0.027910
v -0.000000 1.243085 -0.038318
v -0.000000 1.033718 0.115861
v 0.089783 1.027473 0.085153
v 0.084574 1.030729 0.005249
v -0.000000 1.036978 -0.017804
v -0.000000 0.604671 0.168344
v 0.199909 0.609097 0.084880
v 0.212109 0.609126 -0.008608
v -0.000000 0.604569 -0.106400
v -0.084574 1.030729 0.005249
v 0.080498 0.988592 -0.005599
v 0.086108 0.988544 0.080291
v -0.000000 0.988509 -0.021403
v -0.089783 1.027473 0.085153
v -0.000000 0.988496 0.117880
v 0.123356 0.913550 -0.014504
v 0.128790 0.913828 0.084427
v -0.000000 0.912049 -0.068490
v -0.000000 0.912868 0.135123
v 0.108962 1.118146 0.080471
v -0.108962 1.118146 0.080471
v 0.091509 1.121925 -0.021555
v -0.000000 1.134362 0.112907
v -0.000000 1.130967 -0.038650
v -0.091509 1.121925 -0.021555
v 0.108172 1.184332 -0.036380
v -0.000000 1.193007 0.093783
v -0.000000 1.189910 -0.043711
v -0.108172 1.184332 -0.036380
v -0.000000 1.182347 0.099970
v -0.080498 0.988592 -0.005599
v -0.086108 0.988544 0.080291
v -0.123356 0.913550 -0.014504
v 0.040758 1.231993 0.051321
v 0.041319 1.242967 -0.036319
v 0.035620 1.031377 0.104353
v 0.048783 1.033854 -0.009224
v 0.098242 0.606880 0.154446
v 0.102398 0.606856 -0.099016
v 0.051081 0.988402 0.099085
v 0.054756 0.988347 -0.018703
v 0.067516 0.912910 0.120602
v 0.067265 0.912125 -0.065549
v 0.048077 1.126446 -0.034233
v 0.038072 1.132791 0.100751
v 0.054099 1.187121 -0.047049
v 0.041889 1.182347 0.083608
v -0.040758 1.231993 0.051321
v -0.041319 1.242967 -0.036319
v -0.048077 1.126446 -0.034233
v -0.038072 1.132791 0.100751
v -0.054099 1.187121 -0.047049
v -0.041889 1.182347 0.083608
v -0.054756 0.988347 -0.018703
v -0.051081 0.988402 0.099085
v -0.102398 0.606856 -0.099016
v -0.098242 0.606880 0.154446
v -0.048783 1.033854 -0.009224
v -0.035620 1.031377 0.104353
v -0.067516 0.912910 0.120602
v 0.106617 0.955000 0.076109
v -0.000000 0.948902 -0.048487
v -0.000000 0.953044 0.120408
v 0.094248 0.954424 -0.013440
v 0.059557 0.948622 -0.042479
v 0.059490 0.952614 0.104992
v -0.059490 0.952614 0.104992
v -0.059557 0.948622 -0.042479
v -0.212109 0.609126 -0.008608
v -0.199909 0.609097 0.084880
v -0.067265 0.912125 -0.065549
v 0.152137 0.608090 0.125562
v 0.089446 0.951736 0.091174
v 0.098943 0.912942 0.100909
v 0.087951 0.952003 -0.025679
v 0.158236 0.607978 -0.075425
v 0.104332 0.912976 -0.046412
v -0.106617 0.955000 0.076109
v -0.094248 0.954424 -0.013440
v -0.128790 0.913828 0.084427
v -0.098943 0.912942 0.100909
v -0.152137 0.608090 0.125562
v -0.089446 0.951736 0.091174
v -0.087951 0.952003 -0.025679
v -0.158236 0.607978 -0.075425
v -0.104332 0.912976 -0.046412
v 0.175326 0.791657 0.079194
v 0.185842 0.791647 -0.013795
v 0.143052 0.789115 -0.072719
v 0.091933 0.787270 -0.095562
v 0.089939 0.787351 0.146968
v 0.134799 0.789289 0.118804
v -0.000000 0.786069 0.162017
v -0.000000 0.785947 -0.100688
v -0.091933 0.787270 -0.095562
v -0.089939 0.787351 0.146968
v -0.134799 0.789289 0.118804
v -0.143052 0.789115 -0.072719
v -0.185842 0.791647 -0.013795
v -0.175326 0.791657 0.079194
v 0.197069 0.673215 0.083924
v 0.157422 0.671652 -0.074690
v 0.098023 0.670184 0.153997
v -0.000000 0.668430 0.169010
v -0.098023 0.670184 0.153997
v -0.150603 0.671771 0.125152
v -0.210327 0.673647 -0.009212
v 0.210327 0.673647 -0.009212
v 0.101781 0.670251 -0.098565
v 0.150603 0.671771 0.125152
v -0.000000 0.668338 -0.105821
v -0.101781 0.670251 -0.098565
v -0.157422 0.671652 -0.074690
v -0.197069 0.673215 0.083924
v -0.049668 0.260149 0.049189
v -0.111352 0.261854 0.044977
v 0.101154 1.037195 0.090440
v 0.095285 1.037195 0.000417
v 0.054961 1.037195 -0.015888
v 0.053540 1.037195 0.107739
v -0.101154 1.037195 0.090440
v -0.095285 1.037195 0.000417
v -0.090692 0.983399 -0.011805
v -0.097012 0.983399 0.084962
v -0.054961 1.037195 -0.015888
v -0.061690 0.983399 -0.026568
v -0.053540 1.037195 0.107739
v -0.057550 0.983399 0.106137
v 0.057550 0.983399 0.106137
v 0.097012 0.983399 0.084962
v 0.090692 0.983399 -0.011805
v 0.061690 0.983399 -0.026568
v -0.000000 1.037195 -0.025556
v -0.000000 0.983399 -0.029610
v -0.000000 1.037195 0.125038
v -0.000000 0.983399 0.127312
v -0.080603 0.819891 0.092629
v 0.080603 0.819891 0.092629
v -0.000000 0.774265 0.081468
v -0.045070 0.089719 -0.027598
v -0.110832 0.089352 0.002311
v -0.051873 0.089587 0.047296
v -0.101873 0.089818 0.038090
v -0.043700 0.089734 0.005626
v -0.075567 0.089695 0.043275
v -0.090987 0.089726 -0.026608
v -0.045951 0.114679 -0.024609
v -0.101803 0.115628 0.035021
v -0.091973 0.114757 -0.027314
v -0.043560 0.114912 0.005138
v -0.111246 0.114946 0.001036
v -0.052303 0.115055 0.041277
v -0.076441 0.115814 0.044545
v -0.101811 0.112728 0.035366
v -0.045852 0.111874 -0.024945
v -0.091862 0.111944 -0.027235
v -0.043576 0.112082 0.005193
v -0.111199 0.112070 0.001179
v -0.052254 0.112193 0.041954
v -0.076343 0.112879 0.044402
v -0.101861 0.094276 0.037560
v -0.045222 0.094030 -0.027081
v -0.091158 0.094050 -0.026730
v -0.043676 0.094083 0.005542
v -0.110903 0.093773 0.002091
v -0.051948 0.093986 0.046256
v -0.075718 0.094207 0.043495
v -0.035027 0.254706 -0.036769
v -0.131269 0.254352 -0.002705
v -0.050076 0.254928 0.057170
v -0.118989 0.254762 0.050595
v -0.030445 0.254721 0.002705
v -0.078306 0.254683 0.056553
v -0.102942 0.254419 -0.048732
v -0.035115 0.281929 -0.037513
v -0.119036 0.282871 0.051869
v -0.105299 0.281713 -0.049238
v -0.028891 0.282160 0.001602
v -0.133651 0.282195 -0.005298
v -0.048063 0.282708 0.055487
v -0.079782 0.283056 0.060284
v -0.120621 0.274915 0.053388
v -0.033311 0.274188 -0.039990
v -0.105688 0.273954 -0.051382
v -0.027413 0.274366 0.001449
v -0.135224 0.274286 -0.005298
v -0.047258 0.274652 0.057630
v -0.079464 0.275028 0.061386
v -0.120492 0.264013 0.052002
v -0.033562 0.263647 -0.040051
v -0.104596 0.263385 -0.051117
v -0.028332 0.263738 0.001938
v -0.133934 0.263500 -0.004179
v -0.048262 0.263898 0.058395
v -0.078871 0.264028 0.059557
v -0.118241 0.306940 -0.019442
v -0.129289 0.248550 -0.017744
v -0.125165 0.250666 0.013252
v -0.118900 0.304969 0.008838
v -0.130151 0.246149 0.006012
v -0.123258 0.305962 0.000399
v -0.129490 0.246846 -0.012496
v -0.120014 0.306846 -0.010285
v -0.135015 0.302365 -0.020930
v -0.132787 0.304374 0.016312
v -0.137408 0.304052 0.008138
v -0.136278 0.303730 -0.012441
v -0.130672 0.256622 0.015668
v -0.135587 0.257408 0.009837
v -0.135317 0.257723 -0.014363
v -0.134906 0.257233 -0.020181
v -0.125645 0.312632 -0.020341
v -0.125201 0.312870 0.015368
v -0.128257 0.312963 0.007458
v -0.127247 0.313272 -0.011025
v -0.137883 0.277446 -0.020060
v -0.134652 0.278052 0.016009
v -0.139420 0.278114 0.008131
v -0.138720 0.278374 -0.012906
v -0.043093 0.305760 -0.019442
v -0.032045 0.247370 -0.017744
v -0.036169 0.249471 0.013174
v -0.042434 0.303788 0.008838
v -0.031183 0.244917 0.005745
v -0.038076 0.304781 0.000399
v -0.031844 0.245666 -0.012496
v -0.041320 0.305665 -0.010285
v -0.026319 0.301185 -0.020930
v -0.028546 0.303193 0.016312
v -0.023926 0.302871 0.008138
v -0.025056 0.302549 -0.012441
v -0.030661 0.255255 0.014714
v -0.025746 0.255701 0.007134
v -0.026016 0.256543 -0.014363
v -0.026428 0.256053 -0.020181
v -0.035689 0.311451 -0.020341
v -0.036133 0.311689 0.015368
v -0.033076 0.311783 0.007458
v -0.034086 0.312092 -0.011025
v -0.023451 0.276266 -0.020060
v -0.026681 0.276872 0.016009
v -0.021914 0.276933 0.008131
v -0.022614 0.277193 -0.012906
v 0.045070 0.089719 -0.027598
v 0.110832 0.089352 0.002311
v 0.051873 0.089587 0.047296
v 0.101873 0.089818 0.038090
v 0.043700 0.089734 0.005626
v 0.075567 0.089695 0.043275
v 0.090987 0.089726 -0.026608
v 0.045951 0.114679 -0.024609
v 0.101803 0.115628 0.035021
v 0.091973 0.114757 -0.027314
v 0.043560 0.114912 0.005138
v 0.111246 0.114946 0.001036
v 0.052303 0.115055 0.041277
v 0.076441 0.115814 0.044545
v 0.101811 0.112728 0.035366
v 0.045852 0.111874 -0.024945
v 0.091862 0.111944 -0.027235
v 0.043576 0.112082 0.005193
v 0.111199 0.112070 0.001179
v 0.052254 0.112193 0.041954
v 0.076343 0.112879 0.044402
v 0.101861 0.094276 0.037560
v 0.045222 0.094030 -0.027081
v 0.091158 0.094050 -0.026730
v 0.043676 0.094083 0.005542
v 0.110903 0.093773 0.002091
v 0.051948 0.093986 0.046256
v 0.075718 0.094207 0.043495
v 0.035027 0.254706 -0.036769
v 0.131269 0.254352 -0.002705
v 0.050076 0.254928 0.057170
v 0.118989 0.254762 0.050595
v 0.030445 0.254721 0.002705
v 0.078306 0.254683 0.056553
v 0.102942 0.254419 -0.048732
v 0.035115 0.281929 -0.037513
v 0.119036 0.282871 0.051869
v 0.105299 0.281713 -0.049238
v 0.028891 0.282160 0.001602
v 0.133651 0.282195 -0.005298
v 0.048063 0.282708 0.055487
v 0.079782 0.283056 0.060284
v 0.120621 0.274915 0.053388
v 0.033311 0.274188 -0.039990
v 0.105688 0.273954 -0.051382
v 0.027413 0.274366 0.001449
v 0.135224 0.274286 -0.005298
v 0.047258 0.274652 0.057630
v 0.079464 0.275028 0.061386
v 0.120492 0.264013 0.052002
v 0.033562 0.263647 -0.040051
v 0.104596 0.263385 -0.051117
v 0.028332 0.263738 0.001938
v 0.133934 0.263500 -0.004179
v 0.048262 0.263898 0.058395
v 0.078871 0.264028 0.059557
v 0.118241 0.306940 -0.019442
v 0.129289 0.248550 -0.017744
v 0.125165 0.250666 0.013252
v 0.118900 0.304969 0.008838
v 0.130151 0.246149 0.006012
v 0.123258 0.305962 0.000399
v 0.129490 0.246846 -0.012496
v 0.120014 0.306846 -0.010285
v 0.135015 0.302365 -0.020930
v 0.132787 0.304374 0.016312
v 0.137408 0.304052 0.008138
v 0.136278 0.303730 -0.012441
v 0.130672 0.256622 0.015668
v 0.135587 0.257408 0.009837
v 0.135317 0.257723 -0.014363
v 0.134906 0.257233 -0.020181
v 0.125645 0.312632 -0.020341
v 0.125201 0.312870 0.015368
v 0.128257 0.312963 0.007458
v 0.127247 0.313272 -0.011025
v 0.137883 0.277446 -0.020060
v 0.134652 0.278052 0.016009
v 0.139420 0.278114 0.008131
v 0.138720 0.278374 -0.012906
v 0.043093 0.305760 -0.019442
v 0.032045 0.247370 -0.017744
v 0.036169 0.249471 0.013174
v 0.042434 0.303788 0.008838
v 0.031183 0.244917 0.005745
v 0.038076 0.304781 0.000399
v 0.031844 0.245666 -0.012496
v 0.041320 0.305665 -0.010285
v 0.026319 0.301185 -0.020930
v 0.028546 0.303193 0.016312
v 0.023926 0.302871 0.008138
v 0.025056 0.302549 -0.012441
v 0.030661 0.255255 0.014714
v 0.025746 0.255701 0.007134
v 0.026016 0.256543 -0.014363
v 0.026428 0.256053 -0.020181
v 0.035689 0.311451 -0.020341
v 0.036133 0.311689 0.015368
v 0.033076 0.311783 0.007458
v 0.034086 0.312092 -0.011025
v 0.023451 0.276266 -0.020060
v 0.026681 0.276872 0.016009
v 0.021914 0.276933 0.008131
v 0.022614 0.277193 -0.012906
v 0.201244 0.640906 0.085158
v 0.159660 0.639467 -0.076205
v 0.099293 0.638183 0.155584
v -0.000000 0.636034 0.169894
v -0.099293 0.638183 0.155584
v -0.153282 0.639597 0.126506
v -0.213338 0.640934 -0.009227
v 0.213338 0.640934 -0.009227
v 0.103232 0.638160 -0.100131
v 0.153282 0.639597 0.126506
v -0.000000 0.635938 -0.107342
v -0.103232 0.638160 -0.100131
v -0.159660 0.639467 -0.076205
v -0.201244 0.640906 0.085158
v 0.200241 0.614344 0.084956
v 0.158537 0.613172 -0.075598
v 0.098445 0.612043 0.154671
v -0.000000 0.609843 0.168641
v -0.098445 0.612043 0.154671
v -0.152386 0.613287 0.125756
v -0.212438 0.614373 -0.008733
v 0.212437 0.614373 -0.008733
v 0.102569 0.612019 -0.099242
v 0.152386 0.613287 0.125756
v -0.000000 0.609743 -0.106600
v -0.102569 0.612019 -0.099242
v -0.158537 0.613172 -0.075598
v -0.200241 0.614344 0.084956
v 0.211184 0.668135 -0.009211
v 0.101914 0.664710 -0.098658
v 0.151025 0.666202 0.125401
v -0.000000 0.662869 -0.106237
v -0.101914 0.664710 -0.098658
v -0.157602 0.666092 -0.074792
v -0.197856 0.667651 0.084228
v 0.197856 0.667651 0.084228
v 0.157602 0.666092 -0.074792
v 0.098211 0.664714 0.154203
v -0.000000 0.662959 0.169310
v -0.098211 0.664714 0.154203
v -0.151025 0.666202 0.125401
v -0.211184 0.668135 -0.009211
v 0.200252 0.645614 0.084877
v 0.159028 0.644156 -0.075760
v 0.098953 0.642860 0.155132
v -0.000000 0.640814 0.169775
v -0.098953 0.642860 0.155132
v -0.152628 0.644285 0.126135
v -0.212980 0.645772 -0.009222
v 0.212980 0.645772 -0.009222
v 0.102848 0.642841 -0.099660
v 0.152628 0.644285 0.126135
v -0.000000 0.640718 -0.107134
v -0.102848 0.642841 -0.099660
v -0.159028 0.644156 -0.075760
v -0.200252 0.645614 0.084877
v 0.213710 0.636314 -0.009238
v 0.103380 0.633610 -0.100310
v 0.153515 0.635019 0.126619
v -0.000000 0.631372 -0.107566
v -0.103380 0.633610 -0.100310
v -0.159868 0.634891 -0.076369
v -0.201570 0.636285 0.085259
v 0.201570 0.636285 0.085259
v 0.159868 0.634891 -0.076369
v 0.099399 0.633633 0.155747
v -0.000000 0.631469 0.170034
v -0.099399 0.633633 0.155747
v -0.153515 0.635019 0.126619
v -0.213710 0.636314 -0.009238
v -0.000000 1.040083 0.128244
v -0.000000 0.980607 0.129909
v -0.040711 1.028317 0.115351
v 0.040711 1.028317 0.115351
v -0.000000 1.030800 0.128573
v 0.042426 0.993576 0.114666
v -0.000000 0.991093 0.129546
v -0.042426 0.993576 0.114666
v -0.031572 1.040083 0.118348
v -0.033866 0.980607 0.117795
v -0.033132 1.030800 0.118239
v -0.034520 0.991093 0.117916
v 0.033866 0.980607 0.117795
v 0.031572 1.040083 0.118348
v 0.033132 1.030800 0.118239
v 0.034520 0.991093 0.117916
v -0.041569 1.010946 0.115008
v -0.033826 1.010946 0.118077
v -0.033972 1.006770 0.118043
v -0.011387 1.010946 0.124734
v -0.011533 1.006770 0.124700
v -0.033680 1.015122 0.118111
v -0.011241 1.015122 0.124768
v -0.022606 1.010946 0.124315
v -0.022752 1.006770 0.124281
v -0.022460 1.015122 0.124349
v 0.099373 1.072809 0.082812
v 0.088512 1.076327 -0.008153
v 0.049799 1.080150 -0.021728
v 0.038392 1.082084 0.102552
v -0.099373 1.072809 0.082812
v -0.038392 1.082084 0.102552
v -0.049799 1.080150 -0.021728
v -0.088513 1.076327 -0.008153
v -0.000000 1.080436 0.114384
v -0.000000 1.083973 -0.028227
v 0.094578 1.050141 0.083983
v 0.037194 1.056731 0.103452
v -0.094578 1.050141 0.083983
v -0.049568 1.057002 -0.015476
v -0.000000 1.053473 0.115123
v 0.086543 1.053528 -0.001452
v 0.049567 1.057002 -0.015476
v -0.037194 1.056731 0.103452
v -0.086543 1.053528 -0.001452
v -0.000000 1.060475 -0.023016
v 0.090119 1.099126 -0.014854
v 0.048539 1.103298 -0.027981
v -0.037869 1.107437 0.101651
v -0.090119 1.099126 -0.014854
v -0.000000 1.107470 -0.033438
v 0.104167 1.095478 0.081642
v 0.037869 1.107437 0.101651
v -0.104167 1.095478 0.081642
v -0.048539 1.103298 -0.027981
v -0.000000 1.107399 0.113646
v -0.051044 1.156784 -0.040641
v -0.000000 1.160439 -0.041181
v 0.051044 1.156784 -0.040641
v -0.110534 1.145249 0.072635
v -0.100160 1.153128 -0.028968
v -0.000000 1.159222 0.104039
v -0.039616 1.158193 0.092376
v 0.100160 1.153128 -0.028968
v 0.110533 1.145249 0.072635
v 0.039616 1.158193 0.092376
v 0.022178 1.201617 0.087011
v -0.022178 1.201617 0.087011
v -0.000000 1.255779 0.057136
v -0.029348 1.028018 0.152504
v -0.000000 1.243898 -0.045421
v 0.029348 1.028018 0.152504
v 0.093803 1.241792 -0.038484
v -0.093804 1.241792 -0.038484
v 0.087582 1.232123 0.037434
v -0.000000 1.234780 0.089813
v -0.045880 1.231837 0.063624
v -0.210382 1.263826 -0.048415
v 0.263684 1.048141 -0.091716
v 0.056578 1.236362 -0.043704
v -0.236436 1.039075 0.108960
v 0.194615 1.246864 0.055537
v -0.263684 1.048141 -0.091716
v -0.056578 1.236362 -0.043704
v 0.236436 1.039075 0.108960
v -0.000000 1.162896 -0.077327
v 0.045880 1.231837 0.063624
v -0.194616 1.246864 0.055537
v 0.210382 1.263826 -0.048415
v 0.020795 1.134289 0.133052
v -0.020795 1.134289 0.133052
v -0.151505 1.160141 0.094295
v 0.154191 1.175863 -0.075753
v -0.154191 1.175863 -0.075753
v 0.151505 1.160141 0.094295
v 0.040157 1.270341 -0.022822
v -0.040157 1.270341 -0.022822
v 0.038053 1.270341 0.034137
v -0.000000 1.270341 -0.039915
v -0.025296 1.277593 0.042604
v -0.000000 1.270341 0.057216
v -0.038053 1.270341 0.034137
v -0.000000 1.255692 -0.037271
v 0.040452 1.255792 -0.022014
v -0.036955 1.255779 0.032610
v -0.040452 1.255792 -0.022014
v 0.036955 1.255779 0.032610
v -0.024238 1.255777 0.041092
v 0.042122 1.273600 -0.024504
v -0.000000 1.273600 0.059800
v -0.000000 1.273600 -0.042891
v -0.040240 1.273600 0.035891
v 0.040240 1.273600 0.035891
v -0.042122 1.273600 -0.024504
v 0.038816 1.252259 0.033710
v -0.000000 1.252259 -0.039174
v -0.042873 1.252259 -0.023482
v -0.000000 1.252259 0.060028
v -0.038816 1.252259 0.033710
v 0.042872 1.252259 -0.023482
v -0.000000 1.240876 0.045999
v 0.037751 1.284900 -0.017275
v -0.037751 1.284900 -0.017275
v 0.035773 1.284900 0.036272
v -0.000000 1.284900 -0.033344
v -0.000000 1.284900 0.057968
v -0.035773 1.284900 0.036272
v -0.000000 1.240816 -0.020432
v 0.028465 1.240886 -0.009697
v -0.026004 1.240876 0.028740
v -0.028465 1.240886 -0.009697
v 0.026004 1.240876 0.028740
v -0.079851 1.031867 0.141613
v -0.025441 1.239042 0.076718
v -0.054275 1.142165 0.122394
v -0.024058 1.249015 0.040737
v 0.025441 1.239042 0.076718
v 0.079851 1.031867 0.141613
v 0.054275 1.142165 0.122394
v 0.024058 1.249015 0.040737
v -0.026371 1.273600 0.044132
v -0.025438 1.252259 0.042780
v -0.024956 1.270339 0.042118
v 0.024218 1.255779 0.041063
v 0.025438 1.252259 0.042780
v 0.025296 1.277593 0.042604
v 0.026371 1.273600 0.044132
v 0.024938 1.270341 0.042092
v -0.384052 1.127521 -0.077158
v -0.384052 1.257293 -0.034928
v -0.384052 1.103197 0.057505
v -0.384037 1.231065 0.043059
v 0.384051 1.127521 -0.077158
v 0.384051 1.257293 -0.034928
v 0.384051 1.103197 0.057505
v 0.384037 1.231065 0.043059
v -0.408853 1.257383 -0.034965
v -0.408838 1.229903 0.043059
v -0.409127 1.127521 -0.077158
v -0.406955 1.103197 0.057505
v 0.408853 1.257383 -0.034965
v 0.408838 1.229903 0.043059
v 0.409127 1.127521 -0.077158
v 0.406955 1.103197 0.057505
v -0.250469 1.244049 0.062601
v 0.259027 1.268907 -0.039497
v -0.227305 1.089990 -0.085922
v -0.000000 1.052402 -0.083772
v -0.259027 1.268907 -0.039497
v 0.031397 1.069073 0.143687
v -0.198369 1.081075 0.105097
v -0.031397 1.069073 0.143687
v 0.227305 1.089990 -0.085922
v 0.198369 1.081075 0.105097
v 0.250469 1.244049 0.062601
v -0.071794 1.071738 0.133836
v 0.071793 1.071738 0.133836
v -0.054308 1.253874 0.012980
v -0.064118 1.256319 0.014821
v -0.053500 1.255483 -0.013581
v -0.063599 1.258833 -0.017031
v -0.233534 1.274839 -0.021059
v -0.220515 1.274520 -0.023672
v -0.232963 1.271291 0.005095
v -0.219509 1.270110 0.008688
v -0.049365 1.254357 0.007278
v -0.061654 1.257023 -0.000559
v -0.048823 1.255227 -0.007159
v -0.237402 1.273924 -0.013716
v -0.228850 1.272529 -0.007904
v -0.237477 1.272423 -0.002994
v -0.063139 1.254028 0.018156
v -0.050748 1.252969 0.014241
v -0.050341 1.254806 -0.014286
v -0.062602 1.256869 -0.019206
v -0.224459 1.273856 -0.027775
v -0.241625 1.273395 -0.022941
v -0.240653 1.269529 0.005977
v -0.221534 1.268795 0.012644
v -0.045880 1.253666 0.007508
v -0.045764 1.254603 -0.006961
v -0.246105 1.272312 -0.014218
v -0.245807 1.270876 -0.003469
v -0.054667 1.245525 0.012186
v -0.064477 1.247969 0.014026
v -0.053859 1.247134 -0.014376
v -0.063958 1.250484 -0.017825
v -0.233917 1.267556 -0.021752
v -0.220898 1.267237 -0.024365
v -0.233345 1.264008 0.004402
v -0.219891 1.262826 0.007995
v -0.049725 1.246007 0.006483
v -0.062013 1.248674 -0.001353
v -0.049182 1.246878 -0.007954
v -0.237784 1.266641 -0.014409
v -0.229232 1.265245 -0.008597
v -0.237859 1.265140 -0.003687
v -0.063498 1.245679 0.017361
v -0.051107 1.244619 0.013447
v -0.050700 1.246457 -0.015080
v -0.062961 1.248520 -0.020000
v -0.224841 1.266573 -0.028468
v -0.242007 1.266112 -0.023634
v -0.241035 1.262246 0.005284
v -0.221916 1.261512 0.011951
v -0.046239 1.245317 0.006713
v -0.046123 1.246253 -0.007755
v -0.246487 1.265028 -0.014911
v -0.246189 1.263593 -0.004162
v -0.005057 1.257016 0.055275
v -0.001311 1.259306 0.057159
v -0.000111 1.263890 0.057769
v -0.002160 1.268083 0.056746
v -0.006258 1.269429 0.054691
v -0.010004 1.267139 0.052806
v -0.011203 1.262555 0.052197
v -0.009154 1.258362 0.053219
v -0.003138 1.267616 0.057859
v -0.010231 1.266762 0.054296
v -0.001285 1.263824 0.058783
v -0.011316 1.262617 0.053745
v -0.002370 1.259679 0.058232
v -0.009463 1.258825 0.054670
v -0.005758 1.257608 0.056528
v -0.006844 1.268833 0.056000
v -0.010569 1.262917 0.053639
v -0.008933 1.259571 0.054455
v -0.009611 1.266576 0.054125
v -0.002673 1.260324 0.057599
v -0.003351 1.267330 0.057269
v -0.005663 1.258497 0.056095
v -0.006621 1.268404 0.055629
v -0.001715 1.263983 0.058085
v -0.004350 1.266024 0.057337
v -0.008751 1.265494 0.055126
v -0.003200 1.263671 0.057911
v -0.009424 1.262922 0.054784
v -0.003873 1.261099 0.057569
v -0.008274 1.260568 0.055358
v -0.005975 1.259814 0.056511
v -0.006649 1.266779 0.056184
v -0.008604 1.260070 0.054906
v -0.009996 1.262920 0.054211
v -0.009181 1.266035 0.054625
v -0.006635 1.267591 0.055906
v -0.003850 1.266677 0.057303
v -0.002458 1.263827 0.057998
v -0.003273 1.260712 0.057584
v -0.005819 1.259155 0.056303
v -0.255872 1.243867 0.063058
v -0.000000 1.046085 -0.084990
v -0.264761 1.269020 -0.040035
v 0.031174 1.064606 0.144647
v 0.231275 1.085740 -0.086530
v 0.202313 1.077899 0.105820
v 0.072670 1.067399 0.134682
v 0.264761 1.269020 -0.040035
v -0.231275 1.085740 -0.086530
v -0.202313 1.077899 0.105820
v -0.031174 1.064606 0.144647
v 0.255872 1.243867 0.063058
v -0.072670 1.067399 0.134682
v -0.295399 1.242535 0.066400
v -0.000000 1.004346 -0.090108
v -0.306715 1.269852 -0.043971
v 0.029543 1.031921 0.151666
v 0.260328 1.050341 -0.091217
v 0.232991 1.041850 0.108329
v 0.079085 1.035657 0.140874
v 0.306715 1.269852 -0.043971
v -0.260328 1.050341 -0.091217
v -0.232991 1.041850 0.108329
v -0.029543 1.031921 0.151666
v 0.295399 1.242535 0.066400
v -0.079085 1.035657 0.140874
v -0.034058 1.028377 0.151489
v -0.002372 1.235177 0.088592
v -0.002258 1.255779 0.055637
v -0.023929 1.135041 0.132059
v -0.002243 1.247234 0.055563
v -0.002359 1.277593 0.055890
v -0.002459 1.273600 0.058339
v -0.002372 1.252259 0.058419
v -0.002325 1.270341 0.055806
v -0.035164 1.069322 0.142769
v -0.035043 1.064866 0.143717
v -0.034163 1.032270 0.150660
v 0.002359 1.277593 0.055890
v 0.002372 1.235177 0.088592
v 0.034057 1.028377 0.151489
v 0.023929 1.135041 0.132059
v 0.002243 1.247234 0.055563
v 0.002258 1.255779 0.055637
v 0.002372 1.252259 0.058419
v 0.002459 1.273600 0.058339
v 0.002325 1.270341 0.055806
v 0.035164 1.069322 0.142769
v 0.035043 1.064866 0.143717
v 0.034163 1.032270 0.150660
v 0.013257 1.277593 0.049577
v 0.013333 1.237013 0.082950
v 0.055816 1.030035 0.146796
v 0.038314 1.138421 0.127466
v 0.012608 1.248080 0.048519
v 0.012692 1.255779 0.048712
v 0.013332 1.252259 0.050989
v 0.013820 1.273600 0.051588
v 0.013069 1.270341 0.049290
v 0.052568 1.070470 0.138524
v 0.052921 1.066070 0.139424
v 0.055507 1.033879 0.146010
v -0.013257 1.277593 0.049577
v -0.055816 1.030035 0.146796
v -0.013333 1.237013 0.082950
v -0.014129 1.255623 0.050817
v -0.038314 1.138421 0.127466
v -0.012609 1.248080 0.048519
v -0.013821 1.273600 0.051588
v -0.013332 1.252259 0.050989
v -0.014507 1.270185 0.051394
v -0.052568 1.070470 0.138524
v -0.052922 1.066070 0.139424
v -0.055507 1.033879 0.146010
v 0.284750 1.269417 -0.041910
v -0.245121 1.071623 -0.088610
v -0.217821 1.060353 0.105664
v -0.030397 1.049033 0.147991
v 0.274704 1.243232 0.064650
v -0.075726 1.052276 0.137632
v -0.274704 1.243232 0.064650
v -0.000000 1.021753 -0.087312
v -0.284750 1.269417 -0.041910
v 0.030397 1.049033 0.147991
v 0.245121 1.071623 -0.088610
v 0.217821 1.060353 0.105664
v 0.075726 1.052276 0.137632
v -0.034624 1.049336 0.147025
v 0.034624 1.049336 0.147025
v 0.054153 1.050733 0.142562
v -0.054153 1.050733 0.142562
v -0.279266 1.243079 0.065036
v -0.000000 1.016822 -0.087928
v -0.289591 1.269513 -0.042364
v 0.030208 1.045262 0.148801
v 0.248630 1.066865 -0.089118
v 0.221215 1.056103 0.106172
v 0.076467 1.048613 0.138347
v 0.034522 1.045574 0.147826
v 0.054452 1.047018 0.143322
v 0.289591 1.269513 -0.042364
v -0.248630 1.066865 -0.089118
v -0.221215 1.056103 0.106172
v -0.030209 1.045262 0.148801
v 0.279266 1.243079 0.065036
v -0.076467 1.048613 0.138347
v -0.034522 1.045574 0.147826
v -0.054452 1.047018 0.143322
v 0.281050 1.269343 -0.041563
v -0.242525 1.074141 -0.088245
v -0.214998 1.063708 0.105622
v -0.030541 1.051916 0.147372
v 0.271218 1.243350 0.064355
v -0.075161 1.055075 0.137086
v -0.034701 1.052211 0.146413
v -0.053925 1.053572 0.141981
v -0.271218 1.243350 0.064355
v -0.000000 1.026483 -0.086854
v -0.281050 1.269343 -0.041563
v 0.030541 1.051916 0.147372
v 0.242525 1.074141 -0.088245
v 0.214998 1.063708 0.105622
v 0.075161 1.055075 0.137086
v 0.034701 1.052211 0.146413
v 0.053925 1.053572 0.141981
v -0.022636 1.277593 0.044145
v -0.074540 1.031462 0.142758
v -0.022766 1.238594 0.078095
v -0.023109 1.255623 0.044857
v -0.050776 1.141346 0.123515
v -0.021528 1.248809 0.042457
v -0.023598 1.273600 0.045779
v -0.022763 1.252259 0.044594
v -0.023752 1.270185 0.045786
v -0.067546 1.071458 0.134872
v -0.068307 1.067105 0.135730
v -0.073875 1.035264 0.142009
v -0.070960 1.051935 0.138721
v -0.071603 1.048261 0.139446
v -0.070469 1.054743 0.138168
v 0.022766 1.238594 0.078095
v 0.074540 1.031462 0.142758
v 0.050776 1.141346 0.123515
v 0.021528 1.248809 0.042457
v 0.021672 1.255779 0.042753
v 0.022763 1.252259 0.044594
v 0.023598 1.273600 0.045779
v 0.022315 1.270341 0.043682
v 0.067546 1.071458 0.134872
v 0.068307 1.067105 0.135730
v 0.073875 1.035264 0.142009
v 0.022636 1.277593 0.044145
v 0.070960 1.051935 0.138721
v 0.071603 1.048261 0.139446
v 0.070469 1.054743 0.138168
v -0.050404 1.029623 0.147963
v -0.010607 1.236557 0.084353
v -0.010108 1.255778 0.050451
v -0.034754 1.137582 0.128609
v -0.010030 1.247870 0.050271
v -0.010995 1.273600 0.053267
v -0.010606 1.252259 0.052837
v -0.010407 1.270340 0.050925
v -0.048239 1.070184 0.139580
v -0.048475 1.065771 0.140492
v -0.050198 1.033479 0.147166
v -0.010547 1.277593 0.051148
v -0.049296 1.050385 0.143672
v -0.049495 1.046659 0.144442
v -0.049144 1.053233 0.143083
v 0.010546 1.277593 0.051148
v 0.010607 1.236557 0.084353
v 0.050404 1.029623 0.147963
v 0.034754 1.137582 0.128609
v 0.010030 1.247870 0.050271
v 0.010097 1.255779 0.050435
v 0.010606 1.252259 0.052837
v 0.010995 1.273600 0.053267
v 0.010397 1.270341 0.050911
v 0.048239 1.070184 0.139580
v 0.048475 1.065771 0.140492
v 0.050198 1.033479 0.147166
v 0.049296 1.050385 0.143672
v 0.049495 1.046659 0.144442
v 0.049144 1.053233 0.143083
v 0.011970 1.236785 0.083652
v 0.053110 1.029829 0.147380
v 0.036550 1.138004 0.128038
v 0.011319 1.247975 0.049395
v 0.011395 1.255779 0.049574
v 0.011969 1.252259 0.051913
v 0.012407 1.273600 0.052428
v 0.011733 1.270341 0.050100
v 0.050404 1.070327 0.139052
v 0.050698 1.065920 0.139958
v 0.052853 1.033679 0.146588
v 0.051725 1.050559 0.143117
v 0.051973 1.046839 0.143882
v 0.051535 1.053403 0.142532
v 0.011902 1.277593 0.050362
v -0.011902 1.277593 0.050362
v -0.053110 1.029829 0.147380
v -0.011970 1.236785 0.083652
v -0.012169 1.255695 0.050707
v -0.036550 1.138004 0.128038
v -0.011319 1.247975 0.049395
v -0.012408 1.273600 0.052428
v -0.011969 1.252259 0.051913
v -0.012504 1.270258 0.051228
v -0.050404 1.070327 0.139052
v -0.050698 1.065920 0.139958
v -0.052853 1.033679 0.146588
v -0.051725 1.050559 0.143117
v -0.051973 1.046839 0.143882
v -0.051535 1.053403 0.142532
v 0.054308 1.253874 0.012980
v 0.064118 1.256319 0.014821
v 0.053500 1.255483 -0.013581
v 0.063599 1.258833 -0.017031
v 0.233534 1.274839 -0.021059
v 0.220515 1.274520 -0.023672
v 0.232963 1.271291 0.005095
v 0.219509 1.270110 0.008688
v 0.049365 1.254357 0.007278
v 0.061654 1.257023 -0.000559
v 0.048823 1.255227 -0.007159
v 0.237401 1.273924 -0.013716
v 0.228850 1.272529 -0.007904
v 0.237477 1.272423 -0.002994
v 0.063139 1.254028 0.018156
v 0.050748 1.252969 0.014241
v 0.050341 1.254806 -0.014286
v 0.062602 1.256869 -0.019206
v 0.224459 1.273856 -0.027775
v 0.241624 1.273395 -0.022941
v 0.240653 1.269529 0.005977
v 0.221534 1.268795 0.012644
v 0.045880 1.253666 0.007508
v 0.045764 1.254603 -0.006961
v 0.246105 1.272312 -0.014218
v 0.245807 1.270876 -0.003469
v 0.054667 1.245525 0.012186
v 0.064477 1.247969 0.014026
v 0.053859 1.247134 -0.014376
v 0.063958 1.250484 -0.017825
v 0.233917 1.267556 -0.021752
v 0.220897 1.267237 -0.024365
v 0.233345 1.264008 0.004402
v 0.219891 1.262826 0.007995
v 0.049725 1.246007 0.006483
v 0.062013 1.248674 -0.001353
v 0.049182 1.246878 -0.007954
v 0.237784 1.266641 -0.014409
v 0.229232 1.265245 -0.008597
v 0.237859 1.265140 -0.003687
v 0.063498 1.245679 0.017361
v 0.051107 1.244619 0.013447
v 0.050700 1.246457 -0.015080
v 0.062961 1.248520 -0.020000
v 0.224841 1.266573 -0.028468
v 0.242007 1.266112 -0.023634
v 0.241035 1.262246 0.005284
v 0.221916 1.261512 0.011951
v 0.046239 1.245317 0.006713
v 0.046123 1.246253 -0.007755
v 0.246487 1.265028 -0.014911
v 0.246189 1.263593 -0.004162
v 0.505340 1.224929 -0.018368
v 0.517438 1.227428 -0.018518
v 0.502077 1.219572 0.007511
v 0.514255 1.220675 0.012555
v 0.366577 1.253414 0.013073
v 0.379447 1.252102 0.016083
v 0.368587 1.260579 -0.012256
v 0.382234 1.260949 -0.015247
v 0.499377 1.221466 -0.013724
v 0.513235 1.223620 -0.003893
v 0.497486 1.218511 0.000323
v 0.363118 1.255493 0.005764
v 0.371991 1.256543 0.000375
v 0.363634 1.258388 -0.004656
v 0.515828 1.229521 -0.021808
v 0.501160 1.224293 -0.020212
v 0.498211 1.218652 0.007661
v 0.512132 1.221732 0.014662
v 0.375314 1.249851 0.019351
v 0.358438 1.251325 0.013760
v 0.360998 1.259302 -0.014204
v 0.380448 1.261316 -0.019509
v 0.495247 1.220531 -0.014556
v 0.493854 1.217707 -0.000402
v 0.354443 1.253800 0.005085
v 0.355331 1.256765 -0.005312
v 0.502390 1.232647 -0.016863
v 0.514487 1.235146 -0.017013
v 0.499126 1.227290 0.009016
v 0.511304 1.228393 0.014059
v 0.366337 1.246457 0.010790
v 0.379207 1.245145 0.013800
v 0.368347 1.253622 -0.014539
v 0.381993 1.253992 -0.017530
v 0.496426 1.229184 -0.012219
v 0.510284 1.231338 -0.002388
v 0.494535 1.226229 0.001828
v 0.362878 1.248536 0.003481
v 0.371751 1.249586 -0.001908
v 0.363394 1.251431 -0.006939
v 0.512877 1.237239 -0.020303
v 0.498209 1.232011 -0.018707
v 0.495260 1.226369 0.009166
v 0.509181 1.229450 0.016167
v 0.375074 1.242895 0.017068
v 0.358198 1.244368 0.011477
v 0.360757 1.252345 -0.016487
v 0.380208 1.254359 -0.021792
v 0.492297 1.228249 -0.013051
v 0.490904 1.225425 0.001103
v 0.354202 1.246843 0.002802
v 0.355091 1.249808 -0.007595
v 0.386701 1.252821 0.011110
v 0.378926 1.253929 0.007571
v 0.376047 1.256679 -0.000068
v 0.379749 1.259460 -0.007331
v 0.387865 1.260644 -0.009964
v 0.395640 1.259537 -0.006425
v 0.398520 1.256787 0.001214
v 0.394817 1.254005 0.008477
v 0.380408 1.261624 -0.005678
v 0.394778 1.261693 -0.004859
v 0.377059 1.259108 0.000890
v 0.397382 1.259206 0.002049
v 0.379663 1.256621 0.007797
v 0.394033 1.256690 0.008617
v 0.386694 1.255620 0.010998
v 0.387747 1.262694 -0.008059
v 0.396254 1.258617 0.001321
v 0.393299 1.256397 0.007118
v 0.393956 1.260812 -0.004775
v 0.380616 1.256335 0.006395
v 0.381273 1.260750 -0.005499
v 0.386821 1.255451 0.009220
v 0.387751 1.261695 -0.007600
v 0.384051 1.198124 0.032439
v 0.384051 1.240304 -0.027609
v 0.378318 1.258530 0.000298
v 0.384051 1.125269 0.041183
v 0.384051 1.146816 -0.054669
v 0.382933 1.260867 -0.003042
v 0.391850 1.260910 -0.002534
v 0.380855 1.259306 0.001033
v 0.393466 1.259366 0.001753
v 0.382471 1.257762 0.005320
v 0.391388 1.257805 0.005828
v 0.386834 1.257141 0.007306
v 0.387487 1.261531 -0.004520
v 0.392343 1.257101 0.006473
v 0.394860 1.258991 0.001537
v 0.392903 1.260861 -0.003655
v 0.387619 1.261613 -0.006060
v 0.382103 1.260809 -0.004271
v 0.379586 1.258918 0.000666
v 0.381543 1.257049 0.005857
v 0.386827 1.256296 0.008263
v -0.384052 1.146816 -0.054669
v -0.384052 1.125269 0.041183
v -0.384052 1.240304 -0.027609
v -0.384052 1.198124 0.032439
v 0.525073 1.249750 0.017778
v 0.525073 1.261813 -0.018592
v 0.525073 1.249387 -0.002253
v 0.525073 1.252304 0.015952
v 0.525073 1.262256 -0.014583
v 0.525073 1.242049 0.015249
v 0.525073 1.254130 -0.021109
v 0.525073 1.257082 0.000271
v 0.525073 1.244606 0.013427
v 0.525073 1.254571 -0.017102
v 0.532546 1.240032 0.017055
v 0.534618 1.240246 0.014916
v 0.525625 1.248348 -0.020053
v 0.526482 1.244290 -0.001318
v 0.535636 1.246912 -0.016342
v 0.524269 1.240501 0.016858
v 0.526338 1.240994 0.014722
v 0.533887 1.247881 -0.019862
v 0.534746 1.243579 -0.001124
v 0.527369 1.247447 -0.016535
v -0.505340 1.224929 -0.018368
v -0.517438 1.227428 -0.018518
v -0.502077 1.219572 0.007511
v -0.514255 1.220675 0.012555
v -0.366577 1.253414 0.013073
v -0.379448 1.252102 0.016083
v -0.368587 1.260579 -0.012256
v -0.382234 1.260949 -0.015247
v -0.499377 1.221466 -0.013724
v -0.513235 1.223620 -0.003893
v -0.497486 1.218511 0.000323
v -0.363118 1.255493 0.005764
v -0.371991 1.256543 0.000375
v -0.363634 1.258388 -0.004656
v -0.515828 1.229521 -0.021808
v -0.501160 1.224293 -0.020212
v -0.498211 1.218652 0.007661
v -0.512132 1.221732 0.014662
v -0.375314 1.249851 0.019351
v -0.358438 1.251325 0.013760
v -0.360998 1.259302 -0.014204
v -0.380448 1.261316 -0.019509
v -0.495247 1.220531 -0.014556
v -0.493855 1.217707 -0.000402
v -0.354443 1.253800 0.005085
v -0.355331 1.256765 -0.005312
v -0.502390 1.232647 -0.016863
v -0.514487 1.235146 -0.017013
v -0.499126 1.227290 0.009016
v -0.511304 1.228393 0.014059
v -0.366337 1.246457 0.010790
v -0.379207 1.245145 0.013800
v -0.368347 1.253622 -0.014539
v -0.381993 1.253992 -0.017530
v -0.496426 1.229184 -0.012219
v -0.510284 1.231338 -0.002388
v -0.494535 1.226229 0.001828
v -0.362878 1.248536 0.003481
v -0.371751 1.249586 -0.001908
v -0.363394 1.251431 -0.006939
v -0.512877 1.237239 -0.020303
v -0.498209 1.232011 -0.018707
v -0.495261 1.226369 0.009166
v -0.509181 1.229450 0.016167
v -0.375074 1.242895 0.017068
v -0.358198 1.244368 0.011477
v -0.360757 1.252345 -0.016487
v -0.380208 1.254359 -0.021792
v -0.492297 1.228249 -0.013051
v -0.490904 1.225425 0.001103
v -0.354202 1.246843 0.002802
v -0.355091 1.249808 -0.007595
v -0.386701 1.252821 0.011110
v -0.378926 1.253929 0.007571
v -0.376047 1.256679 -0.000068
v -0.379750 1.259460 -0.007331
v -0.387865 1.260644 -0.009964
v -0.395640 1.259537 -0.006425
v -0.398520 1.256787 0.001214
v -0.394817 1.254005 0.008477
v -0.380408 1.261624 -0.005678
v -0.394778 1.261693 -0.004859
v -0.377059 1.259108 0.000890
v -0.397382 1.259206 0.002049
v -0.379663 1.256621 0.007797
v -0.394033 1.256690 0.008617
v -0.386694 1.255620 0.010998
v -0.387747 1.262694 -0.008059
v -0.396254 1.258617 0.001321
v -0.393299 1.256397 0.007118
v -0.393956 1.260812 -0.004775
v -0.380616 1.256335 0.006395
v -0.381273 1.260750 -0.005499
v -0.386821 1.255451 0.009220
v -0.387751 1.261695 -0.007600
v -0.378318 1.258530 0.000298
v -0.382933 1.260867 -0.003042
v -0.391850 1.260910 -0.002534
v -0.380855 1.259306 0.001033
v -0.393466 1.259366 0.001753
v -0.382471 1.257762 0.005320
v -0.391388 1.257805 0.005828
v -0.386834 1.257141 0.007306
v -0.387487 1.261531 -0.004520
v -0.392343 1.257101 0.006473
v -0.394860 1.258991 0.001537
v -0.392903 1.260861 -0.003655
v -0.387619 1.261613 -0.006060
v -0.382103 1.260809 -0.004271
v -0.379586 1.258918 0.000666
v -0.381543 1.257049 0.005857
v -0.386827 1.256296 0.008263
v -0.525073 1.249750 0.017778
v -0.525073 1.261813 -0.018592
v -0.525073 1.249387 -0.002253
v -0.525073 1.252304 0.015952
v -0.525073 1.262256 -0.014583
v -0.525073 1.242049 0.015249
v -0.525073 1.254130 -0.021109
v -0.525073 1.257082 0.000271
v -0.525073 1.244606 0.013427
v -0.525073 1.254571 -0.017102
v -0.532546 1.240032 0.017055
v -0.534618 1.240246 0.014916
v -0.525625 1.248348 -0.020053
v -0.526482 1.244290 -0.001318
v -0.535636 1.246912 -0.016342
v -0.524269 1.240501 0.016858
v -0.526338 1.240994 0.014722
v -0.533887 1.247881 -0.019862
v -0.534746 1.243579 -0.001124
v -0.527369 1.247447 -0.016535
v -0.000000 1.040059 0.125287
v -0.000000 0.980583 0.126951
v -0.040711 1.028292 0.112394
v 0.040711 1.028292 0.112394
v -0.000000 1.030776 0.125616
v 0.042426 0.993552 0.111709
v -0.000000 0.991068 0.126588
v -0.042426 0.993552 0.111709
v -0.031572 1.040059 0.115391
v -0.033866 0.980583 0.114838
v -0.033132 1.030776 0.115281
v -0.034520 0.991068 0.114958
v 0.033866 0.980583 0.114838
v 0.031572 1.040059 0.115391
v 0.033132 1.030776 0.115281
v 0.034520 0.991068 0.114958
v -0.041170 1.010922 0.112051
v -0.033427 1.010922 0.115120
v -0.033573 1.006746 0.115086
v -0.010988 1.010922 0.121777
v -0.011134 1.006746 0.121743
v -0.033281 1.015098 0.115154
v -0.010842 1.015098 0.121811
v -0.022208 1.010922 0.121358
v -0.022353 1.006746 0.121324
v -0.022062 1.015098 0.121392
v 0.111412 1.259782 -0.021452
v 0.113230 1.258683 -0.024910
v 0.115309 1.257851 -0.005448
v 0.111036 1.256005 0.010738
v 0.111814 1.254365 0.014487
v 0.111741 1.252143 -0.022179
v 0.113559 1.251044 -0.025637
v 0.115637 1.250212 -0.006175
v 0.111365 1.248366 0.010011
v 0.112142 1.246725 0.013760
v 0.009642 1.185937 0.111433
v 0.094743 1.207977 0.078959
v 0.109221 1.233799 0.046486
v -0.118793 1.247115 -0.053377
v 0.118793 1.247115 -0.053377
v 0.095205 1.205466 -0.059728
v -0.009642 1.185937 0.111433
v -0.094743 1.207977 0.078959
v -0.095205 1.205466 -0.059728
v -0.000000 1.203397 -0.061374
v -0.109221 1.233799 0.046486
v -0.038777 1.192957 0.099556
v 0.038777 1.192957 0.099556
v -0.012362 1.186591 0.110325
v 0.012362 1.186591 0.110325
v 0.024913 1.189616 0.105208
v -0.024913 1.189616 0.105208
v -0.035714 1.192219 0.100805
v 0.035714 1.192219 0.100805
v -0.021790 1.188864 0.106481
v 0.021790 1.188864 0.106481
v 0.023351 1.189240 0.105845
v -0.023351 1.189240 0.105845
v 0.093973 1.250522 -0.021348
v 0.094084 1.249370 0.013287
v 0.094322 1.242417 -0.022117
v 0.094433 1.241279 0.012518
v 0.093910 1.252172 -0.018691
v 0.094175 1.249802 -0.002395
v 0.093775 1.247046 0.016778
v 0.094258 1.244077 -0.019460
v 0.094523 1.241719 -0.003164
v 0.094125 1.238944 0.016009
v -0.111412 1.259782 -0.021452
v -0.113230 1.258683 -0.024910
v -0.115309 1.257851 -0.005448
v -0.111036 1.256005 0.010738
v -0.111814 1.254365 0.014487
v -0.111741 1.252143 -0.022179
v -0.113559 1.251044 -0.025637
v -0.115637 1.250212 -0.006175
v -0.111365 1.248366 0.010011
v -0.112143 1.246725 0.013760
v -0.093973 1.250522 -0.021348
v -0.094084 1.249370 0.013287
v -0.094322 1.242417 -0.022117
v -0.094433 1.241279 0.012518
v -0.093910 1.252172 -0.018691
v -0.094175 1.249802 -0.002395
v -0.093775 1.247046 0.016778
v -0.094258 1.244077 -0.019460
v -0.094523 1.241719 -0.003164
v -0.094125 1.238944 0.016009
v -0.220735 1.275064 -0.002507
v -0.215470 1.275205 -0.005064
v -0.213548 1.275960 -0.010542
v -0.216093 1.276886 -0.015732
v -0.221616 1.277440 -0.017594
v -0.226881 1.277298 -0.015037
v -0.228803 1.276543 -0.009559
v -0.226258 1.275617 -0.004369
v -0.221465 1.277663 -0.016070
v -0.220738 1.275701 -0.003613
v -0.225297 1.276158 -0.005150
v -0.216391 1.275818 -0.005724
v -0.227399 1.276922 -0.009436
v -0.214803 1.276441 -0.010247
v -0.225812 1.277546 -0.013959
v -0.216905 1.277206 -0.014532
v -0.212292 1.275479 -0.010836
v -0.221767 1.277217 -0.019118
v -0.220733 1.274426 -0.001401
v -0.215281 1.276566 -0.016932
v -0.214550 1.274593 -0.004403
v -0.227950 1.277051 -0.016116
v -0.227218 1.275077 -0.003588
v -0.230208 1.276164 -0.009683
v -0.221749 1.278104 -0.019767
v -0.220578 1.274942 0.000307
v -0.227926 1.275679 -0.002171
v -0.213573 1.275131 -0.003095
v -0.231313 1.276911 -0.009077
v -0.211014 1.276135 -0.010384
v -0.228755 1.277915 -0.016365
v -0.214401 1.277367 -0.017290
v -0.228765 1.273038 -0.001766
v -0.232510 1.274399 -0.009402
v -0.229681 1.275510 -0.017463
v -0.221934 1.275719 -0.021224
v -0.213808 1.274904 -0.018484
v -0.210063 1.273542 -0.010848
v -0.212892 1.272431 -0.002788
v -0.220639 1.272222 0.000974
v 0.220735 1.275064 -0.002507
v 0.215470 1.275205 -0.005064
v 0.213548 1.275960 -0.010542
v 0.216093 1.276886 -0.015732
v 0.221616 1.277440 -0.017594
v 0.226881 1.277298 -0.015037
v 0.228803 1.276543 -0.009559
v 0.226258 1.275617 -0.004369
v 0.221465 1.277663 -0.016070
v 0.220738 1.275701 -0.003613
v 0.225297 1.276158 -0.005150
v 0.216391 1.275818 -0.005724
v 0.227399 1.276922 -0.009436
v 0.214803 1.276441 -0.010247
v 0.225812 1.277546 -0.013959
v 0.216905 1.277206 -0.014532
v 0.212292 1.275479 -0.010836
v 0.221767 1.277217 -0.019118
v 0.220733 1.274426 -0.001401
v 0.215281 1.276566 -0.016932
v 0.214550 1.274593 -0.004403
v 0.227950 1.277051 -0.016116
v 0.227218 1.275077 -0.003588
v 0.230208 1.276164 -0.009683
v 0.221749 1.278104 -0.019767
v 0.220578 1.274942 0.000307
v 0.227926 1.275679 -0.002171
v 0.213573 1.275131 -0.003095
v 0.231313 1.276911 -0.009077
v 0.211014 1.276135 -0.010384
v 0.228755 1.277915 -0.016365
v 0.214401 1.277367 -0.017290
v 0.228765 1.273038 -0.001766
v 0.232510 1.274399 -0.009402
v 0.229681 1.275510 -0.017463
v 0.221934 1.275719 -0.021224
v 0.213808 1.274904 -0.018484
v 0.210063 1.273542 -0.010848
v 0.212892 1.272431 -0.002788
v 0.220639 1.272222 0.000974
v 0.546410 1.191493 0.010815
v 0.547360 1.196994 -0.001208
v 0.547620 1.197829 -0.016680
v 0.546996 1.193777 -0.031570
v 0.542599 1.174290 0.017004
v 0.543449 1.180111 -0.044585
v 0.540592 1.170001 -0.040905
v 0.545751 1.188901 -0.040320
v 0.544588 1.180983 0.019691
v 0.540145 1.167808 -0.003585
v 0.540425 1.166191 -0.027721
v 0.539777 1.168720 -0.011454
v 0.539379 1.170915 -0.019318
v 0.529848 1.182675 -0.034722
v 0.531122 1.182818 0.009244
v 0.532400 1.189397 0.005250
v 0.526963 1.170939 -0.011809
v 0.531463 1.189306 -0.032391
v 0.526673 1.172148 -0.017043
v 0.532710 1.194831 -0.024529
v 0.527564 1.169524 -0.001319
v 0.529127 1.175140 0.006650
v 0.532933 1.194275 -0.002249
v 0.533115 1.196352 -0.014277
v 0.528483 1.176607 -0.032126
v 0.527918 1.172530 -0.025551
v 0.595248 1.173663 -0.016998
v 0.596015 1.175635 -0.001457
v 0.595220 1.174039 -0.032057
v 0.590039 1.188243 -0.045277
v 0.594543 1.175365 -0.045574
v 0.594775 1.173090 0.013985
v 0.591913 1.192006 -0.031860
v 0.592156 1.193914 -0.015058
v 0.592317 1.193859 0.001177
v 0.592521 1.188779 0.017500
v 0.579747 1.186652 0.021945
v 0.583304 1.194973 0.001439
v 0.582976 1.195443 -0.015282
v 0.582396 1.192626 -0.032284
v 0.579307 1.162421 0.007301
v 0.579566 1.178297 -0.049182
v 0.577400 1.171844 -0.046390
v 0.579889 1.188458 -0.045866
v 0.575823 1.170114 -0.033846
v 0.577403 1.171116 -0.020617
v 0.557068 1.169299 -0.020408
v 0.559183 1.166097 -0.008540
v 0.556256 1.166129 -0.030218
v 0.558563 1.164895 -0.000413
v 0.567482 1.177820 0.030998
v 0.562004 1.188318 -0.045639
v 0.556086 1.169535 -0.044783
v 0.561135 1.178410 -0.048740
v 0.566751 1.167892 0.028509
v 0.563877 1.193748 -0.033158
v 0.564738 1.197725 -0.016375
v 0.564301 1.196784 0.000373
v 0.565241 1.191072 0.015320
v 0.602885 1.186393 0.015323
v 0.601947 1.191364 0.002007
v 0.603811 1.176350 0.012150
v 0.662859 1.177003 0.012254
v 0.662945 1.177331 0.006460
v 0.657917 1.173417 0.006076
v 0.657104 1.173054 0.010988
v 0.604757 1.176744 -0.003665
v 0.602554 1.190454 -0.002325
v 0.603079 1.190085 -0.014247
v 0.662886 1.175101 -0.006512
v 0.662972 1.174806 -0.011607
v 0.667881 1.180112 -0.005769
v 0.667871 1.180563 -0.011314
v 0.602434 1.190348 -0.018483
v 0.602341 1.189071 -0.030111
v 0.657855 1.175887 -0.027512
v 0.657505 1.175889 -0.022258
v 0.662656 1.182008 -0.021595
v 0.662619 1.181580 -0.027649
v 0.601219 1.186264 -0.044774
v 0.602346 1.175865 -0.045748
v 0.601357 1.189461 -0.034889
v 0.602474 1.176961 -0.034913
v 0.652380 1.179750 -0.044045
v 0.648403 1.175623 -0.043949
v 0.652718 1.180736 -0.039223
v 0.648511 1.175547 -0.039351
v 0.650473 1.171145 0.011599
v 0.651611 1.171641 0.005020
v 0.656330 1.179603 0.005487
v 0.655999 1.179111 0.013381
v 0.655302 1.172415 -0.012015
v 0.661785 1.182325 -0.012033
v 0.661823 1.181712 -0.004680
v 0.655208 1.172800 -0.005147
v 0.651349 1.173492 -0.021381
v 0.651812 1.173498 -0.028251
v 0.655959 1.183747 -0.020435
v 0.656034 1.183202 -0.028453
v 0.647621 1.182117 -0.038161
v 0.643841 1.173563 -0.038375
v 0.643704 1.173669 -0.044361
v 0.647216 1.180801 -0.044465
v 0.628781 1.183954 0.014257
v 0.629256 1.184604 0.003892
v 0.631466 1.186494 -0.013376
v 0.631876 1.185934 -0.003359
v 0.628959 1.175184 -0.004426
v 0.628851 1.174791 -0.013726
v 0.627568 1.175632 -0.029089
v 0.627015 1.175611 -0.020399
v 0.629763 1.186837 -0.019640
v 0.629967 1.186332 -0.029513
v 0.624797 1.183899 -0.044977
v 0.624904 1.185208 -0.036713
v 0.629100 1.171963 -0.045342
v 0.636973 1.183006 0.004364
v 0.639302 1.173022 0.004250
v 0.636531 1.182298 0.013986
v 0.629468 1.175093 0.003602
v 0.631839 1.183808 0.014196
v 0.627698 1.174670 0.012236
v 0.632303 1.184496 0.004113
v 0.637770 1.172605 0.012018
v 0.635189 1.183974 0.004290
v 0.634737 1.183256 0.014096
v 0.614073 1.168156 0.039472
v 0.612936 1.176289 0.042063
v 0.609776 1.172214 0.045549
v 0.610073 1.167090 0.043772
v 0.616124 1.168782 0.043086
v 0.615526 1.173471 0.044621
v 0.612995 1.171444 0.045515
v 0.613180 1.168265 0.044412
v 0.637938 1.173292 -0.013260
v 0.634660 1.186017 -0.013215
v 0.635058 1.185457 -0.003505
v 0.638040 1.173653 -0.004775
v 0.627969 1.186473 -0.013562
v 0.628380 1.185912 -0.003263
v 0.632874 1.185961 -0.029381
v 0.632678 1.186448 -0.019749
v 0.637834 1.185083 -0.013079
v 0.638208 1.184381 -0.003689
v 0.635137 1.174280 -0.020691
v 0.635260 1.185581 -0.019829
v 0.635435 1.184970 -0.029242
v 0.635635 1.174307 -0.028754
v 0.626089 1.186766 -0.019453
v 0.626342 1.186236 -0.029607
v 0.628292 1.184162 -0.036877
v 0.628455 1.173455 -0.036957
v 0.628160 1.182593 -0.044846
v 0.618564 1.175002 -0.036242
v 0.621364 1.184391 -0.045040
v 0.621472 1.185715 -0.036482
v 0.617554 1.184407 -0.045030
v 0.617663 1.185770 -0.036155
v 0.618689 1.173990 -0.045666
v 0.396039 1.181500 -0.036716
v 0.399579 1.202338 0.011493
v 0.389369 1.156864 -0.011773
v 0.395664 1.171761 0.021448
v 0.398450 1.192770 -0.038010
v 0.401401 1.205431 -0.032912
v 0.390167 1.162464 -0.020645
v 0.403092 1.215211 -0.019136
v 0.392533 1.157073 0.014216
v 0.402408 1.213302 -0.004925
v 0.393681 1.169674 -0.030885
v 0.389981 1.150090 0.000848
v 0.396883 1.187043 0.020158
v 0.520094 1.181765 -0.033295
v 0.521616 1.188596 -0.031759
v 0.516839 1.171200 -0.017427
v 0.522772 1.195560 -0.024290
v 0.518791 1.175225 0.005608
v 0.522922 1.197309 -0.014795
v 0.518182 1.172364 -0.025217
v 0.521294 1.190169 0.004804
v 0.518998 1.176634 -0.030789
v 0.522293 1.195371 -0.002731
v 0.516872 1.170300 -0.011129
v 0.520554 1.183368 0.008034
v 0.517291 1.169406 -0.001877
v 0.589471 1.175099 0.036769
v 0.589197 1.167440 0.034419
v 0.592714 1.174845 0.038207
v 0.592512 1.167513 0.035854
v 0.596583 1.180825 0.029345
v 0.587204 1.175238 0.035389
v 0.586846 1.167415 0.033026
v 0.599404 1.167473 0.026420
v 0.607681 1.167802 0.032611
v 0.605409 1.179358 0.035388
v 0.595738 1.174604 0.039138
v 0.595631 1.167425 0.036782
v 0.577341 1.167395 0.003363
v 0.575775 1.170811 -0.005631
v 0.603242 1.182995 0.014316
v 0.605236 1.186162 0.015178
v 0.604441 1.190361 0.002187
v 0.605045 1.177444 0.001791
v 0.604331 1.182621 0.014199
v 0.606395 1.189067 -0.014082
v 0.605964 1.189240 -0.002409
v 0.604676 1.176259 -0.014525
v 0.606026 1.189244 -0.018540
v 0.606001 1.188075 -0.029912
v 0.604244 1.177157 -0.029444
v 0.604127 1.176814 -0.019493
v 0.604110 1.185864 -0.044765
v 0.604247 1.188521 -0.035028
vn -0.0000 -0.2320 -0.9727
vn 0.8267 -0.1781 -0.5338
vn 0.8469 -0.1207 -0.5178
vn 0.8499 -0.0090 0.5269
vn 0.8391 -0.0320 0.5430
vn -0.8267 -0.1781 -0.5338
vn -0.0000 -0.3352 -0.9422
vn -0.8469 -0.1207 -0.5178
vn -0.8499 -0.0090 0.5269
vn -0.8139 -0.0384 -0.5797
vn -0.8405 -0.0519 0.5393
vn -0.8366 -0.0800 -0.5420
vn -0.0000 -0.0581 -0.9983
vn -0.0000 -0.1268 -0.9919
vn 0.8139 -0.0384 -0.5797
vn 0.8405 -0.0519 0.5393
vn 0.8418 -0.0372 0.5385
vn 0.8366 -0.0800 -0.5420
vn -0.0000 0.1378 -0.9905
vn -0.0190 0.2113 -0.9772
vn -0.0000 0.2151 -0.9766
vn -0.4940 0.6239 -0.6056
vn -0.7535 0.4298 0.4975
vn -0.3254 0.5765 0.7495
vn -0.3757 -0.6429 -0.6674
vn -0.7676 -0.4397 0.4662
vn -0.8091 -0.4130 -0.4182
vn 0.7275 0.4594 -0.5097
vn 0.8867 0.2418 0.3940
vn 0.7878 -0.4288 0.4421
vn -0.8568 0.2839 -0.4304
vn -0.0163 0.6339 0.7732
vn 0.8211 -0.2030 -0.5335
vn 0.6190 -0.6726 0.4055
vn 0.8384 0.4286 -0.3366
vn -0.8169 0.1932 -0.5434
vn -0.8377 0.1825 0.5148
vn -0.7532 0.3810 -0.5363
vn 0.3740 -0.0707 -0.9247
vn -0.0000 -0.4550 -0.8905
vn 0.1343 -0.1900 -0.9726
vn -0.1038 -0.0875 0.9907
vn -0.0000 -0.2574 0.9663
vn -0.0000 -0.0961 0.9954
vn -0.1781 0.1387 -0.9742
vn -0.3571 -0.0369 -0.9333
vn -0.2405 0.0580 0.9689
vn -0.1918 0.0107 0.9814
vn 0.0311 -0.1851 0.9822
vn -0.0000 -0.9993 -0.0382
vn 0.5909 -0.6436 -0.4864
vn -0.0000 -0.8497 0.5273
vn -0.2667 -0.3524 -0.8970
vn -0.3725 -0.4138 -0.8307
vn -0.5909 -0.6436 -0.4864
vn -0.8654 0.1343 0.4827
vn -0.8773 0.0651 -0.4756
vn -0.8031 0.0148 0.5957
vn -0.2484 -0.1546 0.9562
vn -0.2315 -0.0923 0.9684
vn -0.2053 -0.9783 -0.0279
vn 0.5988 0.1124 0.7930
vn 0.4693 -0.8686 -0.1589
vn -0.3502 -0.2450 -0.9041
vn 0.3512 -0.1137 -0.9294
vn 0.8259 -0.1234 -0.5502
vn 0.3852 -0.1170 -0.9154
vn -0.9872 -0.1073 0.1178
vn -0.5729 -0.0753 0.8161
vn -0.5559 -0.1023 0.8249
vn 0.1187 -0.0820 0.9895
vn 0.7363 -0.0871 0.6710
vn 0.7836 -0.0879 0.6151
vn 0.9062 -0.1148 -0.4071
vn -0.4095 -0.1468 -0.9004
vn -0.5500 -0.1443 -0.8226
vn -0.5737 0.0880 -0.8143
vn -0.9859 -0.1670 0.0108
vn -0.5452 -0.1930 -0.8158
vn 0.7531 -0.1932 0.6290
vn 0.9128 0.0188 -0.4079
vn 0.8391 -0.2195 -0.4977
vn -0.6642 -0.2534 0.7033
vn -0.5969 -0.1745 0.7831
vn 0.2693 -0.1519 -0.9510
vn 0.3378 0.1435 -0.9302
vn -0.9925 0.0045 0.1221
vn -0.5305 0.1084 -0.8407
vn 0.8880 0.0151 0.4597
vn 0.9376 0.0775 -0.3388
vn 0.3054 -0.0504 0.9509
vn -0.5634 -0.0424 0.8251
vn 0.3677 0.1339 -0.9202
vn -0.3512 -0.1137 -0.9294
vn -0.8259 -0.1234 -0.5502
vn -0.9062 -0.1148 -0.4071
vn 0.9872 -0.1073 0.1178
vn 0.5729 -0.0753 0.8161
vn 0.9941 -0.0652 0.0869
vn -0.1187 -0.0820 0.9895
vn -0.7363 -0.0871 0.6710
vn -0.0541 -0.0607 0.9967
vn -0.7836 -0.0879 0.6151
vn 0.4095 -0.1468 -0.9004
vn 0.5500 -0.1443 -0.8226
vn 0.9859 -0.1670 0.0108
vn 0.5737 0.0880 -0.8143
vn 0.5452 -0.1930 -0.8158
vn -0.7531 -0.1932 0.6290
vn -0.9128 0.0188 -0.4079
vn -0.7636 -0.2120 0.6099
vn -0.1077 -0.1309 0.9855
vn -0.1116 -0.1880 0.9758
vn 0.6642 -0.2534 0.7033
vn 0.9952 -0.0972 -0.0101
vn -0.2693 -0.1519 -0.9510
vn -0.8391 -0.2195 -0.4977
vn 0.9925 0.0045 0.1221
vn 0.5305 0.1084 -0.8407
vn -0.8880 0.0151 0.4597
vn -0.3054 -0.0504 0.9509
vn 0.5559 -0.1023 0.8249
vn -0.3677 0.1339 -0.9202
vn -0.9376 0.0775 -0.3388
vn -0.1614 -0.0784 0.9838
vn 0.5969 -0.1745 0.7831
vn 0.5663 -0.1200 0.8154
vn 0.2804 -0.0443 -0.9588
vn -0.7844 -0.0484 -0.6184
vn 0.5492 -0.0209 0.8354
vn 0.1114 -0.0332 0.9932
vn -0.3852 -0.1170 -0.9154
vn -0.4391 -0.0513 -0.8970
vn -0.6021 -0.0430 0.7972
vn 0.8023 -0.5632 -0.1976
vn 0.7196 -0.6909 -0.0693
vn 0.6396 0.3437 0.6876
vn -0.7007 -0.6990 -0.1428
vn -0.7998 -0.6000 -0.0175
vn -0.1915 -0.9515 0.2408
vn -0.9941 -0.0652 0.0869
vn -0.2804 -0.0443 -0.9588
vn -0.9951 -0.0008 0.0991
vn 0.7844 -0.0484 -0.6184
vn -0.5492 -0.0209 0.8354
vn -0.1114 -0.0332 0.9932
vn 0.0541 -0.0607 0.9967
vn 0.6021 -0.0430 0.7972
vn -0.0244 -0.9911 -0.1309
vn 0.0335 -0.7491 0.6616
vn -0.8772 -0.4799 -0.0161
vn -0.5218 -0.5930 0.6132
vn -0.5476 -0.2637 0.7941
vn 0.8476 -0.4418 -0.2939
vn 0.5300 -0.5972 0.6021
vn 0.7104 -0.6614 -0.2403
vn 0.2660 -0.3566 -0.8956
vn 0.0571 -0.6478 -0.7597
vn 0.7315 -0.0498 0.6800
vn 0.9686 0.2175 -0.1203
vn 0.9810 -0.1053 -0.1627
vn -0.6481 -0.0462 0.7601
vn -0.9873 0.1453 0.0639
vn -0.5682 0.4979 0.6552
vn 0.4310 0.2780 -0.8584
vn -0.6773 -0.0661 -0.7328
vn 0.4204 -0.1116 -0.9005
vn 0.3444 0.2505 -0.9048
vn -0.5952 -0.0618 -0.8012
vn -0.5326 0.1995 -0.8225
vn 0.0444 0.9182 0.3935
vn 0.7643 0.5481 0.3398
vn 0.1736 0.8149 0.5529
vn -0.9954 0.0213 -0.0938
vn -0.9922 0.1190 -0.0374
vn 0.9995 -0.0052 0.0323
vn 0.9090 0.2000 -0.3658
vn 0.9781 0.1616 0.1313
vn -0.9983 0.0505 -0.0278
vn -0.9603 0.2534 0.1163
vn 0.9364 -0.0076 -0.3508
vn 0.3189 0.1219 -0.9399
vn 0.0263 0.3607 0.9323
vn 0.7514 0.0151 0.6597
vn 0.8133 0.0319 0.5810
vn -0.9983 -0.0195 0.0557
vn -0.6018 0.7032 0.3785
vn -0.5331 0.7011 0.4736
vn 0.9978 -0.0397 0.0527
vn 0.9390 -0.2008 0.2791
vn 0.9882 -0.1532 -0.0051
vn 0.0359 0.3050 0.9517
vn 0.5796 -0.6815 0.4468
vn 0.9992 -0.0364 -0.0192
vn 0.9040 -0.1951 -0.3805
vn -0.9884 -0.1505 -0.0192
vn -0.9998 0.0126 -0.0174
vn 0.7233 0.3459 0.5976
vn 0.1299 0.4300 0.8934
vn 0.6819 0.6609 0.3133
vn -0.9378 -0.2519 0.2391
vn 0.6676 0.5709 0.4779
vn 0.0744 0.3950 0.9157
vn -0.6732 0.2870 -0.6815
vn -0.6741 -0.7190 0.1694
vn -0.5694 -0.2980 -0.7661
vn 0.3321 -0.5359 -0.7762
vn -0.5827 -0.5881 -0.5609
vn -0.9809 -0.1208 -0.1528
vn 0.2771 -0.1923 -0.9414
vn 0.3725 -0.4138 -0.8307
vn 0.8377 0.1825 0.5148
vn 0.8169 0.1932 -0.5434
vn 0.7532 0.3810 -0.5363
vn -0.3740 -0.0707 -0.9247
vn -0.0000 0.0917 -0.9958
vn 0.1038 -0.0875 0.9907
vn -0.0311 -0.1851 0.9822
vn 0.1781 0.1387 -0.9742
vn -0.1343 -0.1900 -0.9726
vn 0.2405 0.0580 0.9689
vn 0.1918 0.0107 0.9814
vn 0.2053 -0.9783 -0.0279
vn -0.4693 -0.8686 -0.1589
vn 0.8654 0.1343 0.4827
vn 0.8773 0.0651 -0.4756
vn 0.2484 -0.1546 0.9562
vn 0.8031 0.0148 0.5957
vn -0.5988 0.1124 0.7930
vn 0.3502 -0.2450 -0.9041
vn 0.3571 -0.0369 -0.9333
vn 0.2315 -0.0923 0.9684
vn 0.6862 -0.7010 0.1944
vn -0.0144 -0.9893 -0.1451
vn 0.6620 -0.7437 -0.0930
vn -0.6907 -0.7198 -0.0698
vn -0.8933 0.4280 -0.1373
vn 0.0947 -0.5098 -0.8551
vn 0.1337 0.9383 -0.3189
vn 0.0284 0.4933 0.8694
vn -0.0467 -0.7270 0.6850
vn 0.0058 0.5212 0.8534
vn -0.8745 -0.2739 -0.4003
vn -0.7731 0.3061 0.5554
vn -0.1246 -0.7305 0.6714
vn 0.0603 0.5876 0.8069
vn -0.0987 0.6758 0.7304
vn -0.0564 0.9295 -0.3644
vn -0.1478 -0.4735 -0.8683
vn -0.0441 0.9169 -0.3967
vn -0.1294 -0.7723 0.6219
vn -0.1061 -0.5251 -0.8444
vn -0.0721 -0.7623 0.6432
vn 0.7130 0.4371 0.5482
vn 0.6871 -0.4333 -0.5831
vn -0.2773 -0.0801 -0.9574
vn -0.8514 -0.1027 -0.5144
vn 0.9964 -0.0791 -0.0315
vn -0.7793 -0.0861 0.6206
vn 0.4995 -0.0647 -0.8639
vn 0.2773 -0.0801 -0.9574
vn -0.9964 -0.0791 -0.0315
vn -0.5663 -0.1200 0.8154
vn 0.1077 -0.1309 0.9855
vn 0.7636 -0.2120 0.6099
vn 0.7793 -0.0861 0.6206
vn 0.8514 -0.1027 -0.5144
vn -0.4995 -0.0647 -0.8639
vn -0.3248 0.3750 -0.8683
vn -0.8957 0.2976 -0.3302
vn 0.9893 0.1153 0.0893
vn 0.5634 -0.0424 0.8251
vn -0.8016 0.0198 0.5976
vn -0.1236 -0.1697 0.9777
vn 0.5316 0.3585 -0.7674
vn 0.3248 0.3750 -0.8683
vn -0.9893 0.1153 0.0893
vn -0.6804 -0.0515 0.7310
vn 0.8016 0.0198 0.5976
vn 0.1236 -0.1697 0.9777
vn 0.8957 0.2976 -0.3302
vn -0.5316 0.3585 -0.7674
vn -0.7162 -0.1402 0.6836
vn 0.5449 -0.2040 0.8133
vn -0.3378 0.1435 -0.9302
vn -0.9952 -0.0972 -0.0101
vn 0.7162 -0.1402 0.6836
vn 0.1116 -0.1880 0.9758
vn -0.5449 -0.2040 0.8133
vn 0.0020 -0.5114 -0.8593
vn 0.0015 0.9019 -0.4320
vn -0.0041 0.6112 0.7914
vn -0.0003 -0.7300 0.6834
vn -0.3659 -0.6951 0.6189
vn -0.2547 0.7859 -0.5635
vn -0.1614 -0.6254 -0.7634
vn -0.0000 -0.0351 0.9994
vn -0.8418 -0.0372 0.5385
vn -0.8391 -0.0320 0.5430
vn -0.0000 0.0195 0.9998
vn -0.0000 -0.0303 0.9995
vn -0.8446 0.2451 0.4761
vn -0.7747 -0.3900 -0.4977
vn -0.7749 0.3699 -0.5125
vn -0.1393 0.9139 -0.3813
vn -0.1303 0.8747 0.4669
vn -0.2433 0.7758 -0.5822
vn -0.0617 0.9556 0.2882
vn -0.7273 0.3434 -0.5942
vn 0.1393 0.9139 -0.3813
vn -0.0265 0.6607 -0.7502
vn -0.0920 0.3954 -0.9139
vn 0.0323 0.7340 0.6783
vn -0.0958 0.2959 0.9504
vn 0.0349 0.7034 0.7100
vn 0.7747 -0.3900 -0.4977
vn 0.8441 0.2455 0.4766
vn 0.7749 0.3699 -0.5125
vn 0.7273 0.3434 -0.5942
vn 0.0617 0.9556 0.2882
vn 0.0265 0.6607 -0.7502
vn -0.1969 0.7500 0.6315
vn -0.0000 0.5301 0.8480
vn -0.4846 0.3824 0.7867
vn -0.0214 0.1235 0.9921
vn -0.6395 0.3518 0.6835
vn -0.6584 0.1574 0.7361
vn -0.9704 0.0094 0.2412
vn -0.5909 0.6001 0.5393
vn -0.5995 -0.6631 0.4483
vn -0.7441 -0.0052 0.6681
vn -0.0001 -1.0000 -0.0028
vn 0.0332 -0.5887 0.8076
vn -0.8256 0.0490 0.5622
vn 0.9546 0.0325 0.2960
vn 0.6804 -0.0515 0.7310
vn -0.4938 -0.0275 -0.8691
vn -0.9964 -0.0505 -0.0677
vn 0.7891 -0.0170 0.6140
vn 0.8628 -0.0599 -0.5020
vn 0.1614 -0.0784 0.9838
vn -0.5730 -0.0712 0.8165
vn 0.2607 -0.0825 -0.9619
vn 0.4938 -0.0275 -0.8691
vn -0.7891 -0.0170 0.6140
vn -0.1912 -0.0349 0.9809
vn 0.9964 -0.0505 -0.0677
vn -0.8628 -0.0599 -0.5020
vn -0.2607 -0.0825 -0.9619
vn 0.0260 -0.6994 0.7142
vn -0.7066 -0.7067 -0.0366
vn -0.5558 -0.6173 -0.5568
vn -0.5516 -0.3141 -0.7727
vn 0.0382 -0.0851 0.9956
vn 0.5544 -0.2604 0.7905
vn 0.1912 -0.0349 0.9809
vn 0.5730 -0.0712 0.8165
vn 0.5218 -0.5930 0.6132
vn 0.8772 -0.4799 -0.0161
vn 0.5476 -0.2637 0.7941
vn 0.0244 -0.9911 -0.1309
vn 0.1915 -0.9515 0.2408
vn 0.7007 -0.6990 -0.1428
vn 0.7998 -0.6000 -0.0175
vn -0.8476 -0.4418 -0.2939
vn -0.5300 -0.5972 0.6021
vn -0.5544 -0.2604 0.7905
vn 0.9817 0.1104 -0.1551
vn 0.6681 -0.1304 0.7325
vn 0.9811 -0.1403 -0.1330
vn -0.9897 -0.0915 0.1097
vn -0.6028 -0.0912 0.7926
vn 0.3624 -0.1518 -0.9196
vn -0.6968 0.1581 -0.6996
vn 0.3518 0.1252 -0.9277
vn -0.6681 -0.1304 0.7325
vn 0.0214 0.1235 0.9921
vn -0.6453 0.1071 0.7564
vn 0.6028 -0.0912 0.7926
vn -0.0964 -0.0589 0.9936
vn 0.6481 -0.0462 0.7601
vn 0.6453 0.1071 0.7564
vn -0.1299 0.4300 0.8934
vn 0.5682 0.4979 0.6552
vn 0.3273 0.3724 -0.8684
vn 0.9352 0.3290 -0.1310
vn 0.6213 0.3598 0.6961
vn -0.6755 0.3964 -0.6218
vn -0.9901 0.1027 0.0960
vn -0.6926 -0.1089 -0.7131
vn -0.7233 0.3459 0.5976
vn 0.6584 0.1574 0.7361
vn -0.9947 -0.0654 0.0795
vn -0.9539 0.2795 0.1093
vn -0.8023 -0.5632 -0.1976
vn -0.6396 0.3437 0.6876
vn -0.7196 -0.6909 -0.0693
vn -0.2660 -0.3566 -0.8956
vn -0.7104 -0.6614 -0.2403
vn -0.9686 0.2175 -0.1203
vn -0.7315 -0.0498 0.6800
vn -0.9810 -0.1053 -0.1627
vn 0.9873 0.1453 0.0639
vn 0.9947 -0.0654 0.0795
vn 0.6773 -0.0661 -0.7328
vn -0.4310 0.2780 -0.8584
vn -0.4204 -0.1116 -0.9005
vn 0.5952 -0.0618 -0.8012
vn -0.3444 0.2505 -0.9048
vn 0.5326 0.1995 -0.8225
vn -0.7643 0.5481 0.3398
vn -0.0444 0.9182 0.3935
vn -0.1736 0.8149 0.5529
vn 0.9954 0.0213 -0.0938
vn -0.9090 0.2000 -0.3658
vn -0.9995 -0.0052 0.0323
vn -0.9781 0.1616 0.1313
vn 0.9922 0.1190 -0.0374
vn 0.9983 0.0505 -0.0278
vn -0.9364 -0.0076 -0.3508
vn -0.0263 0.3607 0.9323
vn -0.7514 0.0151 0.6597
vn -0.0359 0.3050 0.9517
vn 0.9983 -0.0195 0.0557
vn 0.6018 0.7032 0.3785
vn 0.9704 0.0094 0.2412
vn -0.9978 -0.0397 0.0527
vn -0.9390 -0.2008 0.2791
vn -0.9546 0.0325 0.2960
vn -0.5796 -0.6815 0.4468
vn -0.0332 -0.5887 0.8076
vn -0.9992 -0.0364 -0.0192
vn 0.9884 -0.1505 -0.0192
vn 0.9998 0.0126 -0.0174
vn 0.9603 0.2534 0.1163
vn 0.5331 0.7011 0.4736
vn -0.6819 0.6609 0.3133
vn 0.9378 -0.2519 0.2391
vn -0.6676 0.5709 0.4779
vn -0.0744 0.3950 0.9157
vn 0.6732 0.2870 -0.6815
vn 0.6741 -0.7190 0.1694
vn 0.6907 -0.7198 -0.0698
vn 0.5694 -0.2980 -0.7661
vn -0.3321 -0.5359 -0.7762
vn -0.2771 -0.1923 -0.9414
vn 0.9809 -0.1208 -0.1528
vn 0.5827 -0.5881 -0.5609
vn -0.9882 -0.1532 -0.0051
vn -0.6620 -0.7437 -0.0930
vn -0.9040 -0.1951 -0.3805
vn 0.0144 -0.9893 -0.1451
vn -0.6862 -0.7010 0.1944
vn 0.0001 -1.0000 -0.0028
vn -0.0335 -0.7491 0.6616
vn 0.6395 0.3518 0.6835
vn 0.0419 0.3118 0.9492
vn 0.5909 0.6001 0.5393
vn 0.5995 -0.6631 0.4483
vn 0.8256 0.0490 0.5622
vn -0.8133 0.0319 0.5810
vn 0.7066 -0.7067 -0.0366
vn -0.0260 -0.6994 0.7142
vn 0.5558 -0.6173 -0.5568
vn -0.0571 -0.6478 -0.7597
vn 0.5516 -0.3141 -0.7727
vn -0.0382 -0.0851 0.9956
vn -0.9817 0.1104 -0.1551
vn 0.9897 -0.0915 0.1097
vn 0.9901 0.1027 0.0960
vn 0.6968 0.1581 -0.6996
vn -0.3624 -0.1518 -0.9196
vn -0.3518 0.1252 -0.9277
vn -0.9811 -0.1403 -0.1330
vn 0.0964 -0.0589 0.9936
vn -0.3273 0.3724 -0.8684
vn -0.9352 0.3290 -0.1310
vn -0.6213 0.3598 0.6961
vn 0.9539 0.2795 0.1093
vn 0.6926 -0.1089 -0.7131
vn 0.0618 -0.1030 0.9928
vn 0.6755 0.3964 -0.6218
vn 0.7441 -0.0052 0.6681
vn -0.3189 0.1219 -0.9399
vn 0.4940 0.6239 -0.6056
vn 0.7535 0.4298 0.4975
vn 0.8568 0.2839 -0.4304
vn 0.3757 -0.6429 -0.6674
vn 0.7676 -0.4397 0.4662
vn 0.3659 -0.6951 0.6189
vn -0.8867 0.2418 0.3940
vn -0.7275 0.4594 -0.5097
vn -0.7878 -0.4288 0.4421
vn 0.8091 -0.4130 -0.4182
vn 0.0163 0.6339 0.7732
vn 0.0003 -0.7300 0.6834
vn -0.8211 -0.2030 -0.5335
vn -0.7130 0.4371 0.5482
vn -0.6190 -0.6726 0.4055
vn -0.8384 0.4286 -0.3366
vn -0.6871 -0.4333 -0.5831
vn 0.8933 0.4280 -0.1373
vn -0.0947 -0.5098 -0.8551
vn 0.8745 -0.2739 -0.4003
vn -0.0284 0.4933 0.8694
vn 0.0467 -0.7270 0.6850
vn 0.1294 -0.7723 0.6219
vn 0.9377 -0.2603 0.2301
vn -0.0058 0.5212 0.8534
vn -0.1337 0.9383 -0.3189
vn -0.0603 0.5876 0.8069
vn 0.1246 -0.7305 0.6714
vn 0.0987 0.6758 0.7304
vn 0.0564 0.9295 -0.3644
vn 0.1478 -0.4735 -0.8683
vn 0.1061 -0.5251 -0.8444
vn 0.0441 0.9169 -0.3967
vn 0.0721 -0.7623 0.6432
vn -0.0015 0.9019 -0.4320
vn -0.0020 -0.5114 -0.8593
vn 0.0041 0.6113 0.7914
vn -0.0000 -0.7298 0.6837
vn 0.3253 0.5765 0.7495
vn 0.2547 0.7859 -0.5635
vn 0.1614 -0.6254 -0.7634
vn -0.1062 0.6539 0.7491
vn -0.0563 0.6569 0.7518
vn -0.1001 0.2671 0.9585
vn -0.0558 0.0989 -0.9935
vn 0.0401 -0.6425 -0.7653
vn 0.0622 -0.1179 -0.9911
vn -0.0904 0.5953 -0.7984
vn 0.0249 0.5019 -0.8645
vn -0.1189 -0.2303 0.9658
vn -0.0400 -0.5759 0.8166
vn -0.1433 -0.7371 0.6604
vn -0.0825 -0.8416 -0.5337
vn -0.0722 -0.9894 -0.1256
vn -0.0666 -0.9858 -0.1540
vn -0.0059 0.0855 0.9963
vn -0.1075 -0.8649 -0.4903
vn -0.0792 -0.9651 0.2498
vn -0.0777 0.8958 -0.4375
vn -0.1345 0.9627 -0.2348
vn -0.0634 -0.6900 -0.7211
vn -0.0230 -0.9263 -0.3761
vn -0.1174 0.9931 -0.0062
vn -0.1300 0.9221 0.3644
vn -0.1488 -0.9877 -0.0481
vn -0.1034 0.9199 0.3783
vn -0.0467 -0.3123 -0.9488
vn -0.1349 0.9893 -0.0560
vn -0.2430 0.9490 -0.2011
vn -0.2957 0.9535 -0.0585
vn -0.0973 0.9773 0.1882
vn -0.2597 0.9578 0.1236
vn -0.2419 0.5630 0.7902
vn -0.1839 0.7965 0.5760
vn -0.0758 -0.0632 -0.9951
vn -0.1072 -0.7943 -0.5980
vn -0.2023 -0.6590 -0.7245
vn -0.0341 0.6976 -0.7157
vn -0.1381 0.6611 -0.7375
vn -0.3213 -0.7518 0.5758
vn -0.3304 -0.8801 -0.3410
vn -0.0765 0.9679 -0.2394
vn 0.0939 0.6612 -0.7443
vn 0.1110 -0.0346 -0.9932
vn 0.0544 0.8540 0.5175
vn -0.0319 0.9764 0.2134
vn -0.0607 0.9948 -0.0813
vn -0.0036 0.9481 -0.3179
vn -0.5434 -0.5640 -0.6218
vn -0.4780 0.8699 0.1217
vn -0.3750 0.9193 -0.1194
vn -0.1155 0.6152 -0.7798
vn -0.1032 -0.2617 0.9596
vn -0.1723 -0.8181 0.5487
vn -0.3320 0.7955 -0.5069
vn -0.2058 0.4374 0.8754
vn -0.3544 -0.7904 0.4996
vn -0.8468 0.1631 -0.5063
vn -0.4232 -0.6716 -0.6082
vn -0.2552 0.6975 -0.6696
vn -0.8040 0.0728 0.5901
vn -0.2296 0.5406 0.8093
vn -0.0675 -0.8266 0.5588
vn -0.3735 0.6561 0.6558
vn -0.4658 -0.7046 0.5354
vn -0.8068 0.2789 -0.5208
vn -0.4491 -0.6567 -0.6058
vn -0.1934 0.7125 -0.6745
vn -0.8065 0.1711 0.5659
vn -0.2220 0.5930 0.7740
vn -0.3615 0.7025 0.6131
vn -0.1730 0.6528 -0.7375
vn -0.7898 0.2808 0.5453
vn -0.1989 0.6615 0.7231
vn -0.3508 0.8010 0.4851
vn -0.1368 0.6035 -0.7856
vn -0.4534 -0.6319 -0.6286
vn -0.7672 0.1844 -0.6143
vn -0.8099 0.3521 0.4691
vn -0.2388 0.7213 0.6501
vn -0.2065 0.4981 0.8422
vn 0.1132 -0.7967 0.5937
vn -0.2633 0.6553 -0.7080
vn -0.1679 0.5953 0.7858
vn -0.1755 0.6090 -0.7735
vn -0.1661 0.6438 0.7469
vn -0.1722 0.5969 -0.7836
vn -0.2026 0.7142 0.6700
vn -0.2110 -0.7061 -0.6760
vn -0.1146 0.4819 0.8687
vn -0.1166 0.7275 -0.6762
vn -0.0633 0.5918 0.8036
vn 0.0006 -0.2860 0.9582
vn 0.0916 -0.7856 0.6119
vn -0.0625 0.6288 0.7750
vn -0.0842 0.7458 -0.6608
vn -0.0744 0.6645 0.7435
vn -0.0363 0.6539 -0.7557
vn -0.0676 0.7165 0.6943
vn -0.0648 0.6781 0.7321
vn 0.0903 -0.7086 -0.6998
vn -0.1861 0.6636 -0.7246
vn -0.0557 0.6828 -0.7285
vn -0.2075 0.7536 0.6237
vn -0.1071 0.7719 0.6266
vn -0.2869 0.7293 -0.6211
vn -0.2409 0.5926 0.7686
vn -0.0897 0.6150 0.7834
vn -0.1239 0.7537 -0.6454
vn -0.7073 -0.5303 -0.4674
vn -0.7036 0.4948 0.5100
vn 0.1962 0.2157 0.9565
vn 0.2977 0.3123 0.9022
vn 0.0658 -0.8289 0.5555
vn 0.2152 -0.8426 0.4937
vn -0.1610 0.0315 0.9865
vn -0.8702 -0.4716 0.1429
vn -0.2516 -0.6906 0.6781
vn -0.1885 0.7242 -0.6633
vn -0.1915 0.6473 0.7378
vn -0.1773 0.6790 -0.7124
vn -0.1775 0.6194 0.7647
vn -0.1833 0.6887 -0.7015
vn -0.0602 0.6875 -0.7237
vn -0.1838 0.6982 0.6919
vn -0.2011 0.6742 -0.7107
vn -0.1452 0.6210 -0.7703
vn -0.1646 0.6689 0.7249
vn 0.0181 -0.7682 -0.6399
vn -0.0340 0.6617 -0.7490
vn -0.1208 0.7400 0.6617
vn 0.0271 -0.6833 -0.7297
vn -0.0875 0.6461 -0.7582
vn -0.2314 0.7534 0.6155
vn 0.2958 0.3427 0.8917
vn 0.2804 -0.7800 0.5594
vn 0.1885 -0.7862 0.5886
vn -0.3446 0.9049 -0.2498
vn 0.4056 0.3779 0.8322
vn 0.2094 -0.7869 0.5804
vn 0.3193 0.3385 0.8851
vn -0.5307 -0.5888 -0.6097
vn 0.2656 0.3025 0.9154
vn 0.3059 -0.6940 0.6518
vn -0.2797 0.7584 -0.5888
vn -0.2884 0.6796 -0.6745
vn -0.2835 0.6412 -0.7131
vn 0.3795 -0.5931 -0.7101
vn 0.2545 -0.9648 0.0656
vn 0.4116 -0.6532 -0.6356
vn 0.0216 0.9998 0.0044
vn 0.1020 0.9621 0.2531
vn 0.0670 0.9264 0.3704
vn 0.2480 -0.6231 0.7418
vn 0.1671 -0.9801 0.1073
vn 0.0494 -0.9588 0.2798
vn 0.0386 0.9325 -0.3590
vn 0.0437 0.9943 -0.0968
vn 0.1946 -0.9472 -0.2549
vn 0.1631 -0.9844 0.0655
vn 0.2030 0.6460 -0.7358
vn 0.0952 0.9164 -0.3887
vn 0.0451 -0.9846 -0.1690
vn 0.1352 -0.9733 -0.1853
vn 0.3466 0.2130 0.9135
vn 0.2267 0.7909 0.5684
vn 0.4524 0.2766 0.8479
vn 0.0159 -0.9880 -0.1539
vn 0.4949 -0.5872 0.6406
vn 0.3664 0.0936 -0.9257
vn 0.2591 0.7023 -0.6631
vn 0.3920 0.1161 -0.9126
vn 0.1579 0.7210 0.6747
vn -0.1625 -0.9862 -0.0329
vn -0.2396 -0.9582 -0.1562
vn -0.3280 -0.9444 0.0225
vn -0.1523 -0.9883 -0.0058
vn 0.0816 -0.7440 -0.6631
vn 0.0611 -0.9978 -0.0272
vn -0.3399 -0.7439 -0.5753
vn -0.0459 -0.9988 0.0174
vn -0.0924 -0.9953 0.0281
vn -0.0667 -0.9843 -0.1636
vn -0.3796 -0.9227 -0.0678
vn -0.2192 -0.7027 0.6769
vn -0.2071 -0.6728 -0.7102
vn -0.1286 -0.7112 -0.6912
vn -0.3941 -0.9190 -0.0116
vn -0.1903 -0.6384 -0.7458
vn -0.1140 -0.7222 0.6822
vn -0.1670 -0.6979 -0.6965
vn -0.1256 -0.7378 0.6632
vn -0.1252 -0.7640 -0.6330
vn -0.1593 -0.7477 -0.6446
vn -0.4900 -0.6680 0.5600
vn -0.5013 -0.6445 -0.5773
vn -0.7922 0.2355 -0.5630
vn -0.1474 -0.7623 0.6302
vn -0.5261 -0.6545 0.5430
vn -0.2373 -0.7253 0.6463
vn -0.2254 -0.6538 0.7223
vn 0.0630 -0.6728 -0.7372
vn 0.0617 -0.7369 0.6731
vn 0.0372 -0.7250 -0.6877
vn 0.0554 -0.7443 0.6656
vn 0.0525 -0.7302 -0.6812
vn 0.0057 -0.6692 0.7430
vn 0.0493 -0.6480 -0.7601
vn -0.0712 0.7112 -0.6993
vn 0.0467 -0.6982 -0.7143
vn 0.0570 -0.7133 0.6985
vn 0.0514 -0.7239 0.6880
vn 0.0600 -0.7019 -0.7097
vn 0.0339 -0.6636 0.7473
vn -0.0000 -0.0540 0.9985
vn 0.2667 -0.3524 -0.8970
vn 0.4020 0.3816 0.8323
vn 0.3241 0.8381 0.4388
vn 0.3041 0.4773 0.8245
vn 0.7979 0.0060 -0.6028
vn 0.6080 0.6602 -0.4410
vn 0.7298 0.6015 0.3249
vn -0.4020 0.3816 0.8323
vn -0.3041 0.4773 0.8245
vn -0.3241 0.8381 0.4388
vn -0.7979 0.0060 -0.6028
vn -0.7298 0.6015 0.3249
vn -0.6080 0.6602 -0.4410
vn -0.0000 0.0359 -0.9994
vn 0.1851 0.8069 -0.5609
vn 0.1024 0.0132 -0.9947
vn -0.1851 0.8069 -0.5609
vn -0.1024 0.0132 -0.9947
vn -0.0000 0.7669 -0.6417
vn 0.8116 -0.1368 0.5680
vn 0.2974 0.9527 -0.0625
vn 0.7553 -0.2441 -0.6082
vn 0.1952 0.7809 -0.5934
vn 0.2256 -0.2589 -0.9392
vn 0.3090 0.0134 0.9510
vn 0.0741 0.9949 0.0686
vn 0.8743 -0.0618 0.4815
vn 0.9591 -0.0668 -0.2752
vn 0.9592 -0.0650 -0.2752
vn 0.2328 -0.0533 -0.9711
vn 0.5935 -0.0611 -0.8025
vn 0.2291 -0.0501 -0.9721
vn -0.5079 0.3220 0.7990
vn -0.3455 0.3030 0.8882
vn -0.3316 0.3263 0.8852
vn 0.3108 -0.0576 0.9487
vn 0.5610 -0.0578 0.8258
vn 0.5632 -0.0601 0.8241
vn -0.2261 0.5324 -0.8157
vn -0.5947 0.4429 -0.6709
vn -0.5648 0.5240 -0.6375
vn -0.8099 0.4659 0.3563
vn -0.8409 0.4683 -0.2713
vn -0.7819 0.4098 0.4698
vn 0.1638 0.8899 0.4258
vn -0.0000 0.7720 0.6356
vn 0.1905 0.8954 0.4024
vn -0.2973 0.9527 -0.0625
vn -0.1394 0.8636 -0.4845
vn -0.5403 0.7831 -0.3079
vn -0.0000 -0.9329 0.3602
vn 0.1805 -0.8565 0.4836
vn -0.0000 -0.7654 0.6436
vn -0.4317 -0.8650 -0.2557
vn -0.1633 -0.7371 -0.6558
vn -0.2606 -0.7599 -0.5955
vn 0.5351 0.7629 0.3628
vn -0.0000 -0.8246 -0.5657
vn -0.0000 -0.7097 -0.7045
vn -0.3216 -0.8997 0.2951
vn -0.1915 -0.8301 0.5238
vn -0.3090 0.0134 0.9510
vn -0.0741 0.9949 0.0686
vn -0.1638 0.8899 0.4258
vn -0.1952 0.7809 -0.5934
vn -0.7553 -0.2441 -0.6082
vn -0.2256 -0.2589 -0.9392
vn -0.8116 -0.1368 0.5680
vn -0.0000 -0.1078 -0.9942
vn -0.1207 -0.2115 -0.9699
vn 0.1207 -0.2115 -0.9699
vn -0.7390 -0.2646 -0.6195
vn -0.3052 0.2787 0.9106
vn -0.0000 0.2939 0.9558
vn 0.7390 -0.2646 -0.6195
vn 0.8360 0.2203 0.5026
vn 0.3052 0.2787 0.9106
vn -0.0000 0.2500 0.9682
vn 0.3216 -0.8997 0.2951
vn 0.1915 -0.8301 0.5238
vn 0.1394 0.8636 -0.4845
vn -0.0000 -0.0606 0.9982
vn 0.3060 -0.0536 0.9505
vn -0.0000 -0.0418 -0.9991
vn -0.0000 -0.0388 -0.9992
vn -0.0000 0.0282 0.9996
vn -0.0000 0.6592 -0.7519
vn -0.0000 -0.2237 -0.9747
vn -0.0000 0.8760 0.4823
vn -0.8360 0.2203 0.5026
vn -0.0000 0.9061 0.4231
vn -0.2291 -0.0501 -0.9721
vn -0.2328 -0.0533 -0.9711
vn -0.3060 -0.0536 0.9505
vn -0.0000 -0.0574 0.9984
vn -0.1805 -0.8565 0.4836
vn -0.0000 0.5100 -0.8602
vn -0.0000 0.2571 0.9664
vn 0.2606 -0.7599 -0.5955
vn 0.8099 0.4659 0.3563
vn 0.4317 -0.8650 -0.2557
vn 0.5648 0.5240 -0.6375
vn 0.2261 0.5324 -0.8157
vn 0.3316 0.3263 0.8852
vn -0.0000 0.3777 -0.9259
vn -0.0000 0.2737 0.9618
vn 0.3455 0.3030 0.8882
vn 0.8409 0.4683 -0.2713
vn 0.8116 0.4890 -0.3195
vn 0.5947 0.4429 -0.6709
vn 0.2230 0.4090 -0.8849
vn 0.5079 0.3220 0.7990
vn -0.3108 -0.0576 0.9487
vn -0.5610 -0.0578 0.8258
vn -0.5935 -0.0611 -0.8025
vn -0.5983 -0.0633 -0.7988
vn -0.8743 -0.0618 0.4815
vn -0.9591 -0.0668 -0.2752
vn -0.8711 -0.0625 0.4871
vn 0.4899 0.3068 0.8160
vn 0.8711 -0.0625 0.4871
vn 0.6070 0.2155 -0.7649
vn 0.9169 0.3050 -0.2574
vn -0.4899 0.3068 0.8160
vn -0.5632 -0.0601 0.8241
vn -0.8116 0.4890 -0.3195
vn -0.6070 0.2155 -0.7649
vn -0.6051 0.0659 -0.7934
vn -0.9169 0.3050 -0.2574
vn -0.5924 0.1806 0.7851
vn 0.6051 0.0659 -0.7934
vn 0.9495 0.1621 -0.2685
vn 0.5924 0.1806 0.7851
vn 0.7819 0.4098 0.4698
vn -0.8707 0.2632 0.4155
vn -0.2336 0.1615 -0.9588
vn -0.2230 0.4090 -0.8849
vn -0.3453 0.1625 0.9243
vn -0.0000 0.1407 0.9901
vn -0.0000 0.1432 -0.9897
vn 0.3453 0.1625 0.9243
vn 0.2336 0.1615 -0.9588
vn 0.8707 0.2632 0.4155
vn 0.5965 0.0546 -0.8008
vn 0.9561 0.1128 -0.2705
vn -0.5965 0.0546 -0.8008
vn -0.9495 0.1621 -0.2685
vn -0.5735 0.1043 0.8125
vn 0.5735 0.1043 0.8125
vn -0.8657 0.1619 0.4737
vn -0.2376 0.0348 -0.9707
vn -0.3215 0.0678 0.9445
vn -0.0000 0.0600 0.9982
vn -0.0000 0.0554 -0.9985
vn 0.3215 0.0678 0.9445
vn 0.2376 0.0348 -0.9707
vn -0.5537 -0.7756 0.3030
vn -0.5351 0.7629 0.3628
vn -0.5208 -0.7136 -0.4686
vn -0.1905 0.8954 0.4024
vn 0.5208 -0.7136 -0.4686
vn 0.1633 -0.7371 -0.6558
vn 0.5537 -0.7756 0.3030
vn 0.5403 0.7831 -0.3079
vn -0.0000 0.7181 -0.6960
vn -0.6396 -0.1566 0.7526
vn -0.8438 -0.1427 0.5174
vn -0.0618 -0.1030 0.9928
vn 0.5507 0.1872 0.8135
vn -0.1572 -0.0355 0.9869
vn 0.4913 0.2081 0.8458
vn -0.1091 -0.0455 0.9930
vn -0.7263 0.0765 0.6831
vn -0.0938 -0.0280 0.9952
vn -0.9857 -0.0228 -0.1672
vn -0.6971 0.0648 0.7140
vn -0.9842 -0.0218 -0.1756
vn 0.9969 0.0001 0.0783
vn 0.9970 0.0048 0.0778
vn 0.6581 0.1077 -0.7452
vn -0.4545 -0.0373 -0.8900
vn -0.4477 -0.0313 -0.8937
vn 0.9969 -0.0023 0.0786
vn 0.6917 0.1040 -0.7146
vn 0.9970 -0.0040 0.0774
vn -0.9843 -0.0249 -0.1750
vn -0.4303 -0.0405 -0.9018
vn -0.9856 -0.0244 -0.1676
vn -0.4351 -0.0425 -0.8994
vn 0.6722 0.1663 0.7214
vn -0.7413 0.0802 0.6663
vn -0.1312 -0.0157 0.9912
vn 0.6198 0.1445 0.7714
vn -0.6633 0.0782 0.7442
vn 0.6682 0.0931 -0.7381
vn -0.0746 -0.2223 0.9721
vn 0.5278 -0.2411 0.8144
vn 0.5751 -0.1203 0.8092
vn -0.0485 0.0055 0.9988
vn -0.6505 0.2563 0.7149
vn -0.6592 0.0755 0.7482
vn -0.9478 -0.2934 -0.1248
vn -0.6735 -0.1583 0.7220
vn -0.9639 -0.2116 -0.1614
vn 0.9678 -0.2184 0.1253
vn 0.9833 -0.1477 0.1062
vn 0.6703 -0.1761 -0.7209
vn -0.3663 -0.3105 -0.8772
vn -0.3852 -0.1763 -0.9058
vn 0.7097 -0.3447 -0.6144
vn 0.9940 0.0567 0.0932
vn 0.6721 0.3550 -0.6499
vn 0.9783 0.1836 0.0964
vn -0.4020 0.2613 -0.8776
vn -0.9842 0.0308 -0.1743
vn -0.9669 0.1923 -0.1677
vn -0.3961 0.0952 -0.9132
vn 0.6172 0.2472 0.7469
vn 0.6092 0.1256 0.7830
vn -0.6542 -0.2292 0.7207
vn -0.0775 -0.3094 0.9478
vn 0.6785 0.1691 -0.7149
vn -0.9428 -0.3296 -0.0495
vn -0.8505 -0.5055 -0.1451
vn -0.8688 -0.4837 -0.1064
vn -0.8707 -0.3541 0.3413
vn -0.5650 -0.5724 0.5943
vn -0.6973 -0.4919 0.5214
vn -0.8228 -0.5017 0.2669
vn -0.0752 0.9972 0.0004
vn -0.8964 0.4271 -0.1183
vn -0.8926 0.4037 0.2006
vn -0.8036 0.4246 0.4170
vn -0.1169 0.9915 0.0569
vn -0.0305 0.9978 -0.0584
vn -0.0376 0.9992 0.0132
vn -0.9692 -0.0356 0.2438
vn -0.8492 -0.0311 0.5272
vn -0.9936 -0.0320 -0.1086
vn -0.9969 -0.0225 -0.0754
vn 0.6308 0.7572 0.1696
vn 0.6502 0.7182 -0.2478
vn 0.7509 0.6604 -0.0114
vn -0.9002 0.3903 -0.1934
vn -0.9429 0.3299 0.0467
vn -0.8505 0.5055 0.1451
vn -0.8736 0.4766 0.0986
vn -0.8963 0.3514 -0.2704
vn -0.6396 0.5305 -0.5563
vn -0.7473 0.4831 -0.4562
vn -0.8405 0.4605 -0.2856
vn -0.0752 -0.9972 -0.0004
vn -0.8964 -0.4271 0.1183
vn -0.8926 -0.4037 -0.2006
vn -0.8036 -0.4246 -0.4170
vn -0.1169 -0.9915 -0.0569
vn -0.0305 -0.9978 0.0584
vn -0.0376 -0.9992 -0.0132
vn -0.9970 0.0247 0.0733
vn -0.9666 0.0512 -0.2511
vn -0.8546 0.0577 -0.5160
vn -0.9936 0.0320 0.1086
vn 0.6308 -0.7572 -0.1696
vn 0.6502 -0.7182 0.2478
vn 0.7509 -0.6604 0.0114
vn -0.9002 -0.3903 0.1934
vn -0.5507 0.1872 0.8135
vn 0.1572 -0.0355 0.9869
vn 0.1312 -0.0157 0.9912
vn 0.7263 0.0765 0.6831
vn 0.1091 -0.0455 0.9930
vn 0.0938 -0.0280 0.9952
vn 0.6971 0.0648 0.7140
vn 0.9857 -0.0228 -0.1672
vn 0.9842 -0.0218 -0.1756
vn -0.9969 0.0001 0.0783
vn -0.4913 0.2081 0.8458
vn 0.4545 -0.0373 -0.8900
vn -0.6581 0.1077 -0.7452
vn 0.4477 -0.0313 -0.8937
vn -0.9970 0.0048 0.0778
vn -0.6917 0.1040 -0.7146
vn -0.9969 -0.0023 0.0786
vn -0.9970 -0.0040 0.0774
vn 0.9843 -0.0249 -0.1750
vn 0.4303 -0.0405 -0.9018
vn 0.4351 -0.0425 -0.8994
vn -0.6722 0.1663 0.7214
vn -0.6198 0.1445 0.7714
vn 0.7413 0.0802 0.6663
vn 0.9856 -0.0244 -0.1676
vn 0.6633 0.0782 0.7442
vn -0.6682 0.0931 -0.7381
vn -0.5278 -0.2411 0.8144
vn 0.0746 -0.2223 0.9721
vn -0.5751 -0.1203 0.8092
vn 0.0485 0.0055 0.9988
vn 0.6505 0.2563 0.7149
vn 0.0348 0.1347 0.9903
vn 0.6735 -0.1583 0.7220
vn 0.9478 -0.2934 -0.1248
vn 0.9639 -0.2116 -0.1614
vn -0.9678 -0.2184 0.1253
vn 0.3663 -0.3105 -0.8772
vn -0.6703 -0.1761 -0.7209
vn 0.3852 -0.1763 -0.9058
vn -0.9833 -0.1477 0.1062
vn -0.7097 -0.3447 -0.6144
vn -0.6721 0.3550 -0.6499
vn -0.9940 0.0567 0.0932
vn -0.9783 0.1836 0.0964
vn 0.9842 0.0308 -0.1743
vn 0.4020 0.2613 -0.8776
vn 0.9669 0.1923 -0.1677
vn 0.3961 0.0952 -0.9132
vn -0.6172 0.2472 0.7469
vn -0.6092 0.1256 0.7830
vn 0.6592 0.0755 0.7482
vn 0.6542 -0.2292 0.7207
vn 0.0775 -0.3094 0.9478
vn -0.6785 0.1691 -0.7149
vn 0.9428 -0.3296 -0.0495
vn 0.8505 -0.5055 -0.1451
vn 0.9348 -0.3534 -0.0364
vn 0.5650 -0.5724 0.5943
vn 0.8707 -0.3541 0.3413
vn 0.6973 -0.4919 0.5214
vn 0.8228 -0.5017 0.2669
vn 0.0752 0.9972 0.0004
vn 0.8964 0.4271 -0.1183
vn 0.0376 0.9992 0.0132
vn 0.8036 0.4246 0.4170
vn 0.1169 0.9915 0.0569
vn 0.0305 0.9978 -0.0584
vn 0.9692 -0.0356 0.2438
vn 0.9969 -0.0225 -0.0754
vn 0.8492 -0.0311 0.5272
vn 0.9936 -0.0320 -0.1086
vn -0.6308 0.7572 0.1696
vn -0.5953 0.7940 0.1234
vn -0.6502 0.7182 -0.2478
vn -0.7509 0.6604 -0.0114
vn 0.9002 0.3903 -0.1934
vn 0.8926 0.4037 0.2006
vn 0.9429 0.3299 0.0467
vn 0.8505 0.5055 0.1451
vn 0.9348 0.3534 0.0364
vn 0.6396 0.5305 -0.5563
vn 0.8963 0.3514 -0.2704
vn 0.7473 0.4831 -0.4562
vn 0.8736 0.4766 0.0986
vn 0.0752 -0.9972 -0.0004
vn 0.8964 -0.4271 0.1183
vn 0.0376 -0.9992 -0.0132
vn 0.8036 -0.4246 -0.4170
vn 0.1169 -0.9915 -0.0569
vn 0.0305 -0.9978 0.0584
vn 0.9970 0.0247 0.0733
vn 0.9666 0.0512 -0.2511
vn 0.8546 0.0577 -0.5160
vn 0.9936 0.0320 0.1086
vn -0.6308 -0.7572 -0.1696
vn -0.5953 -0.7940 -0.1234
vn -0.6502 -0.7182 0.2478
vn -0.7509 -0.6604 0.0114
vn 0.9002 -0.3903 0.1934
vn 0.8926 -0.4037 -0.2006
vn -0.6017 -0.0041 -0.7987
vn -0.9586 0.0757 -0.2744
vn -0.5960 0.1038 -0.7963
vn 0.6017 -0.0041 -0.7987
vn 0.9586 0.0757 -0.2744
vn 0.9614 0.0082 -0.2752
vn -0.8637 0.1585 0.4785
vn -0.5632 0.0962 0.8207
vn -0.5634 0.1064 0.8193
vn 0.5632 0.0962 0.8207
vn 0.8637 0.1585 0.4785
vn 0.5634 0.1064 0.8193
vn -0.8689 0.1394 0.4749
vn -0.2315 0.0809 -0.9695
vn -0.5907 0.1142 -0.7988
vn -0.2306 0.0852 -0.9693
vn -0.3107 0.0774 0.9474
vn -0.3110 0.0810 0.9470
vn -0.0000 0.0292 0.9996
vn -0.0000 0.0229 0.9997
vn -0.0000 0.0471 -0.9989
vn -0.0000 0.0420 -0.9991
vn 0.2306 0.0852 -0.9693
vn 0.3110 0.0810 0.9470
vn 0.3107 0.0774 0.9474
vn 0.5907 0.1142 -0.7988
vn 0.2315 0.0809 -0.9695
vn 0.9592 0.0764 -0.2723
vn 0.5983 -0.0633 -0.7988
vn -0.5664 -0.0056 0.8241
vn 0.5664 -0.0056 0.8241
vn 0.8779 0.0069 0.4788
vn -0.8779 0.0069 0.4788
vn -0.9592 -0.0650 -0.2752
vn -0.2342 -0.0053 -0.9722
vn -0.3131 -0.0097 0.9497
vn -0.0000 -0.0169 0.9999
vn -0.0000 0.0010 -1.0000
vn 0.3131 -0.0097 0.9497
vn 0.2342 -0.0053 -0.9722
vn 0.8657 0.1619 0.4737
vn 0.2342 0.0388 -0.9714
vn 0.5704 0.0747 0.8179
vn 0.3167 0.0495 0.9472
vn -0.0000 0.0585 -0.9983
vn -0.2342 0.0388 -0.9714
vn -0.3167 0.0495 0.9472
vn -0.0000 0.0395 0.9992
vn -0.5704 0.0747 0.8179
vn -0.9561 0.1128 -0.2705
vn -0.8680 0.1258 0.4804
vn 0.5960 0.1038 -0.7963
vn -0.9592 0.0764 -0.2723
vn 0.8680 0.1258 0.4804
vn 0.8689 0.1394 0.4749
vn -0.9614 0.0082 -0.2752
vn -0.0480 -0.3737 -0.9263
vn -0.8418 0.1914 -0.5048
vn -0.4738 0.7045 -0.5284
vn 0.0487 -0.3670 -0.9289
vn 0.4738 0.7045 -0.5284
vn 0.8443 0.1842 -0.5033
vn 0.4427 -0.7193 -0.5353
vn 0.0336 0.3782 -0.9251
vn 0.8169 -0.2554 -0.5172
vn -0.4427 -0.7193 -0.5353
vn -0.8168 -0.2558 -0.5171
vn -0.0336 0.3782 -0.9251
vn 0.0945 0.4130 -0.9058
vn 0.8484 -0.0262 -0.5287
vn -0.0000 0.6258 -0.7800
vn -0.0000 -0.6575 -0.7534
vn -0.0000 -0.6496 -0.7602
vn -0.0000 0.6188 -0.7855
vn 0.0882 -0.4081 -0.9087
vn 0.4279 -0.0076 -0.9038
vn 0.2669 -0.0015 -0.9637
vn -0.4885 0.6003 -0.6332
vn 0.2053 0.6544 -0.7278
vn 0.1969 -0.6607 -0.7244
vn -0.6182 0.0280 -0.7856
vn -0.0000 0.0312 0.9995
vn -0.2999 0.0259 0.9536
vn -0.0000 0.0261 0.9997
vn -0.0000 -0.2228 -0.9749
vn -0.1770 -0.2510 -0.9517
vn -0.0000 -0.2235 -0.9747
vn 0.1770 -0.2510 -0.9517
vn 0.2999 0.0259 0.9536
vn 0.2949 0.0333 0.9549
vn -0.8175 -0.1344 0.5601
vn -0.7409 -0.2413 -0.6268
vn -0.8160 -0.1356 0.5619
vn -0.2027 -0.2525 -0.9461
vn -0.7237 -0.2361 -0.6484
vn -0.2949 0.0333 0.9549
vn 0.8175 -0.1344 0.5601
vn 0.7237 -0.2361 -0.6484
vn 0.2027 -0.2525 -0.9461
vn 0.7409 -0.2413 -0.6268
vn 0.8160 -0.1356 0.5619
vn 0.8237 -0.0140 0.5668
vn 0.6815 -0.2800 -0.6761
vn 0.1599 -0.2332 -0.9592
vn 0.2972 0.1667 0.9402
vn -0.8237 -0.0140 0.5668
vn -0.2972 0.1667 0.9402
vn -0.6815 -0.2800 -0.6761
vn -0.1599 -0.2332 -0.9592
vn -0.0000 0.1822 0.9833
vn -0.0000 -0.1714 -0.9852
vn -0.0000 0.5340 0.8455
vn -0.8083 0.2089 0.5505
vn -0.1927 0.1988 0.9609
vn -0.1938 0.1974 0.9610
vn -0.1941 0.1991 0.9606
vn 0.1938 0.1974 0.9610
vn 0.1927 0.1988 0.9609
vn 0.1941 0.1991 0.9606
vn 0.8083 0.2089 0.5505
vn 0.5705 -0.0578 0.8193
vn 0.5730 0.2504 0.7804
vn 0.1969 0.7500 0.6315
vn 0.4846 0.3824 0.7867
vn 0.0920 0.3954 -0.9139
vn 0.1303 0.8747 0.4669
vn 0.2433 0.7758 -0.5822
vn -0.0000 0.6563 -0.7545
vn -0.0000 0.1939 -0.9810
vn -0.0000 0.3854 -0.9227
vn -0.0000 0.0660 -0.9978
vn -0.0000 -0.4732 -0.8810
vn -0.3493 0.7858 0.5104
vn 0.3493 0.7858 0.5104
vn 0.1256 0.3469 0.9294
vn -0.1195 0.8125 0.5706
vn 0.0958 0.2959 0.9504
vn -0.0323 0.7340 0.6783
vn -0.0349 0.7034 0.7100
vn 0.0190 0.2113 -0.9772
vn 0.0380 0.1694 -0.9848
vn 0.0262 0.8812 -0.4721
vn 0.1195 0.8125 0.5706
vn 0.0266 0.8155 -0.5782
vn -0.0380 0.1694 -0.9848
vn 0.2496 0.4273 0.8690
vn 0.2199 0.3102 0.9249
vn 0.2478 0.4322 0.8671
vn -0.2199 0.3102 0.9249
vn -0.2496 0.4273 0.8690
vn -0.2478 0.4322 0.8671
vn -0.1256 0.3469 0.9294
vn -0.2063 0.6572 0.7250
vn -0.0261 0.8812 -0.4721
vn -0.0165 0.7295 0.6838
vn -0.0000 -0.1608 -0.9870
vn 0.7822 -0.4283 0.4524
vn 0.5069 -0.1095 0.8550
vn 0.4850 -0.3599 0.7971
vn 0.8394 -0.1158 0.5311
vn -0.0000 -0.3759 0.9266
vn -0.5100 -0.0519 0.8586
vn -0.4932 -0.3028 0.8155
vn -0.8394 -0.1158 0.5311
vn -0.8221 -0.0523 -0.5669
vn 0.8221 -0.0523 -0.5669
vn -0.0000 -0.1481 -0.9890
vn 0.8438 -0.1427 0.5174
vn -0.8154 -0.0858 -0.5725
vn 0.5350 0.2203 0.8157
vn -0.0000 0.3763 0.9265
vn -0.5286 0.2817 0.8008
vn 0.7743 0.4359 0.4587
vn 0.4543 0.4223 0.7844
vn 0.7147 0.5215 -0.4661
vn -0.7147 0.5215 -0.4661
vn -0.0000 0.3852 -0.9228
vn -0.0000 0.5334 0.8459
vn -0.4451 0.4734 0.7601
vn -0.5608 0.0763 0.8244
vn -0.5878 -0.0124 0.8089
vn -0.7743 0.4359 0.4587
vn 0.8154 -0.0858 -0.5725
vn -0.8014 -0.2696 -0.5339
vn -0.8219 -0.2526 0.5106
vn -0.7901 -0.2724 -0.5491
vn 0.8014 -0.2696 -0.5339
vn 0.8219 -0.2526 0.5106
vn 0.8356 -0.2675 0.4799
vn -0.0000 -0.2606 -0.9655
vn 0.7901 -0.2724 -0.5491
vn -0.0000 -0.2811 -0.9597
vn -0.0000 -0.2847 0.9586
vn -0.0000 -0.2624 0.9650
vn -0.8356 -0.2675 0.4799
vn -0.2124 0.3382 0.9168
vn -0.2305 0.5030 0.8330
vn -0.1909 0.2263 0.9552
vn -0.1934 0.2263 0.9547
vn -0.5730 0.2504 0.7804
vn 0.2063 0.6572 0.7250
vn 0.2124 0.3382 0.9168
vn 0.1909 0.2263 0.9552
vn 0.0654 0.2977 0.9524
vn -0.7668 0.1975 0.6107
vn -0.7827 -0.4279 0.4520
vn 0.2051 0.2119 0.9555
vn 0.2027 0.2234 0.9534
vn 0.2057 0.2232 0.9528
vn 0.5378 0.2301 0.8111
vn 0.5668 -0.0290 0.8233
vn 0.4550 0.4269 0.7815
vn 0.5078 -0.0994 0.8557
vn 0.4883 -0.3516 0.7987
vn -0.0000 0.0727 0.9974
vn 0.5608 0.0763 0.8244
vn 0.7731 0.3061 0.5554
vn 0.5354 -0.6164 0.5774
vn 0.0014 0.8906 -0.4548
vn 0.5650 0.5231 0.6381
vn 0.5502 0.7459 -0.3754
vn 0.5424 -0.4310 -0.7211
vn 0.0001 -0.5132 -0.8583
vn -0.5354 -0.6164 0.5774
vn -0.5650 0.5231 0.6381
vn -0.0014 0.8906 -0.4548
vn -0.5424 -0.4310 -0.7211
vn -0.0001 -0.5132 -0.8583
vn -0.5502 0.7459 -0.3754
vn 0.2129 0.2229 0.9513
vn 0.1209 0.3014 0.9458
vn -0.2129 0.2229 0.9513
vn -0.0340 0.7197 0.6934
vn -0.0631 0.8615 -0.5038
vn 0.0245 0.1698 -0.9852
vn 0.0631 0.8615 -0.5038
vn -0.0245 0.1698 -0.9852
vn 0.0340 0.7197 0.6934
vn -0.0000 0.1362 -0.9907
vn 0.2228 0.2965 0.9287
vn 0.2196 0.1958 0.9557
vn -0.2196 0.1958 0.9557
vn -0.2228 0.2965 0.9287
vn 0.0165 0.7295 0.6838
vn -0.0856 0.9826 0.1651
vn -0.5312 0.4978 0.6856
vn -0.0707 0.9525 0.2961
vn -0.5203 0.6391 -0.5664
vn -0.0802 0.9909 0.1077
vn -0.0579 0.9970 -0.0507
vn 0.1756 0.9843 -0.0192
vn 0.5559 0.5876 -0.5880
vn 0.2126 0.9752 -0.0615
vn -0.0671 0.3337 0.9403
vn 0.0017 0.9471 0.3209
vn 0.0520 0.9455 0.3215
vn 0.0658 0.9946 0.0801
vn 0.0582 0.9537 -0.2950
vn 0.1164 0.9721 -0.2037
vn 0.2046 0.5752 -0.7920
vn 0.0983 0.9938 -0.0512
vn 0.3007 0.9428 -0.1438
vn 0.0029 0.9975 0.0709
vn 0.1607 0.9761 0.1462
vn 0.0816 0.9877 0.1337
vn 0.1796 0.9607 0.2118
vn -0.7441 0.6073 0.2785
vn -0.0622 0.6570 -0.7513
vn 0.2130 0.4956 -0.8420
vn -0.0970 0.5213 0.8479
vn 0.0856 0.9701 0.2269
vn 0.7744 0.6075 -0.1768
vn 0.7660 0.5705 0.2961
vn 0.1119 0.4540 0.8839
vn 0.5031 0.4885 0.7129
vn 0.1190 0.8777 -0.4642
vn -0.6602 0.2489 0.7087
vn -0.4456 0.3805 0.8104
vn 0.0856 -0.9826 -0.1651
vn -0.4421 -0.7702 0.4597
vn -0.6575 -0.7486 0.0855
vn 0.0802 -0.9909 -0.1077
vn -0.4392 -0.6299 -0.6405
vn 0.0579 -0.9970 0.0507
vn -0.1756 -0.9843 0.0192
vn 0.3967 -0.7128 -0.5784
vn 0.6335 -0.7372 -0.2350
vn -0.0057 -0.9471 -0.3210
vn -0.0889 -0.9194 0.3830
vn -0.0682 -0.9442 -0.3222
vn -0.0620 -0.9535 0.2950
vn -0.0796 -0.9937 -0.0794
vn -0.1310 -0.9699 0.2051
vn 0.6918 0.7006 -0.1751
vn -0.1789 0.3315 0.9263
vn -0.1003 -0.9936 0.0516
vn -0.0877 -0.7496 -0.6560
vn -0.3126 -0.9390 0.1437
vn -0.6205 -0.0552 0.7823
vn -0.0013 0.0644 0.9979
vn -0.2634 -0.6783 -0.6860
vn -0.7736 -0.0225 0.6332
vn -0.5241 -0.0918 -0.8467
vn -0.1607 -0.9761 -0.1462
vn -0.0065 -0.9975 -0.0709
vn -0.0827 -0.9876 -0.1336
vn -0.1796 -0.9607 -0.2118
vn -0.2126 -0.9752 0.0615
vn 0.0707 -0.9525 -0.2961
vn -0.0876 -0.9700 -0.2268
vn -0.1224 -0.6831 -0.7200
vn 0.0832 -0.7935 -0.6028
vn -0.1836 -0.7933 0.5805
vn 0.6326 -0.7591 0.1535
vn 0.0861 -0.8316 0.5487
vn 0.3613 -0.7858 0.5020
vn 0.0774 0.5272 0.8462
vn -0.2640 -0.8278 0.4950
vn -0.4563 0.1865 0.8700
vn -0.5730 0.1126 0.8118
vn -0.3227 0.1465 0.9351
vn -0.6649 -0.7067 -0.2417
vn 0.1602 0.4523 -0.8774
vn -0.0599 -0.8962 -0.4396
vn -0.7548 0.6496 -0.0910
vn -0.6373 0.1854 0.7480
vn -0.4550 0.2947 0.8403
vn -0.1228 0.0291 0.9920
vn -0.2501 0.0122 0.9682
vn -0.3247 0.1209 0.9381
vn -0.2112 -0.0136 0.9773
vn 0.9944 0.0977 -0.0410
vn -0.0435 -0.2934 0.9550
vn 0.8159 -0.5655 -0.1202
vn -0.5738 -0.2612 0.7763
vn -0.5573 0.0765 0.8268
vn -0.1713 -0.2280 0.9585
vn -0.4101 -0.2292 0.8828
vn -0.3810 -0.3597 0.8518
vn -0.3725 0.5458 -0.7505
vn -0.3296 -0.5023 0.7994
vn 0.2826 -0.8810 -0.3795
vn -0.6090 -0.2723 0.7450
vn -0.6135 -0.0293 0.7892
vn -0.7068 -0.0402 0.7063
vn -0.2107 -0.2292 0.9503
vn -0.4563 0.1402 0.8787
vn -0.2481 0.2385 0.9389
vn -0.2809 -0.1442 0.9488
vn -0.5538 -0.1734 0.8144
vn -0.6627 -0.3649 0.6539
vn -0.3746 -0.3598 0.8545
vn -0.0000 0.0961 -0.9954
vn 0.0214 0.1660 -0.9859
vn 0.0312 0.7128 0.7007
vn 0.0622 0.8593 -0.5076
vn -0.0214 0.1660 -0.9859
vn -0.0622 0.8593 -0.5076
vn -0.0312 0.7128 0.7007
vn 0.2044 0.2273 0.9521
vn 0.1610 0.2178 0.9626
vn -0.1209 0.3014 0.9458
vn -0.2044 0.2273 0.9521
vn 0.2195 0.1941 0.9561
vn 0.2152 0.1988 0.9561
vn -0.2152 0.1988 0.9561
vn -0.2195 0.1941 0.9561
vn -0.0625 0.8545 -0.5157
vn -0.0649 0.8525 -0.5187
vn -0.0083 0.1747 -0.9846
vn -0.0186 0.1938 -0.9809
vn 0.0649 0.8525 -0.5187
vn 0.0083 0.1747 -0.9846
vn 0.0186 0.1938 -0.9809
vn 0.0625 0.8545 -0.5157
vn -0.0000 0.1893 -0.9819
vn -0.0000 0.1803 -0.9836
vn 0.1246 0.2384 0.9632
vn 0.1934 0.2263 0.9547
vn -0.1246 0.2384 0.9632
vn -0.1996 0.2259 0.9535
vn -0.0354 0.7066 0.7067
vn 0.2017 0.1973 0.9594
vn 0.2014 0.1997 0.9589
vn -0.2017 0.1973 0.9594
vn -0.2014 0.1997 0.9589
vn 0.0354 0.7066 0.7067
vn -0.1941 0.2076 0.9588
vn -0.2015 0.2085 0.9570
vn -0.2155 0.2085 0.9540
vn -0.2199 0.2033 0.9541
vn -0.2212 0.3163 0.9225
vn -0.5647 0.0404 0.8243
vn -0.2476 0.2166 0.9443
vn -0.5089 -0.0688 0.8581
vn -0.4468 0.4567 0.7693
vn -0.2159 -0.2682 0.9389
vn -0.2479 0.4416 0.8623
vn -0.1920 0.2077 0.9592
vn -0.1962 0.7601 0.6195
vn -0.4995 0.3660 0.7852
vn 0.1941 0.2076 0.9588
vn 0.2015 0.2085 0.9570
vn 0.2155 0.2085 0.9540
vn 0.2199 0.2033 0.9541
vn 0.2212 0.3163 0.9225
vn 0.5650 0.0419 0.8240
vn 0.4995 0.3660 0.7852
vn 0.5100 -0.0519 0.8586
vn -0.0000 -0.0436 0.9990
vn 0.4937 -0.3031 0.8151
vn 0.2479 0.4416 0.8623
vn 0.1962 0.7601 0.6195
vn 0.1920 0.2077 0.9592
vn 0.4852 0.3683 0.7931
vn 0.1787 0.7845 0.5938
vn 0.5026 0.3360 0.7966
vn 0.2390 0.4523 0.8592
vn 0.2176 0.3273 0.9195
vn 0.2393 0.4632 0.8534
vn 0.2190 0.2088 0.9531
vn 0.2180 0.2169 0.9515
vn 0.2143 0.2248 0.9505
vn 0.1931 0.2217 0.9558
vn 0.1996 0.2259 0.9535
vn 0.2004 0.2231 0.9540
vn 0.5622 0.0225 0.8267
vn 0.5337 0.2607 0.8045
vn 0.5620 0.0296 0.8266
vn 0.5091 -0.0788 0.8571
vn 0.4477 0.4535 0.7707
vn 0.5093 -0.0755 0.8573
vn 0.4884 -0.3317 0.8071
vn 0.4902 -0.3275 0.8078
vn -0.1787 0.7845 0.5938
vn -0.4852 0.3683 0.7931
vn -0.5026 0.3360 0.7966
vn -0.1909 0.2219 0.9562
vn -0.1925 0.2115 0.9582
vn -0.1931 0.2217 0.9558
vn -0.2176 0.3273 0.9195
vn -0.2390 0.4523 0.8592
vn -0.2393 0.4632 0.8534
vn -0.2434 -0.0243 0.9696
vn -0.4964 0.2355 0.8355
vn -0.7236 -0.1068 0.6819
vn -0.2764 -0.0403 0.9602
vn -0.7491 -0.0149 0.6622
vn -0.4516 0.4484 0.7714
vn -0.4550 0.4269 0.7815
vn -0.5294 -0.3552 0.7704
vn -0.5036 -0.2211 0.8352
vn -0.2190 0.2088 0.9531
vn -0.2198 0.3216 0.9210
vn -0.2143 0.2248 0.9505
vn -0.2180 0.2169 0.9515
vn -0.1997 0.2127 0.9565
vn -0.2004 0.2231 0.9540
vn -0.2027 0.2234 0.9534
vn -0.2051 0.2119 0.9555
vn -0.2057 0.2232 0.9528
vn 0.2029 0.2120 0.9560
vn 0.2068 0.1981 0.9581
vn 0.2039 0.2085 0.9565
vn 0.2068 0.2075 0.9561
vn -0.2039 0.2085 0.9565
vn -0.2068 0.1981 0.9581
vn -0.2068 0.2075 0.9561
vn 0.0349 0.7083 0.7050
vn -0.1940 0.1716 0.9659
vn -0.2046 0.1987 0.9585
vn -0.2064 0.1962 0.9586
vn 0.2064 0.1962 0.9586
vn 0.2046 0.1987 0.9585
vn 0.1940 0.1716 0.9659
vn -0.0349 0.7083 0.7050
vn -0.2010 0.2260 0.9532
vn -0.2003 0.2250 0.9535
vn 0.2010 0.2260 0.9532
vn 0.1564 0.2111 0.9649
vn -0.0643 0.8578 -0.5099
vn -0.0637 0.8570 -0.5113
vn 0.0465 0.1542 -0.9869
vn 0.0377 0.1491 -0.9881
vn 0.0637 0.8570 -0.5113
vn -0.0465 0.1542 -0.9869
vn -0.0377 0.1491 -0.9881
vn 0.0643 0.8578 -0.5099
vn -0.0000 0.1511 -0.9885
vn -0.0000 0.1122 -0.9937
vn -0.2029 0.2121 0.9560
vn 0.2134 0.2133 0.9534
vn -0.1564 0.2111 0.9649
vn -0.2043 0.1965 0.9590
vn 0.2043 0.1965 0.9590
vn 0.2003 0.2250 0.9535
vn -0.1610 0.2178 0.9626
vn 0.2155 0.1962 0.9566
vn -0.2155 0.1962 0.9566
vn -0.2134 0.2133 0.9534
vn 0.1925 0.2115 0.9582
vn 0.1909 0.2219 0.9562
vn -0.4543 0.4223 0.7844
vn -0.7296 -0.3353 0.5960
vn -0.3168 0.7940 0.5189
vn 0.1997 0.2127 0.9565
vn 0.2305 0.5030 0.8330
vn 0.3168 0.7940 0.5189
vn 0.5332 0.2525 0.8074
vn 0.4516 0.4484 0.7714
vn -0.2055 0.2101 0.9558
vn -0.2148 0.2106 0.9537
vn -0.2010 0.2103 0.9568
vn -0.2035 0.2103 0.9562
vn -0.1863 0.7687 0.6119
vn -0.4999 0.3637 0.7860
vn -0.1913 0.2095 0.9589
vn -0.1930 0.2099 0.9585
vn -0.2203 0.3202 0.9214
vn -0.2432 0.4473 0.8607
vn -0.4618 0.0124 0.8869
vn 0.0770 -0.1345 0.9879
vn 0.0460 0.0981 0.9941
vn -0.4477 0.4535 0.7707
vn -0.5172 -0.0481 0.8545
vn -0.2189 0.2056 0.9538
vn 0.2055 0.2101 0.9558
vn 0.2148 0.2106 0.9537
vn 0.2010 0.2103 0.9568
vn 0.2035 0.2103 0.9562
vn 0.5091 -0.0703 0.8578
vn 0.5291 0.2820 0.8004
vn 0.4939 -0.3210 0.8081
vn 0.4451 0.4734 0.7601
vn 0.1913 0.2095 0.9589
vn 0.1930 0.2099 0.9585
vn 0.1863 0.7687 0.6119
vn 0.4999 0.3637 0.7860
vn 0.2203 0.3202 0.9214
vn 0.2432 0.4473 0.8607
vn 0.2189 0.2056 0.9538
vn 0.2198 0.3216 0.9210
vn 0.1789 0.7742 0.6071
vn 0.1911 0.2110 0.9586
vn 0.5332 0.2644 0.8036
vn 0.4468 0.4567 0.7693
vn -0.4561 0.1798 0.8716
vn -0.1911 0.2110 0.9586
vn -0.1789 0.7742 0.6071
vn 0.0856 0.9825 0.1651
vn 0.5312 0.4978 0.6856
vn 0.7441 0.6073 0.2785
vn 0.0802 0.9909 0.1077
vn 0.5203 0.6391 -0.5664
vn 0.0579 0.9970 -0.0507
vn -0.1756 0.9843 -0.0192
vn -0.5559 0.5876 -0.5880
vn -0.7744 0.6075 -0.1768
vn -0.0017 0.9471 0.3209
vn 0.0671 0.3337 0.9403
vn -0.0520 0.9455 0.3215
vn -0.0582 0.9537 -0.2950
vn -0.0658 0.9946 0.0801
vn -0.1164 0.9721 -0.2037
vn -0.0983 0.9938 -0.0512
vn -0.2046 0.5752 -0.7920
vn -0.3007 0.9428 -0.1438
vn -0.1607 0.9761 0.1462
vn -0.0029 0.9975 0.0709
vn -0.0816 0.9877 0.1337
vn -0.1796 0.9607 0.2118
vn -0.2126 0.9752 -0.0615
vn 0.0707 0.9525 0.2961
vn -0.0856 0.9701 0.2269
vn 0.0622 0.6570 -0.7513
vn -0.2130 0.4956 -0.8420
vn 0.0970 0.5213 0.8479
vn -0.7660 0.5705 0.2961
vn -0.1119 0.4540 0.8839
vn -0.5031 0.4885 0.7129
vn -0.0856 -0.9826 -0.1651
vn 0.4421 -0.7702 0.4597
vn -0.0707 -0.9525 -0.2961
vn 0.4392 -0.6299 -0.6405
vn -0.0802 -0.9909 -0.1077
vn -0.0579 -0.9970 0.0507
vn 0.1756 -0.9843 0.0192
vn -0.3967 -0.7128 -0.5784
vn 0.2126 -0.9752 0.0615
vn 0.0889 -0.9194 0.3830
vn 0.0057 -0.9471 -0.3210
vn 0.0682 -0.9442 -0.3222
vn 0.0796 -0.9937 -0.0794
vn 0.0620 -0.9535 0.2950
vn 0.1310 -0.9699 0.2051
vn 0.0877 -0.7496 -0.6560
vn 0.1003 -0.9936 0.0516
vn 0.3126 -0.9390 0.1437
vn 0.0065 -0.9975 -0.0709
vn 0.1607 -0.9761 -0.1462
vn 0.0827 -0.9876 -0.1336
vn 0.1796 -0.9607 -0.2118
vn 0.6575 -0.7486 0.0855
vn 0.1224 -0.6831 -0.7200
vn -0.0832 -0.7935 -0.6028
vn 0.1836 -0.7933 0.5805
vn 0.0876 -0.9700 -0.2268
vn -0.6335 -0.7372 -0.2350
vn -0.6326 -0.7591 0.1535
vn -0.0861 -0.8316 0.5487
vn -0.3613 -0.7858 0.5020
vn -0.0774 0.5272 0.8462
vn 0.6649 -0.7067 -0.2417
vn 0.7548 0.6496 -0.0910
vn -0.1602 0.4523 -0.8774
vn -0.1009 0.9668 0.2347
vn -0.5074 0.7275 -0.4619
vn -0.7438 0.6659 -0.0570
vn -0.0984 0.9517 0.2910
vn -0.5635 0.3611 0.7430
vn -0.0844 0.8943 0.4395
vn 0.2504 -0.9647 -0.0819
vn -0.2924 -0.8244 0.4847
vn -0.4812 -0.8758 0.0373
vn 0.0008 0.9843 0.1763
vn 0.3790 0.7488 -0.5438
vn -0.1005 0.8095 -0.5785
vn 0.0005 0.9011 0.4336
vn 0.4450 0.8527 0.2736
vn 0.0256 0.9616 0.2734
vn 0.3851 -0.8881 0.2508
vn 0.4645 -0.1249 0.8767
vn -0.0025 -0.6008 0.7994
vn 0.2768 -0.9300 -0.2418
vn 0.4550 -0.8798 -0.1375
vn 0.2698 -0.9129 -0.3064
vn 0.2210 -0.9743 -0.0438
vn -0.0786 0.9915 0.1035
vn -0.1250 0.2955 0.9471
vn -0.4321 -0.7594 -0.4864
vn 0.1841 -0.3665 -0.9120
vn 0.4776 -0.7998 -0.3636
vn -0.1392 -0.5262 -0.8389
vn 0.0550 -0.1380 -0.9889
vn 0.6466 -0.2475 -0.7215
vn -0.5597 -0.2503 -0.7900
vn 0.1009 -0.9668 -0.2347
vn -0.4008 -0.5216 -0.7532
vn 0.0786 -0.9915 -0.1035
vn -0.4550 -0.8353 0.3088
vn 0.0984 -0.9517 -0.2910
vn 0.0844 -0.8943 -0.4395
vn -0.2504 0.9647 0.0819
vn -0.6716 0.4248 0.6070
vn -0.2210 0.9743 0.0438
vn -0.0041 -0.9843 -0.1767
vn -0.1587 -0.1774 -0.9712
vn -0.5582 -0.8275 -0.0597
vn -0.0040 -0.9006 -0.4347
vn -0.5731 -0.7778 -0.2580
vn -0.4832 -0.7330 -0.4788
vn 0.0008 0.9993 -0.0381
vn -0.2400 0.8022 0.5467
vn 0.2518 0.9652 0.0707
vn -0.3571 0.8999 -0.2502
vn -0.4927 0.6096 0.6210
vn -0.9160 0.2137 -0.3396
vn -0.0274 -0.9615 -0.2734
vn 0.3936 0.8626 0.3178
vn -0.1544 0.9590 0.2377
vn 0.3034 0.7164 0.6283
vn -0.8400 -0.4914 -0.2302
vn 0.8666 -0.4819 -0.1295
vn -0.2768 0.9300 0.2418
vn -0.4248 0.8938 0.1439
vn -0.2699 0.9129 0.3064
vn -0.6349 -0.6526 -0.4136
vn -0.1116 -0.9175 0.3818
vn -0.3477 0.6349 0.6900
vn -0.1076 -0.5110 -0.8528
vn -0.9008 0.3706 0.2264
vn -0.8545 0.4591 -0.2431
vn -0.4450 0.7800 -0.4400
vn -0.5379 0.6626 -0.5212
vn -0.7101 0.1422 -0.6896
vn 0.6627 0.0446 -0.7476
vn 0.1062 0.9593 0.2615
vn -0.4396 0.8561 0.2717
vn -0.3766 0.7145 0.5896
vn -0.6585 -0.7462 -0.0981
vn -0.7738 0.5588 0.2982
vn -0.7407 -0.6479 0.1779
vn 0.2385 0.2409 0.9408
vn 0.5837 -0.6768 0.4485
vn -0.0332 -0.7502 0.6603
vn -0.6222 -0.6875 0.3744
vn 0.1606 0.8095 0.5647
vn -0.2724 0.9617 0.0316
vn -0.0459 0.6382 0.7685
vn 0.1721 0.9178 0.3579
vn 0.2022 0.7964 0.5700
vn 0.2932 0.8891 0.3516
vn -0.0157 0.9865 0.1633
vn 0.2003 0.9688 0.1461
vn -0.0092 0.9986 0.0525
vn -0.3593 0.8794 0.3124
vn -0.1614 0.9648 0.2076
vn -0.2348 0.9655 0.1129
vn -0.0384 0.8326 0.5525
vn -0.2861 0.7854 0.5489
vn -0.0431 0.7491 0.6610
vn 0.1893 0.9047 0.3816
vn -0.0164 0.9780 0.2082
vn -0.2576 0.8977 0.3576
vn -0.9377 -0.2603 0.2301
vn 0.1190 0.9664 0.2278
vn -0.2324 0.9130 0.3353
vn 0.1165 0.8620 0.4933
vn -0.1886 0.8574 0.4788
vn -0.0442 0.7499 0.6601
vn -0.9553 0.2956 0.0099
vn 0.9803 -0.0459 -0.1924
vn 0.4307 0.8974 0.0963
vn -0.9490 0.2259 0.2201
vn 0.3813 0.7675 0.5153
vn 0.9949 -0.0946 0.0362
vn -0.4423 0.8196 0.3640
vn 0.9381 -0.1261 0.3225
vn 0.1009 0.9668 0.2347
vn 0.5074 0.7275 -0.4619
vn 0.0786 0.9915 0.1035
vn 0.5635 0.3611 0.7430
vn 0.0984 0.9517 0.2910
vn 0.0844 0.8943 0.4395
vn -0.2504 -0.9647 -0.0819
vn 0.2924 -0.8244 0.4847
vn -0.2210 -0.9743 -0.0438
vn -0.0008 0.9843 0.1763
vn -0.3790 0.7488 -0.5438
vn -0.4307 0.8974 0.0963
vn -0.0005 0.9011 0.4336
vn -0.4450 0.8527 0.2736
vn -0.3813 0.7675 0.5153
vn -0.3852 -0.8881 0.2508
vn -0.4645 -0.1249 0.8767
vn -0.9381 -0.1261 0.3225
vn -0.0256 0.9616 0.2734
vn -0.2768 -0.9300 -0.2418
vn -0.4550 -0.8798 -0.1375
vn -0.2698 -0.9129 -0.3064
vn 0.7438 0.6659 -0.0570
vn 0.1250 0.2955 0.9471
vn 0.0025 -0.6008 0.7994
vn 0.1005 0.8095 -0.5785
vn 0.4812 -0.8758 0.0373
vn 0.4321 -0.7594 -0.4864
vn -0.1841 -0.3665 -0.9120
vn 0.1392 -0.5262 -0.8389
vn -0.0550 -0.1380 -0.9889
vn 0.5597 -0.2503 -0.7900
vn -0.6466 -0.2474 -0.7215
vn -0.1009 -0.9668 -0.2347
vn 0.4008 -0.5216 -0.7532
vn 0.6349 -0.6526 -0.4136
vn -0.0984 -0.9517 -0.2910
vn 0.4550 -0.8353 0.3088
vn -0.0844 -0.8943 -0.4395
vn 0.2504 0.9647 0.0819
vn 0.6716 0.4248 0.6070
vn 0.9008 0.3706 0.2264
vn 0.0041 -0.9843 -0.1767
vn 0.1587 -0.1774 -0.9712
vn 0.1076 -0.5110 -0.8528
vn 0.0040 -0.9006 -0.4347
vn 0.5731 -0.7778 -0.2580
vn 0.0274 -0.9615 -0.2734
vn -0.0008 0.9993 -0.0381
vn 0.2400 0.8022 0.5468
vn 0.0442 0.7499 0.6601
vn 0.3571 0.8999 -0.2502
vn 0.4927 0.6096 0.6210
vn 0.3477 0.6349 0.6900
vn -0.3937 0.8626 0.3178
vn 0.1544 0.9590 0.2377
vn 0.2575 0.8977 0.3576
vn 0.8400 -0.4914 -0.2302
vn 0.2768 0.9300 0.2418
vn 0.4248 0.8938 0.1439
vn 0.2699 0.9129 0.3064
vn 0.2210 0.9743 0.0438
vn -0.0786 -0.9915 -0.1035
vn 0.1116 -0.9175 0.3818
vn 0.8545 0.4590 -0.2431
vn 0.4450 0.7800 -0.4400
vn 0.4424 0.8196 0.3640
vn 0.5379 0.6626 -0.5212
vn 0.7101 0.1422 -0.6896
vn 0.4396 0.8561 0.2717
vn -0.1062 0.9593 0.2615
vn 0.3766 0.7145 0.5896
vn 0.6585 -0.7462 -0.0981
vn 0.7407 -0.6479 0.1779
vn 0.7738 0.5588 0.2982
vn -0.5837 -0.6768 0.4486
vn 0.6222 -0.6875 0.3744
vn 0.0332 -0.7502 0.6603
vn -0.8666 -0.4820 -0.1295
vn -0.1606 0.8095 0.5647
vn 0.2724 0.9617 0.0316
vn 0.0459 0.6382 0.7685
vn -0.3035 0.7164 0.6283
vn -0.2518 0.9652 0.0707
vn -0.2021 0.7964 0.5700
vn -0.1720 0.9178 0.3579
vn -0.2933 0.8890 0.3516
vn -0.2003 0.9688 0.1461
vn 0.0157 0.9865 0.1633
vn 0.0092 0.9986 0.0525
vn 0.3593 0.8794 0.3124
vn 0.1614 0.9648 0.2076
vn 0.2324 0.9130 0.3353
vn 0.2861 0.7854 0.5489
vn 0.0384 0.8326 0.5525
vn 0.0431 0.7491 0.6610
vn -0.1893 0.9048 0.3816
vn 0.0164 0.9780 0.2082
vn -0.1190 0.9664 0.2278
vn -0.1165 0.8620 0.4933
vn 0.1886 0.8574 0.4788
vn 0.2348 0.9655 0.1129
vn 0.4832 -0.7330 -0.4788
vn 0.9553 0.2956 0.0099
vn -0.2385 0.2409 0.9408
vn -0.9803 -0.0459 -0.1924
vn -0.6627 0.0446 -0.7476
vn 0.5582 -0.8275 -0.0597
vn -0.9949 -0.0946 0.0362
vn 0.9490 0.2259 0.2201
vn -0.4776 -0.7998 -0.3636
vn 0.9160 0.2137 -0.3396
vn 0.5684 -0.2314 0.7895
vn -0.2301 0.7027 0.6732
vn -0.5529 0.2195 0.8038
vn -0.5688 -0.2213 0.7921
vn 0.5594 0.2161 0.8002
vn 0.2301 0.7027 0.6732
vn 0.2066 -0.7055 0.6779
vn 0.5412 -0.2847 0.7912
vn -0.5584 0.2629 0.7868
vn -0.2066 -0.7055 0.6779
vn 0.5573 0.2656 0.7867
vn -0.5398 -0.2809 0.7936
vn -0.6211 0.2341 0.7479
vn -0.0000 0.8000 0.6000
vn -0.0000 -0.7727 0.6348
vn -0.0000 -0.7838 0.6210
vn -0.0000 0.8104 0.5859
vn -0.6186 -0.2113 0.7568
vn 0.4664 -0.0310 0.8840
vn -0.4279 0.0076 0.9038
vn -0.2669 0.0015 0.9637
vn -0.5859 0.5982 0.5467
vn -0.7387 0.0203 0.6737
vn -0.1690 -0.7653 0.6211
vn -0.6085 -0.5794 0.5423
vn -0.1723 0.7726 0.6111
vn -0.5075 -0.5860 -0.6317
vn 0.2640 -0.8278 0.4950
vn 0.2359 -0.9655 -0.1105
vn 0.0599 -0.8962 -0.4396
vn 0.2486 -0.9415 -0.2276
vn -0.2258 0.9678 0.1111
vn -0.0000 0.6947 0.7193
vn -0.0266 0.8155 -0.5782
vn -0.2357 0.9446 0.2283
vn -0.2359 -0.9655 -0.1105
vn 0.2258 0.9678 0.1111
vn 0.2357 0.9446 0.2283
vn -0.2486 -0.9415 -0.2276
vn -0.0840 0.9943 0.0659
vn 0.3808 0.9158 0.1275
vn 0.3089 0.8724 0.3788
vn 0.2549 0.9561 0.1445
vn -0.0968 0.9948 0.0318
vn -0.1490 0.9742 0.1695
vn -0.2815 0.8331 0.4761
vn 0.0384 0.9992 0.0090
vn 0.1763 0.9835 0.0406
vn 0.2795 0.9451 0.1692
vn -0.1791 0.9827 -0.0480
vn 0.2627 0.8896 0.3735
vn -0.2327 0.9650 -0.1211
vn 0.0296 0.9886 -0.1476
vn 0.0677 0.8651 0.4969
vn 0.0668 0.8646 0.4981
vn -0.0929 0.9453 0.3128
vn 0.0623 0.9249 0.3751
vn 0.2120 0.9312 0.2966
vn -0.2709 0.9475 0.1701
vn -0.1668 0.9664 0.1954
vn 0.2553 0.9632 -0.0839
vn -0.1787 0.8982 0.4017
vn 0.0373 0.9986 -0.0366
vn 0.1832 0.9830 0.0097
vn -0.1373 0.9089 0.3938
vn 0.8263 -0.5466 -0.1358
vn -0.6612 -0.3710 -0.6521
vn 0.5441 -0.4153 -0.7291
vn 0.6133 -0.6138 0.4971
vn -0.8783 -0.4776 -0.0224
vn -0.5909 -0.5599 0.5808
vn 0.0683 0.7773 0.6255
vn 0.0178 0.9715 -0.2365
vn 0.3979 0.8095 0.4317
vn 0.2910 0.9427 -0.1630
vn 0.4591 0.8836 0.0917
vn -0.3734 0.9165 0.1433
vn 0.0277 -0.6044 0.7962
vn -0.0704 -0.3306 -0.9411
vn 0.0840 0.9943 0.0659
vn -0.3808 0.9158 0.1275
vn 0.1668 0.9664 0.1955
vn -0.2549 0.9561 0.1445
vn 0.0968 0.9948 0.0318
vn -0.1832 0.9830 0.0097
vn 0.2815 0.8331 0.4761
vn -0.0384 0.9992 0.0090
vn -0.0683 0.7773 0.6255
vn 0.1791 0.9827 -0.0480
vn -0.2796 0.9451 0.1692
vn -0.2627 0.8896 0.3735
vn 0.2327 0.9650 -0.1211
vn 0.3734 0.9165 0.1433
vn -0.0296 0.9886 -0.1476
vn -0.0677 0.8651 0.4969
vn -0.0668 0.8646 0.4981
vn 0.0929 0.9453 0.3128
vn -0.2120 0.9312 0.2966
vn -0.0623 0.9249 0.3751
vn 0.2708 0.9475 0.1701
vn -0.1763 0.9835 0.0406
vn -0.2553 0.9632 -0.0839
vn 0.1373 0.9089 0.3938
vn -0.3089 0.8724 0.3788
vn 0.1787 0.8982 0.4017
vn -0.0373 0.9986 -0.0366
vn -0.8263 -0.5466 -0.1358
vn 0.6612 -0.3710 -0.6521
vn 0.8783 -0.4776 -0.0224
vn -0.6133 -0.6138 0.4971
vn 0.5909 -0.5599 0.5808
vn -0.0277 -0.6044 0.7962
vn -0.0178 0.9715 -0.2365
vn 0.1490 0.9742 0.1695
vn -0.3979 0.8095 0.4317
vn -0.2910 0.9427 -0.1630
vn -0.4591 0.8836 0.0917
vn -0.5441 -0.4153 -0.7290
vn 0.0704 -0.3306 -0.9411
vn 0.0563 0.6569 0.7518
vn 0.1062 0.6539 0.7491
vn 0.1001 0.2671 0.9585
vn 0.0558 0.0989 -0.9935
vn -0.0401 -0.6425 -0.7653
vn 0.0467 -0.3123 -0.9488
vn 0.0904 0.5953 -0.7984
vn -0.0622 -0.1179 -0.9911
vn 0.0400 -0.5759 0.8166
vn 0.1189 -0.2303 0.9658
vn 0.1433 -0.7371 0.6604
vn 0.0825 -0.8416 -0.5337
vn 0.0722 -0.9894 -0.1256
vn 0.1075 -0.8649 -0.4903
vn 0.0059 0.0855 0.9963
vn 0.0792 -0.9651 0.2498
vn 0.1488 -0.9877 -0.0481
vn 0.0777 0.8958 -0.4375
vn 0.1345 0.9627 -0.2348
vn 0.0634 -0.6900 -0.7211
vn 0.0666 -0.9858 -0.1540
vn 0.1174 0.9931 -0.0062
vn 0.1300 0.9221 0.3644
vn 0.1034 0.9199 0.3783
vn 0.0230 -0.9263 -0.3761
vn 0.1349 0.9893 -0.0560
vn 0.2430 0.9490 -0.2011
vn 0.0765 0.9679 -0.2394
vn 0.0973 0.9773 0.1882
vn 0.2957 0.9535 -0.0585
vn 0.2419 0.5630 0.7902
vn 0.1839 0.7965 0.5760
vn 0.0758 -0.0632 -0.9951
vn 0.2023 -0.6590 -0.7245
vn 0.1072 -0.7943 -0.5980
vn 0.0341 0.6976 -0.7157
vn 0.1381 0.6611 -0.7375
vn 0.3213 -0.7518 0.5758
vn 0.3304 -0.8801 -0.3410
vn -0.0939 0.6612 -0.7443
vn -0.1110 -0.0346 -0.9932
vn -0.0816 -0.7440 -0.6631
vn -0.0543 0.8540 0.5175
vn 0.0319 0.9764 0.2134
vn 0.0607 0.9948 -0.0813
vn 0.0036 0.9481 -0.3179
vn 0.4780 0.8699 0.1217
vn 0.5434 -0.5640 -0.6218
vn 0.3750 0.9193 -0.1194
vn 0.1155 0.6152 -0.7798
vn 0.1032 -0.2617 0.9596
vn 0.3320 0.7955 -0.5069
vn 0.2597 0.9578 0.1236
vn 0.8468 0.1631 -0.5063
vn 0.3544 -0.7904 0.4996
vn 0.4232 -0.6716 -0.6082
vn 0.8040 0.0728 0.5901
vn 0.2552 0.6975 -0.6696
vn 0.2296 0.5406 0.8093
vn 0.0675 -0.8266 0.5588
vn 0.3735 0.6561 0.6558
vn 0.8068 0.2789 -0.5208
vn 0.4658 -0.7046 0.5354
vn 0.4491 -0.6567 -0.6058
vn 0.8065 0.1711 0.5659
vn 0.1934 0.7125 -0.6745
vn 0.2220 0.5930 0.7740
vn 0.3615 0.7025 0.6131
vn 0.7898 0.2808 0.5453
vn 0.1730 0.6528 -0.7375
vn 0.1989 0.6615 0.7231
vn 0.3508 0.8010 0.4851
vn 0.1368 0.6035 -0.7856
vn 0.4534 -0.6319 -0.6286
vn 0.2110 -0.7061 -0.6760
vn 0.8099 0.3521 0.4691
vn 0.2388 0.7213 0.6501
vn 0.2065 0.4981 0.8422
vn -0.1132 -0.7967 0.5937
vn 0.2634 0.6553 -0.7080
vn 0.1679 0.5953 0.7858
vn 0.1833 0.6887 -0.7015
vn 0.1755 0.6090 -0.7735
vn 0.1661 0.6438 0.7469
vn 0.1722 0.5969 -0.7836
vn 0.2026 0.7142 0.6700
vn -0.0181 -0.7682 -0.6399
vn 0.1145 0.4819 0.8687
vn 0.1166 0.7275 -0.6762
vn 0.2797 0.7584 -0.5888
vn 0.1723 -0.8181 0.5487
vn -0.0916 -0.7856 0.6119
vn -0.0006 -0.2860 0.9582
vn 0.0625 0.6288 0.7750
vn 0.0842 0.7458 -0.6608
vn 0.0712 0.7112 -0.6993
vn 0.0676 0.7165 0.6943
vn 0.0363 0.6539 -0.7557
vn 0.0648 0.6781 0.7321
vn 0.1861 0.6636 -0.7246
vn -0.0903 -0.7086 -0.6998
vn 0.0557 0.6828 -0.7285
vn 0.2075 0.7536 0.6237
vn 0.1072 0.7719 0.6266
vn 0.2869 0.7293 -0.6211
vn 0.2409 0.5926 0.7686
vn 0.0897 0.6150 0.7834
vn 0.0633 0.5918 0.8036
vn 0.1239 0.7537 -0.6454
vn 0.7036 0.4948 0.5100
vn 0.7073 -0.5303 -0.4674
vn -0.1962 0.2157 0.9565
vn -0.2977 0.3123 0.9022
vn -0.0658 -0.8289 0.5555
vn -0.2152 -0.8426 0.4937
vn 0.8702 -0.4716 0.1429
vn 0.1610 0.0315 0.9865
vn 0.2516 -0.6906 0.6781
vn 0.0743 0.6645 0.7435
vn 0.1885 0.7242 -0.6633
vn 0.1773 0.6790 -0.7124
vn 0.1775 0.6194 0.7647
vn 0.1914 0.6473 0.7378
vn 0.1838 0.6982 0.6919
vn 0.0602 0.6875 -0.7237
vn 0.2011 0.6742 -0.7107
vn 0.1452 0.6210 -0.7703
vn 0.1646 0.6689 0.7249
vn 0.0340 0.6617 -0.7490
vn 0.1208 0.7400 0.6617
vn -0.0271 -0.6833 -0.7297
vn 0.0875 0.6461 -0.7582
vn 0.2314 0.7534 0.6155
vn -0.2804 -0.7800 0.5594
vn -0.2958 0.3427 0.8917
vn -0.1885 -0.7862 0.5886
vn -0.4056 0.3779 0.8322
vn 0.3446 0.9049 -0.2498
vn -0.2094 -0.7869 0.5804
vn -0.3193 0.3385 0.8851
vn 0.5307 -0.5888 -0.6097
vn -0.2656 0.3025 0.9154
vn -0.3059 -0.6940 0.6518
vn 0.2058 0.4374 0.8754
vn 0.2884 0.6796 -0.6745
vn 0.2835 0.6412 -0.7131
vn -0.3795 -0.5931 -0.7101
vn -0.2545 -0.9648 0.0656
vn -0.1946 -0.9472 -0.2549
vn -0.1020 0.9621 0.2531
vn -0.0216 0.9998 0.0044
vn -0.0670 0.9264 0.3704
vn -0.1671 -0.9801 0.1073
vn -0.2480 -0.6231 0.7418
vn -0.0494 -0.9588 0.2798
vn -0.0437 0.9943 -0.0968
vn -0.0386 0.9325 -0.3590
vn -0.1631 -0.9844 0.0655
vn -0.0159 -0.9880 -0.1539
vn -0.0952 0.9164 -0.3887
vn -0.2030 0.6460 -0.7358
vn -0.0451 -0.9846 -0.1690
vn -0.3466 0.2130 0.9135
vn -0.2267 0.7909 0.5684
vn -0.1579 0.7210 0.6747
vn -0.4949 -0.5872 0.6406
vn -0.2591 0.7023 -0.6631
vn -0.3664 0.0936 -0.9257
vn -0.4116 -0.6532 -0.6356
vn -0.0249 0.5019 -0.8645
vn 0.1625 -0.9862 -0.0329
vn 0.3280 -0.9444 0.0225
vn 0.2396 -0.9582 -0.1562
vn 0.1523 -0.9883 -0.0058
vn 0.0924 -0.9953 0.0281
vn -0.0611 -0.9978 -0.0272
vn 0.0459 -0.9988 0.0174
vn 0.0667 -0.9843 -0.1636
vn -0.4524 0.2766 0.8479
vn -0.1352 -0.9733 -0.1853
vn -0.3920 0.1161 -0.9126
vn 0.3796 -0.9226 -0.0678
vn 0.2192 -0.7027 0.6769
vn 0.1286 -0.7112 -0.6912
vn 0.3941 -0.9190 -0.0116
vn 0.1252 -0.7640 -0.6330
vn 0.1670 -0.6979 -0.6965
vn 0.1256 -0.7378 0.6632
vn 0.1593 -0.7477 -0.6446
vn 0.4900 -0.6680 0.5600
vn 0.1474 -0.7623 0.6302
vn 0.7922 0.2355 -0.5630
vn 0.5013 -0.6445 -0.5773
vn 0.5261 -0.6545 0.5430
vn 0.2373 -0.7253 0.6463
vn 0.2254 -0.6538 0.7223
vn 0.7672 0.1844 -0.6143
vn -0.0630 -0.6728 -0.7372
vn -0.0617 -0.7369 0.6731
vn -0.0372 -0.7250 -0.6877
vn -0.0525 -0.7302 -0.6812
vn -0.0554 -0.7443 0.6656
vn -0.0057 -0.6692 0.7430
vn 0.1903 -0.6384 -0.7458
vn -0.0467 -0.6982 -0.7143
vn -0.0570 -0.7133 0.6985
vn -0.0514 -0.7239 0.6880
vn -0.0600 -0.7019 -0.7097
vn -0.0339 -0.6636 0.7473
vn -0.0493 -0.6480 -0.7601
vn 0.1140 -0.7222 0.6822
vn 0.2071 -0.6728 -0.7102
vn 0.3399 -0.7439 -0.5753
vn 0.9951 -0.0008 0.0991
vn 0.4391 -0.0513 -0.8970
vn -0.0654 0.2977 0.9524
vn -0.0419 0.3118 0.9492
vn 0.6356 0.1138 -0.7635
vn -0.0348 0.1347 0.9903
vn -0.9348 -0.3534 -0.0364
vn 0.5953 0.7939 0.1234
vn -0.9348 0.3534 0.0364
vn 0.5953 -0.7940 -0.1234
vn -0.6356 0.1138 -0.7635
vn 0.8688 -0.4837 -0.1064
vn 0.8405 0.4605 -0.2856
vn -0.1923 0.1969 0.9614
vn 0.1923 0.1969 0.9614
vt 0.053983 0.401983
vt 0.086946 0.489846
vt 0.084987 0.402870
vt 0.084796 0.490085
vt 0.083206 0.402570
vt 0.021021 0.489846
vt 0.053983 0.489843
vt 0.022979 0.402871
vt 0.023171 0.490085
vt 0.026277 0.492479
vt 0.027362 0.346054
vt 0.024711 0.345995
vt 0.065360 0.492480
vt 0.065360 0.346815
vt 0.104443 0.492479
vt 0.103358 0.346053
vt 0.101894 0.492237
vt 0.106009 0.345995
vt 0.442938 0.554296
vt 0.427443 0.572889
vt 0.442938 0.575397
vt 0.474470 0.540498
vt 0.476924 0.538098
vt 0.476451 0.537376
vt 0.478014 0.539951
vt 0.479498 0.537801
vt 0.477658 0.541111
vt 0.188954 0.760430
vt 0.198792 0.808080
vt 0.175497 0.808081
vt 0.474821 0.541443
vt 0.206269 0.924921
vt 0.219442 0.834564
vt 0.223753 0.923183
vt 0.180813 0.808081
vt 0.202643 0.760430
vt 0.210807 0.808083
vt 0.530298 0.592226
vt 0.533992 0.600799
vt 0.532962 0.601058
vt 0.546882 0.583751
vt 0.569369 0.572795
vt 0.573314 0.611380
vt 0.544566 0.667522
vt 0.563693 0.620835
vt 0.563691 0.667807
vt 0.544925 0.624255
vt 0.570563 0.628287
vt 0.533537 0.667380
vt 0.532915 0.609253
vt 0.549600 0.590811
vt 0.593226 0.572795
vt 0.573071 0.607928
vt 0.563693 0.600172
vt 0.542599 0.608685
vt 0.543341 0.598006
vt 0.549235 0.613733
vt 0.532095 0.596651
vt 0.530567 0.601636
vt 0.532033 0.600182
vt 0.545517 0.606806
vt 0.545031 0.602703
vt 0.563308 0.620516
vt 0.558046 0.605229
vt 0.562261 0.607226
vt 0.544020 0.603820
vt 0.541825 0.609091
vt 0.555715 0.644320
vt 0.551774 0.716337
vt 0.559865 0.715917
vt 0.586720 0.644618
vt 0.577400 0.716558
vt 0.579463 0.644853
vt 0.556638 0.644677
vt 0.554367 0.715787
vt 0.545165 0.644262
vt 0.542278 0.645021
vt 0.575603 0.717111
vt 0.578253 0.646036
vt 0.549963 0.582570
vt 0.543667 0.638975
vt 0.549396 0.638408
vt 0.578024 0.639289
vt 0.578329 0.582704
vt 0.580558 0.638674
vt 0.549979 0.582761
vt 0.548970 0.639017
vt 0.566399 0.639455
vt 0.561172 0.582877
vt 0.586582 0.629892
vt 0.578267 0.629730
vt 0.543273 0.629907
vt 0.539526 0.629484
vt 0.555468 0.630312
vt 0.579177 0.630001
vt 0.554407 0.629865
vt 0.555933 0.646483
vt 0.551767 0.715597
vt 0.541991 0.646026
vt 0.586106 0.646737
vt 0.577546 0.716321
vt 0.581895 0.716287
vt 0.556444 0.646606
vt 0.554110 0.715632
vt 0.560458 0.716073
vt 0.544394 0.646135
vt 0.575710 0.716049
vt 0.578258 0.646483
vt 0.543600 0.638967
vt 0.549959 0.582570
vt 0.549397 0.638408
vt 0.578146 0.639286
vt 0.578324 0.582705
vt 0.575413 0.583063
vt 0.566548 0.639689
vt 0.561984 0.583268
vt 0.549978 0.582761
vt 0.544073 0.582848
vt 0.566513 0.639451
vt 0.580688 0.638670
vt 0.586379 0.629892
vt 0.578286 0.629719
vt 0.544029 0.629922
vt 0.555875 0.630326
vt 0.579343 0.646886
vt 0.554859 0.629942
vt 0.540392 0.629494
vt 0.561210 0.682035
vt 0.548959 0.639015
vt 0.548487 0.681099
vt 0.555153 0.613885
vt 0.514885 0.636042
vt 0.563407 0.701151
vt 0.576761 0.595945
vt 0.581792 0.701172
vt 0.569770 0.595953
vt 0.549749 0.701555
vt 0.570704 0.701413
vt 0.554313 0.595953
vt 0.551048 0.701127
vt 0.553513 0.595960
vt 0.550529 0.701309
vt 0.576264 0.701272
vt 0.573051 0.595930
vt 0.552592 0.595955
vt 0.097092 0.829982
vt 0.099986 0.830601
vt 0.091167 0.830394
vt 0.042428 0.830593
vt 0.042226 0.830265
vt 0.050251 0.830391
vt 0.563407 0.701151
vt 0.563589 0.595952
vt 0.549749 0.701554
vt 0.570704 0.701413
vt 0.550529 0.701308
vt 0.576264 0.701272
vt 0.581792 0.701172
vt 0.072127 0.809092
vt 0.050251 0.808804
vt 0.071363 0.808807
vt 0.054478 0.819122
vt 0.055679 0.808001
vt 0.055679 0.819124
vt 0.088176 0.818960
vt 0.085048 0.808004
vt 0.088175 0.807834
vt 0.074923 0.819119
vt 0.069364 0.807995
vt 0.092343 0.929462
vt 0.093686 0.918405
vt 0.097230 0.929019
vt 0.055185 0.929255
vt 0.046489 0.918635
vt 0.056987 0.918641
vt 0.079734 0.918630
vt 0.045292 0.928835
vt 0.081900 0.928889
vt 0.080606 0.898082
vt 0.048095 0.881988
vt 0.046415 0.898067
vt 0.068301 0.874763
vt 0.095584 0.878467
vt 0.070215 0.883927
vt 0.040154 0.881613
vt 0.040929 0.898093
vt 0.100040 0.880919
vt 0.101410 0.897793
vt 0.100745 0.898087
vt 0.042316 0.881171
vt 0.041591 0.898082
vt 0.100063 0.881435
vt 0.080180 0.881548
vt 0.068304 0.776321
vt 0.085753 0.773265
vt 0.087296 0.776280
vt 0.033365 0.857554
vt 0.050708 0.871498
vt 0.048099 0.883873
vt 0.103404 0.778719
vt 0.097602 0.773319
vt 0.101297 0.773422
vt 0.068401 0.812647
vt 0.085754 0.808150
vt 0.085754 0.812648
vt 0.099973 0.837456
vt 0.099859 0.837124
vt 0.035038 0.812752
vt 0.042397 0.837449
vt 0.089774 0.918644
vt 0.072570 0.918638
vt 0.035038 0.756770
vt 0.042316 0.783355
vt 0.042397 0.781467
vt 0.089722 0.869676
vt 0.103404 0.858367
vt 0.039310 0.773325
vt 0.033365 0.777577
vt 0.035038 0.773414
vt 0.068115 0.856652
vt 0.083466 0.868213
vt 0.070932 0.866925
vt 0.047453 0.918626
vt 0.039294 0.808193
vt 0.039310 0.812689
vt 0.048379 0.837425
vt 0.080227 0.830258
vt 0.050076 0.830249
vt 0.040044 0.837444
vt 0.101297 0.812758
vt 0.080122 0.837438
vt 0.585777 0.613733
vt 0.575054 0.595740
vt 0.591671 0.598006
vt 0.539039 0.644946
vt 0.597534 0.600799
vt 0.601228 0.592226
vt 0.598564 0.601058
vt 0.546838 0.583960
vt 0.545783 0.572794
vt 0.582820 0.667522
vt 0.577786 0.590811
vt 0.544881 0.624465
vt 0.572651 0.612575
vt 0.593849 0.667380
vt 0.594471 0.609253
vt 0.573027 0.608138
vt 0.592582 0.610083
vt 0.559958 0.595740
vt 0.599430 0.596651
vt 0.600959 0.601636
vt 0.586009 0.606806
vt 0.599492 0.600182
vt 0.568218 0.620516
vt 0.573480 0.605228
vt 0.576373 0.613885
vt 0.587506 0.603820
vt 0.589701 0.609091
vt 0.586495 0.602703
vt 0.612500 0.636042
vt 0.538996 0.645155
vt 0.570518 0.628496
vt 0.097614 0.777654
vt 0.068358 0.777752
vt 0.101297 0.777757
vt 0.039294 0.777661
vt 0.035038 0.777749
vt 0.042428 0.809088
vt 0.099986 0.809096
vt 0.091167 0.808810
vt 0.448136 0.597969
vt 0.475070 0.604035
vt 0.451993 0.607303
vt 0.467905 0.625521
vt 0.476336 0.580943
vt 0.455439 0.583312
vt 0.474727 0.595961
vt 0.454888 0.581424
vt 0.479307 0.536021
vt 0.469979 0.734462
vt 0.475973 0.536654
vt 0.455067 0.614521
vt 0.476326 0.734894
vt 0.463661 0.736593
vt 0.478057 0.624553
vt 0.475369 0.611015
vt 0.478319 0.732818
vt 0.068391 0.526728
vt 0.063856 0.527621
vt 0.069545 0.526567
vt 0.568482 0.682567
vt 0.584286 0.680857
vt 0.543017 0.681481
vt 0.568335 0.682373
vt 0.581823 0.681562
vt 0.549307 0.675662
vt 0.568451 0.682568
vt 0.543034 0.681481
vt 0.548490 0.681099
vt 0.566433 0.639692
vt 0.575411 0.583061
vt 0.581793 0.681562
vt 0.584250 0.680858
vt 0.549305 0.675661
vt 0.555990 0.613874
vt 0.540606 0.613340
vt 0.585731 0.613711
vt 0.579151 0.630009
vt 0.543958 0.614023
vt 0.555017 0.611879
vt 0.577919 0.613302
vt 0.555772 0.613877
vt 0.585835 0.613714
vt 0.578389 0.613649
vt 0.543593 0.614012
vt 0.554852 0.611884
vt 0.540196 0.613329
vt 0.577910 0.613303
vt 0.579981 0.582330
vt 0.544113 0.582779
vt 0.539744 0.582020
vt 0.544098 0.584332
vt 0.555017 0.611879
vt 0.584949 0.582599
vt 0.577992 0.582599
vt 0.578092 0.601596
vt 0.561182 0.582876
vt 0.573109 0.511835
vt 0.562341 0.528641
vt 0.573210 0.517116
vt 0.579980 0.582331
vt 0.584949 0.582600
vt 0.544113 0.582779
vt 0.544064 0.584330
vt 0.539751 0.582020
vt 0.561970 0.583267
vt 0.554852 0.611884
vt 0.578090 0.601596
vt 0.577986 0.582599
vt 0.573103 0.511835
vt 0.573207 0.517117
vt 0.562241 0.528650
vt 0.230485 0.971447
vt 0.203564 0.852613
vt 0.222080 0.846711
vt 0.211645 0.973419
vt 0.451927 0.571271
vt 0.475273 0.553941
vt 0.448274 0.558748
vt 0.479403 0.536911
vt 0.474119 0.539552
vt 0.478371 0.538791
vt 0.065360 0.492239
vt 0.028826 0.492237
vt 0.024760 0.402570
vt 0.053983 0.490083
vt 0.053983 0.402754
vt 0.414686 0.597918
vt 0.413204 0.637033
vt 0.413052 0.601616
vt 0.474127 0.618132
vt 0.470957 0.604142
vt 0.474037 0.597912
vt 0.414847 0.621105
vt 0.413049 0.554978
vt 0.411747 0.618132
vt 0.427354 0.612583
vt 0.458476 0.592736
vt 0.151827 0.781759
vt 0.159000 0.907016
vt 0.151818 0.917188
vt 0.472670 0.637033
vt 0.471188 0.597918
vt 0.472824 0.601616
vt 0.473024 0.554946
vt 0.471028 0.621105
vt 0.458520 0.612583
vt 0.178951 0.981493
vt 0.179633 0.781049
vt 0.177912 0.990602
vt 0.077354 0.959592
vt 0.055716 0.961342
vt 0.055991 0.958788
vt 0.036137 0.857490
vt 0.059277 0.866937
vt 0.097602 0.812685
vt 0.052462 0.808153
vt 0.052462 0.812648
vt 0.068373 0.777697
vt 0.085754 0.777602
vt 0.068401 0.777598
vt 0.050533 0.776278
vt 0.036848 0.777166
vt 0.087296 0.856628
vt 0.099706 0.857590
vt 0.097614 0.808189
vt 0.548544 0.525218
vt 0.539230 0.512061
vt 0.539215 0.513997
vt 0.539230 0.512060
vt 0.548424 0.525224
vt 0.539181 0.513995
vt 0.564241 0.612954
vt 0.578380 0.613648
vt 0.552920 0.632687
vt 0.542926 0.634927
vt 0.582433 0.634970
vt 0.584877 0.634249
vt 0.568306 0.682373
vt 0.548407 0.634472
vt 0.568487 0.636159
vt 0.552924 0.632687
vt 0.582448 0.634970
vt 0.569022 0.635715
vt 0.542918 0.634926
vt 0.584895 0.634249
vt 0.568502 0.636157
vt 0.070833 0.777393
vt 0.054478 0.777387
vt 0.058719 0.777375
vt 0.069364 0.777382
vt 0.088175 0.777158
vt 0.085048 0.777393
vt 0.058719 0.819114
vt 0.058719 0.807988
vt 0.070833 0.808003
vt 0.070833 0.819128
vt 0.085048 0.819129
vt 0.071363 0.830393
vt 0.561420 0.635743
vt 0.561428 0.635744
vt 0.548406 0.634472
vt 0.560050 0.639532
vt 0.559981 0.639534
vt 0.561193 0.682034
vt 0.564126 0.612961
vt 0.569009 0.635714
vt 0.564156 0.612886
vt 0.567605 0.582974
vt 0.577985 0.582596
vt 0.567617 0.582974
vt 0.564269 0.612879
vt 0.577991 0.582596
vt 0.055679 0.819124
vt 0.072127 0.809092
vt 0.042428 0.830594
vt 0.050251 0.830391
vt 0.042226 0.830265
vt 0.088175 0.818960
vt 0.085048 0.819129
vt 0.107013 0.958313
vt 0.097480 0.951101
vt 0.104317 0.950241
vt 0.037194 0.949711
vt 0.049699 0.950390
vt 0.086230 0.949406
vt 0.039329 0.957021
vt 0.087878 0.957211
vt 0.097480 0.951101
vt 0.077354 0.959592
vt 0.093836 0.959399
vt 0.049699 0.950390
vt 0.068209 0.953371
vt 0.093836 0.959398
vt 0.072570 0.918639
vt 0.056987 0.918641
vt 0.088396 0.959662
vt 0.107861 0.960851
vt 0.094372 0.961992
vt 0.038812 0.959464
vt 0.034837 0.957591
vt 0.040972 0.949253
vt 0.089774 0.918644
vt 0.055991 0.958786
vt 0.043391 0.928995
vt 0.034096 0.960070
vt 0.097092 0.829982
vt 0.054478 0.807999
vt 0.052462 0.777597
vt 0.068401 0.808150
vt 0.052462 0.773264
vt 0.080180 0.783732
vt 0.099859 0.781141
vt 0.080122 0.781455
vt 0.103404 0.760549
vt 0.099973 0.781473
vt 0.100040 0.783103
vt 0.100063 0.783619
vt 0.048095 0.784171
vt 0.040044 0.781462
vt 0.040154 0.783797
vt 0.048379 0.781443
vt 0.074922 0.819118
vt 0.093686 0.918405
vt 0.092343 0.929462
vt 0.097230 0.929018
vt 0.046489 0.918634
vt 0.043391 0.928994
vt 0.045292 0.928836
vt 0.079734 0.918630
vt 0.081900 0.928889
vt 0.080606 0.898081
vt 0.046415 0.898068
vt 0.095584 0.878467
vt 0.070215 0.883926
vt 0.101410 0.897793
vt 0.100745 0.898087
vt 0.040929 0.898093
vt 0.068503 0.773225
vt 0.050708 0.871498
vt 0.099706 0.777628
vt 0.041591 0.898084
vt 0.048099 0.883870
vt 0.089722 0.869677
vt 0.083467 0.868213
vt 0.070932 0.866925
vt 0.047453 0.918626
vt 0.035038 0.808257
vt 0.080227 0.830260
vt 0.050076 0.830250
vt 0.101297 0.808262
vt 0.068358 0.777753
vt 0.068373 0.777699
vt 0.077354 0.901975
vt 0.055716 0.868136
vt 0.077658 0.868992
vt 0.059277 0.866939
vt 0.058719 0.819115
vt 0.070833 0.819127
vt 0.107013 0.958316
vt 0.037194 0.949713
vt 0.034837 0.957591
vt 0.039329 0.957021
vt 0.086230 0.949404
vt 0.087878 0.957210
vt 0.104317 0.950241
vt 0.068209 0.953371
vt 0.088396 0.866457
vt 0.107013 0.900696
vt 0.107861 0.867645
vt 0.094372 0.868786
vt 0.039329 0.899404
vt 0.087877 0.899591
vt 0.034837 0.899974
vt 0.034096 0.866865
vt 0.040972 0.949253
vt 0.068209 0.953371
vt 0.038812 0.866259
vt 0.050533 0.856626
vt 0.474470 0.540499
vt 0.476924 0.538098
vt 0.474821 0.541443
vt 0.478014 0.539951
vt 0.479498 0.537802
vt 0.479403 0.536912
vt 0.477658 0.541111
vt 0.178577 0.924921
vt 0.165404 0.834564
vt 0.182250 0.839127
vt 0.189765 0.760430
vt 0.196122 0.760430
vt 0.448136 0.597969
vt 0.475070 0.604035
vt 0.474727 0.595961
vt 0.467905 0.625521
vt 0.476336 0.580942
vt 0.478057 0.624553
vt 0.476244 0.578621
vt 0.455438 0.583313
vt 0.451992 0.607303
vt 0.469979 0.734462
vt 0.479309 0.536021
vt 0.475973 0.536653
vt 0.455067 0.614522
vt 0.476326 0.734896
vt 0.475369 0.611015
vt 0.463661 0.736593
vt 0.478320 0.732818
vt 0.068099 0.526764
vt 0.062770 0.527884
vt 0.060019 0.528185
vt 0.154361 0.971447
vt 0.173201 0.973419
vt 0.181282 0.852613
vt 0.162765 0.846711
vt 0.451926 0.571271
vt 0.475273 0.553941
vt 0.475803 0.567410
vt 0.476450 0.537376
vt 0.474119 0.539552
vt 0.478371 0.538791
vt 0.052552 0.457629
vt 0.049871 0.452800
vt 0.049603 0.457771
vt 0.085341 0.462945
vt 0.076190 0.446056
vt 0.088519 0.445501
vt 0.099943 0.461417
vt 0.102044 0.438729
vt 0.091877 0.457549
vt 0.075219 0.436588
vt 0.071656 0.457653
vt 0.060351 0.452526
vt 0.063412 0.461757
vt 0.064528 0.459235
vt 0.048666 0.452624
vt 0.048404 0.457493
vt 0.059304 0.450400
vt 0.061973 0.458132
vt 0.062839 0.457317
vt 0.060144 0.452557
vt 0.060320 0.457147
vt 0.062946 0.452431
vt 0.064209 0.453431
vt 0.056830 0.452530
vt 0.056981 0.457228
vt 0.058878 0.449867
vt 0.052573 0.452659
vt 0.071251 0.456135
vt 0.057656 0.182789
vt 0.064281 0.175594
vt 0.057659 0.175198
vt 0.051192 0.182135
vt 0.051226 0.174692
vt 0.044617 0.173725
vt 0.043126 0.183653
vt 0.052846 0.283670
vt 0.050855 0.352169
vt 0.044208 0.296374
vt 0.060689 0.212483
vt 0.053752 0.202630
vt 0.059957 0.221771
vt 0.045106 0.312172
vt 0.049369 0.390686
vt 0.064187 0.183291
vt 0.069584 0.176930
vt 0.078414 0.274589
vt 0.066368 0.316225
vt 0.046071 0.193703
vt 0.051676 0.194846
vt 0.057827 0.194714
vt 0.063952 0.195012
vt 0.069322 0.188865
vt 0.036601 0.344252
vt 0.039442 0.275660
vt 0.044476 0.257579
vt 0.047392 0.208831
vt 0.046787 0.231594
vt 0.042589 0.281855
vt 0.051427 0.165322
vt 0.045349 0.165017
vt 0.015826 0.269838
vt 0.015419 0.233156
vt 0.015472 0.266559
vt 0.049742 0.121355
vt 0.047023 0.115678
vt 0.046524 0.121412
vt 0.019948 0.224342
vt 0.017827 0.289048
vt 0.052574 0.165986
vt 0.013660 0.250387
vt 0.014331 0.205251
vt 0.013257 0.252636
vt 0.056946 0.117574
vt 0.054432 0.112297
vt 0.053950 0.117332
vt 0.059090 0.166530
vt 0.063577 0.122646
vt 0.060838 0.117034
vt 0.060323 0.122597
vt 0.065708 0.167618
vt 0.022831 0.218299
vt 0.019291 0.256993
vt 0.019832 0.222703
vt 0.069977 0.129863
vt 0.067897 0.125301
vt 0.067433 0.129537
vt 0.030886 0.213621
vt 0.024604 0.286785
vt 0.050054 0.137365
vt 0.046130 0.137456
vt 0.053355 0.136668
vt 0.063723 0.139490
vt 0.059902 0.139499
vt 0.069973 0.145453
vt 0.066752 0.145340
vt 0.032729 0.217953
vt 0.020328 0.275205
vt 0.045405 0.163108
vt 0.050191 0.143773
vt 0.045965 0.143879
vt 0.046057 0.233669
vt 0.030501 0.278068
vt 0.053106 0.144756
vt 0.057252 0.142525
vt 0.053178 0.141935
vt 0.063801 0.146974
vt 0.059787 0.144064
vt 0.059675 0.147024
vt 0.032110 0.290274
vt 0.035049 0.210331
vt 0.036930 0.208978
vt 0.070008 0.151138
vt 0.066664 0.148179
vt 0.066544 0.151000
vt 0.050078 0.138891
vt 0.046079 0.139020
vt 0.032282 0.207558
vt 0.035466 0.206394
vt 0.033955 0.205368
vt 0.046017 0.141394
vt 0.050128 0.141294
vt 0.034090 0.337000
vt 0.036696 0.295333
vt 0.037103 0.161883
vt 0.032934 0.157435
vt 0.035450 0.169102
vt 0.046331 0.300519
vt 0.035496 0.347873
vt 0.042125 0.355408
vt 0.036731 0.312566
vt 0.033636 0.330734
vt 0.034756 0.336725
vt 0.038678 0.308940
vt 0.034426 0.155357
vt 0.032970 0.154756
vt 0.057212 0.139893
vt 0.053262 0.139316
vt 0.057333 0.163059
vt 0.052608 0.163069
vt 0.057176 0.137232
vt 0.063797 0.144052
vt 0.059855 0.141672
vt 0.063767 0.141662
vt 0.063748 0.163600
vt 0.059141 0.163466
vt 0.026099 0.298452
vt 0.070009 0.148312
vt 0.069968 0.154212
vt 0.066376 0.154078
vt 0.038713 0.211520
vt 0.040799 0.287362
vt 0.045814 0.209802
vt 0.069744 0.165202
vt 0.065807 0.165160
vt 0.050550 0.301099
vt 0.045819 0.363976
vt 0.048134 0.379490
vt 0.037146 0.176155
vt 0.039576 0.169256
vt 0.036508 0.174263
vt 0.049450 0.300780
vt 0.043597 0.356658
vt 0.035853 0.171576
vt 0.040015 0.352442
vt 0.049181 0.252565
vt 0.038806 0.191011
vt 0.060034 0.296983
vt 0.050828 0.363609
vt 0.047838 0.300666
vt 0.055237 0.196030
vt 0.048958 0.205961
vt 0.047726 0.206000
vt 0.050520 0.167213
vt 0.057381 0.165886
vt 0.063783 0.166688
vt 0.069701 0.167577
vt 0.079538 0.445731
vt 0.062454 0.454661
vt 0.070243 0.442986
vt 0.056722 0.449305
vt 0.052193 0.445459
vt 0.052480 0.449423
vt 0.077465 0.436903
vt 0.060724 0.457286
vt 0.064786 0.460085
vt 0.060302 0.449383
vt 0.057698 0.445256
vt 0.064325 0.453662
vt 0.065235 0.450997
vt 0.062998 0.449683
vt 0.062942 0.445302
vt 0.065455 0.457163
vt 0.061775 0.456073
vt 0.048322 0.449406
vt 0.047848 0.445408
vt 0.044519 0.446467
vt 0.063129 0.455400
vt 0.093117 0.410286
vt 0.077642 0.428889
vt 0.091630 0.443340
vt 0.097328 0.427384
vt 0.100399 0.426370
vt 0.085051 0.442193
vt 0.049797 0.449460
vt 0.093841 0.423688
vt 0.052379 0.378667
vt 0.053511 0.360896
vt 0.044026 0.308370
vt 0.052544 0.375611
vt 0.056132 0.365931
vt 0.050321 0.384921
vt 0.053144 0.351957
vt 0.056321 0.366787
vt 0.051921 0.382505
vt 0.051491 0.379369
vt 0.088048 0.415673
vt 0.077642 0.413605
vt 0.065999 0.445860
vt 0.051921 0.385987
vt 0.056132 0.380459
vt 0.066368 0.359261
vt 0.078414 0.284981
vt 0.049915 0.178253
vt 0.057406 0.154302
vt 0.043661 0.305806
vt 0.041522 0.278558
vt 0.041287 0.275986
vt 0.017336 0.284545
vt 0.045389 0.292720
vt 0.042261 0.272850
vt 0.057903 0.153891
vt 0.019781 0.220450
vt 0.018161 0.196065
vt 0.051070 0.170872
vt 0.041785 0.278465
vt 0.041131 0.282354
vt 0.018065 0.200632
vt 0.015950 0.273306
vt 0.015423 0.276262
vt 0.017063 0.270639
vt 0.016028 0.248325
vt 0.015665 0.248161
vt 0.050210 0.176825
vt 0.049067 0.186646
vt 0.055552 0.173376
vt 0.016749 0.201364
vt 0.017209 0.197995
vt 0.021381 0.189391
vt 0.017535 0.270921
vt 0.020726 0.193601
vt 0.023645 0.207893
vt 0.019370 0.257446
vt 0.020429 0.275843
vt 0.041793 0.278772
vt 0.049567 0.184457
vt 0.023839 0.282623
vt 0.030727 0.208024
vt 0.024452 0.278799
vt 0.023969 0.281735
vt 0.030646 0.196765
vt 0.030873 0.191781
vt 0.031313 0.194520
vt 0.032106 0.189861
vt 0.025566 0.276243
vt 0.025045 0.275788
vt 0.033880 0.205780
vt 0.027582 0.287416
vt 0.029596 0.273704
vt 0.035230 0.201228
vt 0.036255 0.188071
vt 0.029053 0.276648
vt 0.034646 0.185464
vt 0.029582 0.273464
vt 0.036127 0.191945
vt 0.034509 0.189328
vt 0.030132 0.271756
vt 0.033814 0.185048
vt 0.037078 0.187226
vt 0.035401 0.184115
vt 0.036267 0.191223
vt 0.029557 0.271319
vt 0.034639 0.187953
vt 0.033112 0.282519
vt 0.036071 0.200164
vt 0.032117 0.201875
vt 0.033757 0.199919
vt 0.032888 0.186881
vt 0.032745 0.190748
vt 0.047778 0.183434
vt 0.033075 0.188750
vt 0.046783 0.191453
vt 0.039790 0.200930
vt 0.037972 0.198690
vt 0.048768 0.177495
vt 0.047883 0.182425
vt 0.047663 0.189385
vt 0.558671 0.607528
vt 0.545235 0.621189
vt 0.544986 0.621277
vt 0.557782 0.621190
vt 0.530777 0.621188
vt 0.561945 0.621191
vt 0.532117 0.621188
vt 0.555480 0.621190
vt 0.572855 0.607528
vt 0.586290 0.621189
vt 0.576046 0.621190
vt 0.599409 0.621188
vt 0.586540 0.621277
vt 0.600748 0.621188
vt 0.569265 0.607226
vt 0.573743 0.621190
vt 0.065360 0.143632
vt 0.065360 0.345932
vt 0.025902 0.119838
vt 0.023149 0.071432
vt 0.065360 0.050738
vt 0.104818 0.119838
vt 0.107571 0.071432
vt 0.559692 0.613876
vt 0.561904 0.611172
vt 0.558999 0.609569
vt 0.569622 0.611172
vt 0.572527 0.609569
vt 0.455651 0.638922
vt 0.455313 0.554469
vt 0.446453 0.642172
vt 0.467561 0.643535
vt 0.467737 0.561592
vt 0.468554 0.554668
vt 0.430016 0.638924
vt 0.439213 0.642172
vt 0.430353 0.554469
vt 0.418105 0.643536
vt 0.417111 0.554668
vt 0.417929 0.561592
vt 0.442833 0.647792
vt 0.454904 0.563856
vt 0.455201 0.645664
vt 0.430761 0.563856
vt 0.430465 0.645663
vt 0.008897 0.149813
vt 0.055260 0.363384
vt 0.010415 0.362954
vt 0.464454 0.543773
vt 0.462167 0.529841
vt 0.462616 0.546358
vt 0.453985 0.532226
vt 0.454164 0.549009
vt 0.454177 0.547795
vt 0.463358 0.527356
vt 0.239141 0.845555
vt 0.244469 0.782729
vt 0.244123 0.961187
vt 0.214770 0.956750
vt 0.229427 0.780537
vt 0.214920 0.778413
vt 0.442265 0.588409
vt 0.437733 0.637442
vt 0.438136 0.588409
vt 0.213707 0.956795
vt 0.227843 0.780748
vt 0.227614 0.959131
vt 0.438145 0.588409
vt 0.443714 0.636969
vt 0.442059 0.588409
vt 0.444632 0.588410
vt 0.448348 0.646690
vt 0.447781 0.644445
vt 0.082929 0.634129
vt 0.071584 0.634261
vt 0.076473 0.634136
vt 0.076661 0.634267
vt 0.076472 0.634135
vt 0.402014 0.524604
vt 0.454766 0.524918
vt 0.402014 0.524604
vt 0.423991 0.525232
vt 0.425021 0.524918
vt 0.425021 0.524918
vt 0.075404 0.633998
vt 0.075204 0.634130
vt 0.075405 0.633998
vt 0.425700 0.524601
vt 0.425700 0.524603
vt 0.420231 0.525231
vt 0.418740 0.586903
vt 0.419111 0.524919
vt 0.424556 0.587262
vt 0.420208 0.586101
vt 0.431489 0.547795
vt 0.422308 0.527356
vt 0.431970 0.529739
vt 0.431681 0.532226
vt 0.423049 0.546358
vt 0.431502 0.549009
vt 0.421212 0.543773
vt 0.423499 0.529841
vt 0.442833 0.625301
vt 0.430714 0.622511
vt 0.454952 0.622512
vt 0.419901 0.619722
vt 0.553079 0.620443
vt 0.565880 0.641386
vt 0.553061 0.638921
vt 0.465763 0.619722
vt 0.468101 0.613708
vt 0.578681 0.620442
vt 0.565880 0.624012
vt 0.455634 0.620442
vt 0.420231 0.525231
vt 0.419109 0.524916
vt 0.076661 0.634267
vt 0.188316 0.952660
vt 0.213841 0.778460
vt 0.188316 0.952471
vt 0.188315 0.774083
vt 0.442833 0.676702
vt 0.453697 0.506804
vt 0.454177 0.506804
vt 0.442833 0.534610
vt 0.442833 0.551660
vt 0.101622 0.149813
vt 0.055260 0.165008
vt 0.417564 0.613708
vt 0.431970 0.506804
vt 0.442833 0.657007
vt 0.161711 0.778413
vt 0.161862 0.956750
vt 0.162791 0.790978
vt 0.188316 0.774276
vt 0.071584 0.634261
vt 0.454765 0.524917
vt 0.428600 0.555584
vt 0.403859 0.538740
vt 0.402014 0.504096
vt 0.430115 0.531349
vt 0.425021 0.524918
vt 0.428600 0.588421
vt 0.423991 0.525232
vt 0.426313 0.588548
vt 0.429936 0.551492
vt 0.431780 0.540422
vt 0.429936 0.577637
vt 0.420581 0.644964
vt 0.421736 0.588409
vt 0.421726 0.588409
vt 0.429936 0.645002
vt 0.415240 0.588410
vt 0.411407 0.644445
vt 0.416945 0.588409
vt 0.415480 0.644761
vt 0.420616 0.644963
vt 0.418459 0.588011
vt 0.162925 0.865294
vt 0.148789 0.780748
vt 0.147204 0.776290
vt 0.147431 0.851854
vt 0.137491 0.961101
vt 0.132162 0.782729
vt 0.137188 0.782642
vt 0.416227 0.644741
vt 0.239443 0.791508
vt 0.430752 0.540156
vt 0.428419 0.549877
vt 0.424556 0.536847
vt 0.423907 0.586339
vt 0.423699 0.585065
vt 0.404481 0.679693
vt 0.443645 0.644741
vt 0.149017 0.959132
vt 0.419463 0.587541
vt 0.441361 0.590812
vt 0.439213 0.517877
vt 0.452293 0.739764
vt 0.448169 0.679930
vt 0.407573 0.692372
vt 0.399627 0.692216
vt 0.429769 0.727782
vt 0.429840 0.704037
vt 0.434642 0.728186
vt 0.453368 0.679694
vt 0.439178 0.740198
vt 0.439128 0.647444
vt 0.424180 0.594092
vt 0.429936 0.680250
vt 0.429936 0.645001
vt 0.429935 0.586744
vt 0.429936 0.680255
vt 0.429936 0.578740
vt 0.429936 0.573991
vt 0.417864 0.680128
vt 0.417593 0.680129
vt 0.420851 0.563851
vt 0.429123 0.725573
vt 0.226989 0.967423
vt 0.240423 0.790514
vt 0.240768 0.970478
vt 0.149642 0.855459
vt 0.136208 0.790514
vt 0.149870 0.779188
vt 0.451372 0.692359
vt 0.426566 0.740211
vt 0.460125 0.694544
vt 0.457614 0.692219
vt 0.444254 0.695074
vt 0.429602 0.523951
vt 0.429936 0.692680
vt 0.429936 0.692688
vt 0.442279 0.680129
vt 0.415998 0.692500
vt 0.411703 0.679930
vt 0.410759 0.679948
vt 0.415485 0.692502
vt 0.417693 0.740068
vt 0.422547 0.727543
vt 0.555087 0.560938
vt 0.551013 0.536928
vt 0.550278 0.558148
vt 0.555937 0.563616
vt 0.554716 0.536926
vt 0.549910 0.538324
vt 0.549377 0.560824
vt 0.550278 0.558148
vt 0.555937 0.563615
vt 0.554716 0.536926
vt 0.555731 0.538321
vt 0.555087 0.560938
vt 0.556400 0.539724
vt 0.556440 0.566293
vt 0.533075 0.645396
vt 0.584162 0.560820
vt 0.423991 0.525232
vt 0.420231 0.525231
vt 0.076773 0.634398
vt 0.076773 0.634398
vt 0.423991 0.525232
vt 0.076472 0.634135
vt 0.167128 0.872767
vt 0.157354 0.880054
vt 0.157410 0.873684
vt 0.545727 0.607168
vt 0.585796 0.607168
vt 0.567464 0.584191
vt 0.559922 0.584191
vt 0.563692 0.582070
vt 0.068209 0.953371
vt 0.520646 0.600554
vt 0.592413 0.608685
vt 0.614366 0.600554
vt 0.056676 0.920473
vt 0.072570 0.869198
vt 0.056987 0.869202
vt 0.068209 0.868987
vt 0.092054 0.928247
vt 0.068699 0.928230
vt 0.093686 0.868968
vt 0.090218 0.920512
vt 0.094298 0.920240
vt 0.046489 0.869196
vt 0.045954 0.920424
vt 0.047080 0.920389
vt 0.079734 0.869193
vt 0.080108 0.920402
vt 0.043739 0.927829
vt 0.045292 0.868378
vt 0.043391 0.868537
vt 0.097230 0.868558
vt 0.081656 0.927735
vt 0.096831 0.927824
vt 0.081900 0.868431
vt 0.055185 0.868799
vt 0.092343 0.869005
vt 0.071816 0.920504
vt 0.055387 0.928063
vt 0.089774 0.869205
vt 0.045535 0.927688
vt 0.071107 0.912473
vt 0.056987 0.869202
vt 0.056383 0.912412
vt 0.069435 0.923411
vt 0.092343 0.869005
vt 0.091699 0.923421
vt 0.093686 0.868968
vt 0.090891 0.912466
vt 0.094874 0.912175
vt 0.046489 0.869196
vt 0.045450 0.912320
vt 0.046728 0.912261
vt 0.079734 0.869191
vt 0.080460 0.912281
vt 0.047453 0.869187
vt 0.044262 0.923086
vt 0.045292 0.868378
vt 0.043391 0.868536
vt 0.081900 0.868431
vt 0.096233 0.923038
vt 0.097230 0.868559
vt 0.081291 0.923009
vt 0.055185 0.868798
vt 0.055692 0.923277
vt 0.090116 0.869184
vt 0.072570 0.869198
vt 0.045900 0.922970
vt 0.091545 0.912419
vt 0.090116 0.869184
vt 0.090891 0.868691
vt 0.092443 0.923358
vt 0.092343 0.869004
vt 0.093145 0.868932
vt 0.082970 0.869207
vt 0.096101 0.905696
vt 0.094103 0.912232
vt 0.095355 0.923112
vt 0.096284 0.868645
vt 0.096757 0.868602
vt 0.093340 0.868988
vt 0.094489 0.912203
vt 0.093899 0.923235
vt 0.094714 0.868788
vt 0.091848 0.869078
vt 0.092825 0.912327
vt 0.094874 0.912174
vt 0.097230 0.868559
vt 0.096233 0.923038
vt 0.092995 0.869008
vt 0.091545 0.912418
vt 0.092443 0.923358
vt 0.093145 0.868931
vt 0.082970 0.869207
vt 0.096101 0.905696
vt 0.094103 0.912231
vt 0.095355 0.923113
vt 0.096757 0.868602
vt 0.093340 0.868987
vt 0.094489 0.912203
vt 0.092824 0.912325
vt 0.093899 0.923235
vt 0.091848 0.869078
vt 0.094874 0.912175
vt 0.096233 0.923038
vt 0.056676 0.920474
vt 0.071816 0.920504
vt 0.092054 0.928247
vt 0.090218 0.920512
vt 0.094298 0.920240
vt 0.047080 0.920391
vt 0.080108 0.920402
vt 0.045954 0.920422
vt 0.043739 0.927827
vt 0.055387 0.928063
vt 0.096831 0.927824
vt 0.071107 0.912473
vt 0.069435 0.923411
vt 0.068209 0.868987
vt 0.094874 0.912175
vt 0.046728 0.912261
vt 0.080460 0.912280
vt 0.045450 0.912320
vt 0.044262 0.923086
vt 0.096233 0.923038
vt 0.081291 0.923009
vt 0.055692 0.923277
vt 0.091699 0.923421
vt 0.045900 0.922970
vt 0.090702 0.869148
vt 0.092443 0.923358
vt 0.096101 0.905696
vt 0.094103 0.912231
vt 0.094489 0.912205
vt 0.092825 0.912328
vt 0.093686 0.868966
vt 0.095355 0.923112
vt 0.090702 0.869147
vt 0.096101 0.905695
vt 0.094103 0.912232
vt 0.092824 0.912325
vt 0.093899 0.923235
vt 0.095355 0.923113
vt 0.147984 0.830413
vt 0.134185 0.860352
vt 0.148537 0.808974
vt 0.228647 0.908300
vt 0.242446 0.860352
vt 0.243285 0.910769
vt 0.139695 0.915338
vt 0.150126 0.857924
vt 0.150681 0.912801
vt 0.226505 0.857923
vt 0.236936 0.831696
vt 0.225950 0.912801
vt 0.138960 0.860272
vt 0.162592 0.855324
vt 0.149090 0.832215
vt 0.162957 0.910092
vt 0.163573 0.823026
vt 0.163898 0.845848
vt 0.188316 0.851461
vt 0.188316 0.906343
vt 0.188316 0.851285
vt 0.188316 0.906173
vt 0.213674 0.910092
vt 0.212734 0.910133
vt 0.213058 0.855366
vt 0.227541 0.912554
vt 0.214039 0.855324
vt 0.241607 0.915415
vt 0.229200 0.958915
vt 0.149571 0.908525
vt 0.227060 0.908528
vt 0.238406 0.830287
vt 0.138225 0.910686
vt 0.132508 0.961187
vt 0.162227 0.906037
vt 0.163249 0.844160
vt 0.188316 0.902061
vt 0.188315 0.901876
vt 0.213382 0.906081
vt 0.214404 0.906037
vt 0.235898 0.793869
vt 0.213159 0.784775
vt 0.213309 0.964861
vt 0.212276 0.784813
vt 0.225396 0.967678
vt 0.225167 0.787638
vt 0.188315 0.781185
vt 0.212409 0.964899
vt 0.188316 0.781025
vt 0.188315 0.961059
vt 0.163323 0.964860
vt 0.163473 0.784775
vt 0.164222 0.868671
vt 0.188316 0.961224
vt 0.164356 0.793625
vt 0.151235 0.967678
vt 0.140733 0.790440
vt 0.135863 0.970478
vt 0.140430 0.970403
vt 0.151464 0.787638
vt 0.228094 0.857689
vt 0.135024 0.915415
vt 0.236201 0.848372
vt 0.237671 0.815019
vt 0.133347 0.910770
vt 0.438848 0.800520
vt 0.441343 0.801998
vt 0.438642 0.794279
vt 0.417657 0.800520
vt 0.417863 0.794279
vt 0.415162 0.801998
vt 0.418587 0.829681
vt 0.418095 0.824155
vt 0.415703 0.822677
vt 0.437918 0.829681
vt 0.440802 0.822677
vt 0.438410 0.824155
vt 0.417384 0.806429
vt 0.415297 0.807168
vt 0.428252 0.824154
vt 0.428252 0.829681
vt 0.428252 0.800519
vt 0.428252 0.794279
vt 0.417518 0.818246
vt 0.417239 0.812337
vt 0.415432 0.812337
vt 0.420073 0.812337
vt 0.423579 0.761738
vt 0.419322 0.806429
vt 0.419450 0.818246
vt 0.423689 0.761738
vt 0.442833 0.716091
vt 0.431009 0.506804
vt 0.442833 0.696397
vt 0.442833 0.568710
vt 0.431143 0.582576
vt 0.442833 0.585760
vt 0.454523 0.582576
vt 0.454657 0.506804
vt 0.455137 0.506804
vt 0.419019 0.576607
vt 0.422599 0.562874
vt 0.420116 0.560190
vt 0.431322 0.565792
vt 0.422148 0.579391
vt 0.431009 0.565851
vt 0.430529 0.583907
vt 0.454657 0.565851
vt 0.466646 0.576607
vt 0.455137 0.583907
vt 0.463516 0.579390
vt 0.454344 0.565792
vt 0.463067 0.562874
vt 0.565880 0.571512
vt 0.554536 0.547795
vt 0.565880 0.551817
vt 0.577224 0.547795
vt 0.577704 0.565851
vt 0.465550 0.560190
vt 0.467742 0.593024
vt 0.463968 0.595908
vt 0.454703 0.599359
vt 0.455617 0.601962
vt 0.417924 0.593024
vt 0.430049 0.601963
vt 0.421698 0.595908
vt 0.430963 0.599359
vt 0.565880 0.591207
vt 0.578663 0.601961
vt 0.565880 0.610902
vt 0.442833 0.602809
vt 0.553095 0.601962
vt 0.455617 0.506804
vt 0.442833 0.749757
vt 0.442834 0.735786
vt 0.430049 0.506804
vt 0.430032 0.506804
vt 0.068709 0.013475
vt 0.055260 0.041003
vt 0.409916 0.642172
vt 0.413536 0.641386
vt 0.413536 0.648498
vt 0.041811 0.013475
vt 0.417156 0.642172
vt 0.426354 0.638922
vt 0.400719 0.638922
vt 0.157444 0.869704
vt 0.165617 0.779747
vt 0.166183 0.770235
vt 0.166013 0.896860
vt 0.193084 0.770235
vt 0.193650 0.779747
vt 0.193254 0.896860
vt 0.213765 0.869705
vt 0.204237 0.872767
vt 0.203958 0.867426
vt 0.180316 0.981493
vt 0.181307 0.990570
vt 0.427399 0.592736
vt 0.414917 0.604142
vt 0.411838 0.597912
vt 0.442937 0.617597
vt 0.442937 0.604184
vt 0.442938 0.596497
vt 0.442937 0.528570
vt 0.442937 0.647158
vt 0.414777 0.554672
vt 0.428291 0.618382
vt 0.471097 0.554672
vt 0.457584 0.618382
vt 0.460678 0.580804
vt 0.470886 0.587179
vt 0.200267 0.907016
vt 0.207441 0.781759
vt 0.207449 0.917189
vt 0.458431 0.572889
vt 0.458163 0.547751
vt 0.411819 0.552622
vt 0.414988 0.587180
vt 0.411928 0.577692
vt 0.427711 0.547751
vt 0.183399 0.773015
vt 0.187427 0.937736
vt 0.183872 0.959615
vt 0.171840 0.937736
vt 0.175867 0.773015
vt 0.175395 0.959615
vt 0.425197 0.580804
vt 0.426744 0.599593
vt 0.474055 0.552622
vt 0.470909 0.565891
vt 0.155716 0.869845
vt 0.185605 0.876247
vt 0.185605 0.869442
vt 0.214086 0.906405
vt 0.205884 0.909165
vt 0.205656 0.903607
vt 0.215338 0.919169
vt 0.214138 0.912302
vt 0.181583 0.898288
vt 0.179557 0.903758
vt 0.179910 0.898760
vt 0.155872 0.919169
vt 0.157071 0.912302
vt 0.155913 0.927103
vt 0.185605 0.929293
vt 0.215297 0.927102
vt 0.185605 0.938853
vt 0.215692 0.869831
vt 0.213800 0.873685
vt 0.155717 0.875153
vt 0.461451 0.596634
vt 0.471419 0.624269
vt 0.462989 0.621471
vt 0.442937 0.594194
vt 0.437683 0.616935
vt 0.441211 0.594421
vt 0.214201 0.919528
vt 0.206132 0.915861
vt 0.215246 0.936824
vt 0.155963 0.936824
vt 0.185605 0.950567
vt 0.180331 0.909222
vt 0.178860 0.910021
vt 0.184093 0.871185
vt 0.185605 0.876330
vt 0.183878 0.876557
vt 0.215491 0.883751
vt 0.213856 0.880054
vt 0.204119 0.878770
vt 0.155719 0.883751
vt 0.165325 0.909167
vt 0.157007 0.919528
vt 0.185605 0.886319
vt 0.215615 0.875144
vt 0.546508 0.551519
vt 0.541424 0.626588
vt 0.539931 0.626588
vt 0.590349 0.551519
vt 0.595433 0.626588
vt 0.588454 0.551502
vt 0.568429 0.551388
vt 0.596926 0.626588
vt 0.568428 0.626587
vt 0.568429 0.551502
vt 0.568429 0.626588
vt 0.548404 0.551502
vt 0.433156 0.576157
vt 0.434385 0.596589
vt 0.163987 0.763178
vt 0.164362 0.899256
vt 0.424483 0.549768
vt 0.459131 0.599593
vt 0.452718 0.576156
vt 0.460884 0.549442
vt 0.195280 0.763178
vt 0.200468 0.771105
vt 0.424423 0.596634
vt 0.414455 0.624269
vt 0.157122 0.906405
vt 0.192936 0.905510
vt 0.193586 0.767704
vt 0.193414 0.906111
vt 0.199504 0.878162
vt 0.199651 0.872332
vt 0.202344 0.914256
vt 0.201972 0.907679
vt 0.456837 0.596026
vt 0.458910 0.620238
vt 0.185605 0.863169
vt 0.185838 0.871022
vt 0.187553 0.871185
vt 0.187316 0.863566
vt 0.454888 0.581425
vt 0.476153 0.576300
vt 0.200217 0.974520
vt 0.221357 0.928575
vt 0.218046 0.975247
vt 0.228891 0.868082
vt 0.207619 0.845510
vt 0.209962 0.861932
vt 0.476153 0.576299
vt 0.454338 0.579536
vt 0.184629 0.974520
vt 0.163489 0.928575
vt 0.180497 0.927122
vt 0.177227 0.845510
vt 0.155955 0.868082
vt 0.174883 0.861932
vt 0.166799 0.975247
vt 0.439484 0.576888
vt 0.472990 0.555085
vt 0.432218 0.559088
vt 0.473830 0.574845
vt 0.204349 0.927122
vt 0.224362 0.849723
vt 0.472990 0.555085
vt 0.439484 0.576888
vt 0.432218 0.559088
vt 0.160484 0.849723
vt 0.455192 0.552243
vt 0.462409 0.558640
vt 0.430683 0.552243
vt 0.210528 0.835225
vt 0.207488 0.927047
vt 0.210451 0.912259
vt 0.195071 0.830695
vt 0.195068 0.907842
vt 0.148746 0.912349
vt 0.164195 0.830695
vt 0.164199 0.907842
vt 0.151779 0.927047
vt 0.148738 0.835225
vt 0.179634 0.913742
vt 0.187166 0.772046
vt 0.191068 0.912065
vt 0.168199 0.912064
vt 0.172101 0.772046
vt 0.414966 0.565891
vt 0.179634 0.837314
vt 0.171449 0.760569
vt 0.177027 0.996776
vt 0.176387 0.760569
vt 0.159361 0.996776
vt 0.164896 0.760569
vt 0.160411 0.760569
vt 0.169338 0.760569
vt 0.167225 0.996776
vt 0.167494 0.760569
vt 0.180746 0.945398
vt 0.179345 0.760569
vt 0.179179 0.760569
vt 0.171394 0.948580
vt 0.164844 0.963744
vt 0.163361 0.945697
vt 0.160340 0.996776
vt 0.158914 0.760569
vt 0.161685 0.832376
vt 0.179345 0.963456
vt 0.172343 0.969284
vt 0.175912 0.976112
vt 0.169338 0.976412
vt 0.172343 0.969284
vt 0.164896 0.879616
vt 0.171449 0.879568
vt 0.168547 0.886465
vt 0.177649 0.974680
vt 0.160411 0.881977
vt 0.167494 0.975058
vt 0.176387 0.882327
vt 0.171256 0.996776
vt 0.156827 0.996776
vt 0.163854 0.996776
vt 0.180076 0.996776
vt 0.178683 0.760569
vt 0.169428 0.996776
vt 0.175912 0.760569
vt 0.176016 0.996776
vt 0.177649 0.760569
vt 0.180863 0.996776
vt 0.178132 0.996776
vt 0.171102 0.791101
vt 0.175617 0.991514
vt 0.171102 0.991514
vt 0.179832 0.841094
vt 0.180654 0.996776
vt 0.179545 0.820963
vt 0.171394 0.948580
vt 0.166587 0.791101
vt 0.166587 0.991514
vt 0.160186 0.996308
vt 0.161879 0.760569
vt 0.179179 0.945635
vt 0.161832 0.789927
vt 0.161832 0.991514
vt 0.185128 0.791101
vt 0.180373 0.991514
vt 0.180373 0.791101
vt 0.178683 0.892172
vt 0.180523 0.962524
vt 0.180461 0.996776
vt 0.944214 0.769439
vt 0.949354 0.772189
vt 0.939073 0.772189
vt 0.164690 0.996776
vt 0.162097 0.996776
vt 0.163545 0.995841
vt 0.161865 0.996075
vt 0.957763 0.804557
vt 0.944365 0.797389
vt 0.925416 0.821865
vt 0.936944 0.778829
vt 0.185128 0.789926
vt 0.180373 0.789927
vt 0.161832 0.791101
vt 0.198914 0.791101
vt 0.194158 0.991514
vt 0.194158 0.791101
vt 0.166587 0.789927
vt 0.198914 0.991514
vt 0.194158 0.789926
vt 0.930966 0.926683
vt 0.944214 0.788220
vt 0.944365 0.846341
vt 0.000000 0.000000
vt 0.189643 0.991514
vt 0.189643 0.791101
vt 0.957763 0.839172
vt 0.951483 0.778829
vt 0.963313 0.821865
vt 0.975142 0.864900
vt 0.966172 0.836926
vt 0.922859 0.892874
vt 0.944515 0.904461
vt 0.913889 0.864900
vt 0.930966 0.804557
vt 0.189643 0.789926
vt 0.939073 0.960493
vt 0.949354 0.785470
vt 0.175617 0.791101
vt 0.185128 0.991514
vt 0.944515 0.825339
vt 0.930966 0.838095
vt 0.966172 0.892874
vt 0.175617 0.789927
vt 0.171102 0.789927
vt 0.922859 0.836926
vt 0.179634 0.906814
vt 0.195057 0.902961
vt 0.151796 0.922895
vt 0.148767 0.907400
vt 0.164209 0.902961
vt 0.210442 0.907325
vt 0.207472 0.922895
vt 0.199190 0.842045
vt 0.193156 0.912138
vt 0.199329 0.919117
vt 0.160077 0.842045
vt 0.166111 0.912138
vt 0.166371 0.835181
vt 0.207494 0.849643
vt 0.190880 0.770909
vt 0.191351 0.910101
vt 0.167917 0.910101
vt 0.168387 0.770909
vt 0.151774 0.849642
vt 0.210455 0.900578
vt 0.210460 0.764763
vt 0.195043 0.896252
vt 0.195038 0.760451
vt 0.148806 0.764763
vt 0.164224 0.896252
vt 0.164229 0.760451
vt 0.148796 0.900598
vt 0.179633 0.760451
vt 0.179634 0.897293
vt 0.199931 0.911348
vt 0.194905 0.899256
vt 0.159336 0.911348
vt 0.164988 0.903867
vt 0.207463 0.920718
vt 0.192397 0.770445
vt 0.192573 0.901600
vt 0.166870 0.770445
vt 0.166695 0.901600
vt 0.151804 0.920718
vt 0.165601 0.897459
vt 0.166268 0.902167
vt 0.167465 0.910610
vt 0.167742 0.912560
vt 0.171203 0.938159
vt 0.179852 0.871580
vt 0.183890 0.863566
vt 0.179681 0.877110
vt 0.175999 0.905110
vt 0.175414 0.911481
vt 0.433933 0.618012
vt 0.437014 0.594975
vt 0.176321 0.899972
vt 0.174247 0.959990
vt 0.165210 0.761322
vt 0.177290 0.981821
vt 0.173729 0.992848
vt 0.193626 0.897399
vt 0.192957 0.902111
vt 0.191757 0.910560
vt 0.191480 0.912511
vt 0.188000 0.938117
vt 0.191310 0.871541
vt 0.191063 0.864435
vt 0.189626 0.898288
vt 0.191653 0.903758
vt 0.190189 0.903202
vt 0.448149 0.616983
vt 0.446959 0.616152
vt 0.190878 0.909222
vt 0.184906 0.959952
vt 0.181811 0.981788
vt 0.184971 0.992522
vt 0.194020 0.761261
vt 0.188634 0.994474
vt 0.185132 0.982444
vt 0.193107 0.996856
vt 0.185940 0.960290
vt 0.189273 0.938961
vt 0.187203 0.960702
vt 0.194810 0.865304
vt 0.199384 0.866365
vt 0.191892 0.912957
vt 0.192394 0.913502
vt 0.192660 0.911578
vt 0.194451 0.898597
vt 0.194279 0.903867
vt 0.193810 0.903244
vt 0.201684 0.902279
vt 0.195066 0.871897
vt 0.193001 0.877305
vt 0.193188 0.871719
vt 0.198061 0.906193
vt 0.197004 0.911993
vt 0.196459 0.905584
vt 0.450333 0.595169
vt 0.454831 0.619004
vt 0.453160 0.618499
vt 0.196109 0.900403
vt 0.173970 0.982476
vt 0.169546 0.995093
vt 0.165362 0.997339
vt 0.164395 0.762560
vt 0.165188 0.898058
vt 0.164775 0.898657
vt 0.169930 0.939003
vt 0.173099 0.960365
vt 0.171950 0.960740
vt 0.172732 0.901184
vt 0.168883 0.907815
vt 0.169142 0.902395
vt 0.180864 0.874825
vt 0.174481 0.899464
vt 0.176667 0.875378
vt 0.171968 0.912941
vt 0.168523 0.914401
vt 0.171369 0.872372
vt 0.175484 0.877664
vt 0.171288 0.878217
vt 0.175555 0.865496
vt 0.175610 0.871976
vt 0.167285 0.913056
vt 0.170567 0.938581
vt 0.166563 0.911628
vt 0.166828 0.913552
vt 0.165841 0.902734
vt 0.165415 0.903301
vt 0.165639 0.767706
vt 0.166245 0.905618
vt 0.165810 0.906165
vt 0.193111 0.767690
vt 0.192152 0.904525
vt 0.192723 0.903758
vt 0.192544 0.905017
vt 0.166502 0.903813
vt 0.167115 0.904524
vt 0.166680 0.905071
vt 0.151799 0.768104
vt 0.159543 0.914021
vt 0.166933 0.903258
vt 0.167294 0.770575
vt 0.191973 0.770575
vt 0.192334 0.903258
vt 0.199724 0.914021
vt 0.207468 0.768104
vt 0.165207 0.767718
vt 0.165375 0.906712
vt 0.194060 0.767718
vt 0.199814 0.767891
vt 0.210445 0.767736
vt 0.210447 0.904751
vt 0.195055 0.767634
vt 0.195052 0.900401
vt 0.148778 0.904805
vt 0.164212 0.767634
vt 0.164215 0.900401
vt 0.148772 0.767737
vt 0.179634 0.903181
vt 0.179634 0.767713
vt 0.166070 0.767693
vt 0.192163 0.911018
vt 0.159454 0.767891
vt 0.167111 0.770519
vt 0.192157 0.770519
vt 0.193893 0.906712
vt 0.159938 0.919117
vt 0.191166 0.770822
vt 0.168102 0.770822
vt 0.167014 0.911119
vt 0.193998 0.897939
vt 0.194835 0.762498
vt 0.166371 0.788528
vt 0.169294 0.783104
vt 0.171387 0.866461
vt 0.167091 0.878770
vt 0.165077 0.915861
vt 0.170731 0.900542
vt 0.172470 0.875931
vt 0.165553 0.903607
vt 0.170802 0.778469
vt 0.172310 0.773833
vt 0.161179 0.770247
vt 0.197712 0.900950
vt 0.193341 0.902621
vt 0.192897 0.788528
vt 0.193156 0.926511
vt 0.189973 0.783104
vt 0.188465 0.778469
vt 0.186957 0.773833
vt 0.197580 0.770321
vt 0.452223 0.595418
vt 0.198555 0.912651
vt 0.194890 0.877554
vt 0.166462 0.767715
vt 0.167240 0.767845
vt 0.166055 0.767648
vt 0.166502 0.767679
vt 0.166286 0.767686
vt 0.176460 0.769510
vt 0.171637 0.769791
vt 0.165006 0.761632
vt 0.165394 0.897758
vt 0.170885 0.768489
vt 0.173673 0.768999
vt 0.174220 0.905786
vt 0.174526 0.900578
vt 0.432058 0.618551
vt 0.434915 0.595251
vt 0.173691 0.912211
vt 0.177731 0.871778
vt 0.177583 0.877387
vt 0.179722 0.864531
vt 0.167513 0.767890
vt 0.166055 0.902450
vt 0.192740 0.767713
vt 0.191960 0.767843
vt 0.192723 0.767678
vt 0.193149 0.767646
vt 0.192917 0.767684
vt 0.191299 0.898760
vt 0.194857 0.904976
vt 0.444664 0.594422
vt 0.451490 0.617994
vt 0.192349 0.910021
vt 0.187331 0.876557
vt 0.194204 0.761540
vt 0.193812 0.897669
vt 0.182559 0.769509
vt 0.186802 0.769780
vt 0.188287 0.768487
vt 0.185423 0.768998
vt 0.192936 0.864870
vt 0.191686 0.767888
vt 0.193149 0.902366
vt 0.188574 0.938497
vt 0.183307 0.982083
vt 0.194389 0.761819
vt 0.194506 0.899855
vt 0.448443 0.594920
vt 0.195452 0.911336
vt 0.191111 0.877055
vt 0.177638 0.865014
vt 0.172441 0.906462
vt 0.182962 0.874548
vt 0.178230 0.898387
vt 0.164802 0.761941
vt 0.175630 0.982148
vt 0.172343 0.969284
vt 0.163854 0.996776
vt 0.180710 0.948124
vt 0.158914 0.891557
vt 0.171289 0.946277
vt 0.164455 0.904183
vt 0.163073 0.996776
vt 0.180624 0.996776
vt 0.179505 0.818175
vt 0.171295 0.946416
vt 0.163219 0.943959
vt 0.164844 0.760569
vt 0.162810 0.995943
vt 0.164219 0.760569
vt 0.180969 0.928272
vt 0.180753 0.996776
vt 0.180860 0.936691
vt 0.161717 0.996095
vt 0.161929 0.996776
vt 0.444280 0.588635
vt 0.474384 0.587886
vt 0.476244 0.578621
vt 0.454337 0.579537
vt 0.444280 0.588635
vt 0.474384 0.587886
vt 0.171892 0.959439
vt 0.164219 0.956132
vt 0.179268 0.955195
vt 0.179155 0.943037
vt 0.179155 0.760569
vt 0.179701 0.831912
vt 0.163219 0.760569
vt 0.163208 0.943830
vt 0.171885 0.959297
vt 0.179269 0.955327
vt 0.163860 0.888776
vt 0.164208 0.956000
vt 0.180846 0.996776
vt 0.162926 0.864565
vt 0.179156 0.943166
vt 0.179268 0.760569
vt 0.423798 0.761738
vt 0.415567 0.817507
vt 0.170445 0.927875
vt 0.163361 0.760569
vt 0.161879 0.927650
vt 0.179258 0.800832
vt 0.170445 0.927875
vt 0.163070 0.868280
vt 0.451490 0.596588
vt 0.435614 0.617021
vt 0.179633 0.773984
vt 0.473946 0.577692
vt 0.179014 0.927814
vt 0.179014 0.760569
vt 0.068525 0.196146
vt 0.057295 0.145355
vt 0.062689 0.452808
vt 0.202596 0.839127
vt 0.592626 0.609874
vt 0.582120 0.716289
vt 0.560380 0.716331
vt 0.544073 0.582847
vt 0.560078 0.716045
vt 0.573051 0.595930
vt 0.033365 0.759736
vt 0.572797 0.595088
vt 0.562215 0.595088
vt 0.060099 0.528161
vt 0.475803 0.567410
vt 0.158799 0.771105
vt 0.077658 0.962197
vt 0.055679 0.777391
vt 0.558155 0.583248
vt 0.558144 0.583247
vt 0.101297 0.756775
vt 0.055991 0.901169
vt 0.093836 0.901781
vt 0.161093 0.923183
vt 0.067517 0.526923
vt 0.448274 0.558748
vt 0.015488 0.235648
vt 0.049383 0.115761
vt 0.014274 0.208630
vt 0.056691 0.112462
vt 0.063294 0.117145
vt 0.069843 0.125574
vt 0.033380 0.152930
vt 0.088048 0.414539
vt 0.020430 0.214879
vt 0.569580 0.621191
vt 0.442833 0.563971
vt 0.453697 0.529739
vt 0.442926 0.588409
vt 0.426313 0.588548
vt 0.578696 0.638921
vt 0.100104 0.362954
vt 0.430032 0.620443
vt 0.431489 0.506804
vt 0.456146 0.586901
vt 0.411944 0.668562
vt 0.417813 0.588409
vt 0.455392 0.679692
vt 0.226761 0.787379
vt 0.396886 0.516494
vt 0.408500 0.692359
vt 0.585021 0.538323
vt 0.047453 0.869187
vt 0.430529 0.506804
vt 0.554056 0.565851
vt 0.578184 0.583907
vt 0.553576 0.583907
vt 0.455634 0.506804
vt 0.167219 0.867426
vt 0.165772 0.764212
vt 0.193495 0.764212
vt 0.181021 0.903202
vt 0.438916 0.616152
vt 0.450261 0.617021
vt 0.422684 0.621245
vt 0.423466 0.558640
vt 0.164844 0.760569
vt 0.198914 0.789926
vt 0.192897 0.835181
vt 0.165617 0.760704
vt 0.193650 0.760704
vt 0.166111 0.926511
vt 0.180105 0.897848
s 1
usemtl colors
f 1554/842/875 842/843/876 1555/844/877
f 1555/844/877 843/845/878 1556/846/879
f 1554/842/875 846/847/880 1086/848/881
f 1557/849/882 847/850/883 846/847/880
f 855/851/884 852/852/885 851/853/886
f 857/854/887 851/853/886 1088/855/888
f 854/856/889 850/857/890 856/858/891
f 857/854/887 848/859/892 854/856/889
f 2153/860/893 2079/861/894 2071/862/895
f 1125/863/896 859/864/897 1127/865/898
f 1126/866/899 865/867/900 864/868/901
f 869/869/902 861/870/903 866/871/904
f 864/868/901 859/864/897 860/872/905
f 1077/873/906 866/874/904 861/875/903
f 1126/866/899 860/872/905 1125/863/896
f 863/876/907 869/869/902 866/871/904
f 867/877/908 863/876/907 862/878/909
f 861/870/903 867/877/908 862/878/909
f 873/879/910 875/880/911 877/881/912
f 880/882/913 874/883/914 1560/884/915
f 882/885/916 871/886/917 878/887/918
f 984/888/919 1560/884/915 985/889/920
f 929/890/921 1705/891/922 881/892/923
f 884/893/924 1561/894/925 874/883/914
f 871/886/917 881/892/923 1707/895/926
f 1563/896/927 891/897/928 1562/898/929
f 872/899/930 906/900/931 910/901/932
f 930/902/933 910/901/932 922/903/934
f 883/904/935 908/905/936 909/906/937
f 986/907/938 873/879/910 985/908/920
f 994/909/939 886/910/940 991/911/941
f 904/912/942 887/913/943 901/914/944
f 928/915/945 885/916/946 902/917/947
f 902/917/947 886/910/940 900/918/948
f 888/919/949 904/912/942 903/920/950
f 898/921/951 1043/922/952 1042/923/953
f 1046/924/954 895/925/955 1044/926/956
f 1043/922/952 896/927/957 1045/928/958
f 1048/929/959 895/925/955 993/930/960
f 903/920/950 1057/931/961 1056/932/962
f 1060/933/963 900/918/948 1058/934/964
f 1061/935/965 902/917/947 1060/933/963
f 1057/931/961 901/914/944 1059/936/966
f 1062/937/967 900/918/948 994/909/939
f 988/938/968 939/939/969 916/940/970
f 920/941/971 940/942/972 905/943/973
f 924/944/974 938/945/975 921/946/976
f 918/947/977 939/939/969 938/945/975
f 920/941/971 937/948/978 919/949/979
f 1036/950/980 914/951/981 1035/952/982
f 1039/953/983 911/954/984 913/955/985
f 1040/956/986 913/955/985 923/957/987
f 1036/950/980 912/958/988 915/959/989
f 1041/960/990 911/954/984 1037/961/991
f 1050/962/992 919/949/979 1049/963/993
f 1053/964/994 916/940/970 918/947/977
f 1054/965/995 918/947/977 924/944/974
f 1050/962/992 917/966/996 920/941/971
f 1055/967/997 916/940/970 1051/968/998
f 1138/969/999 1038/970/1000 1139/971/1001
f 881/972/923 922/903/934 908/905/936
f 875/973/911 1705/891/922 929/890/921
f 905/974/973 934/975/1002 937/976/978
f 932/977/1003 938/978/975 939/979/969
f 933/980/1004 905/974/973 940/981/972
f 936/982/1005 940/981/972 921/983/976
f 990/984/1006 934/975/1002 989/985/1007
f 931/986/1008 921/983/976 938/978/975
f 1016/987/1009 1010/988/1010 996/989/1011
f 1011/990/1012 1018/991/1013 948/992/1014
f 889/993/1015 944/975/1016 945/994/1017
f 885/995/946 942/977/1018 886/996/940
f 889/993/1015 943/980/1019 887/981/943
f 887/981/943 946/982/1020 925/997/1021
f 991/998/941 944/975/1016 888/999/949
f 925/997/1021 941/986/1022 885/995/946
f 1012/1000/1023 948/1001/1014 947/1002/1024
f 1153/1003/1025 1147/1004/1026 1154/1005/1027
f 1150/1006/1028 1149/1007/1029 1148/1008/1030
f 1151/1009/1031 1148/1008/1030 1143/1010/1032
f 1169/1011/1033 950/1012/1034 1180/1013/1035
f 1181/1014/1036 953/1015/1037 951/1016/1038
f 955/1017/1039 1177/1018/1040 1178/1019/1041
f 1180/1013/1035 955/1017/1039 1178/1019/1041
f 974/1020/1042 1185/1021/1043 975/1022/1044
f 1120/1023/1045 968/1024/1046 969/1025/1047
f 975/1022/1044 1186/1026/1048 977/1027/1049
f 1182/1028/1050 978/1029/1051 973/1030/1052
f 977/1027/1049 1187/1031/1053 976/1032/1054
f 974/1020/1042 1183/1033/1055 1184/1034/1056
f 980/1035/1057 966/1036/1058 979/1037/1059
f 983/1038/1060 1118/1039/1061 970/1040/1062
f 982/1041/1063 1116/1042/1064 972/1043/1065
f 965/1044/1066 1014/1045/1067 966/1046/1058
f 956/1047/1068 1016/987/1009 957/1048/1069
f 1011/990/1012 971/1049/1070 958/1050/1071
f 976/1032/1054 983/1038/1060 970/1040/1062
f 969/1025/1047 949/1051/1072 954/1052/1073
f 971/1053/1070 1187/1054/1053 958/1055/1071
f 949/1051/1072 968/1024/1046 973/1030/1052
f 1115/1056/1074 982/1057/1063 968/1024/1046
f 1117/1058/1075 983/1059/1060 971/1060/1070
f 980/1061/1057 963/1062/1076 962/1063/1077
f 955/1017/1039 978/1029/1051 974/1020/1042
f 953/1015/1037 976/1032/1054 951/1016/1038
f 973/1030/1052 950/1012/1034 949/1051/1072
f 952/1064/1078 977/1027/1049 953/1015/1037
f 952/1064/1078 974/1020/1042 975/1022/1044
f 971/1049/1070 1104/1065/1079 1117/1066/1075
f 959/1067/1080 1019/1068/1081 1017/1069/1082
f 1018/991/1013 958/1050/1071 960/1070/1083
f 1017/1069/1082 960/1070/1083 959/1067/1080
f 972/1071/1065 1010/988/1010 956/1047/1068
f 957/1048/1069 1019/1068/1081 961/1072/1084
f 1561/1073/925 909/1074/937 907/1075/1085
f 877/1076/912 984/888/919 985/889/920
f 990/984/1006 932/977/1003 939/979/969
f 942/977/1018 991/998/941 886/996/940
f 1007/1077/1086 998/1078/1087 999/1079/1088
f 1001/1080/1089 874/883/914 876/1081/1090
f 1008/1082/1091 871/886/917 1002/1083/1092
f 1005/1084/1093 1000/1085/1094 1001/1080/1089
f 1009/1086/1095 1002/1083/1092 1706/1087/1096
f 884/893/924 1562/1088/929 1003/1089/1097
f 871/886/917 1707/895/926 1002/1083/1092
f 893/1090/1098 1562/898/929 891/897/928
f 997/1091/1099 890/1092/1100 998/1078/1087
f 1004/1093/1101 894/1094/1102 997/1091/1099
f 1003/1095/1097 892/1096/1103 1002/1097/1092
f 998/1078/1087 992/1098/1104 1006/1099/1105
f 1002/1097/1092 926/1100/1106 1004/1093/1101
f 1007/1101/1086 1009/1086/1095 1706/1087/1096
f 999/1102/1088 1006/1103/1105 1005/1084/1093
f 970/1040/1062 951/1016/1038 976/1032/1054
f 1106/1104/1107 1021/1105/1108 1022/1106/1109
f 1021/1105/1108 1104/1107/1079 1020/1108/1110
f 1021/1105/1108 1011/1109/1012 1012/1000/1023
f 1022/1106/1109 1012/1000/1023 1010/1110/1010
f 1010/1110/1010 947/1002/1024 996/1111/1011
f 2598/1112/1111 1025/1113/1112 1023/1114/1113
f 1031/1115/1114 1026/1116/1115 1024/1117/1116
f 2601/1118/1117 1026/1116/1115 1025/1113/1112
f 2598/1112/1111 1024/1117/1116 2597/1119/1118
f 1084/1120/1119 1029/1121/1120 1083/1122/1121
f 1033/1123/1122 1028/1124/1123 1027/1125/1124
f 1032/1126/1125 1028/1124/1123 1034/1127/1126
f 1027/1125/1124 1031/1115/1114 1033/1123/1122
f 1033/1123/1122 1024/1117/1116 1023/1114/1113
f 1026/1116/1115 1034/1127/1126 1025/1113/1112
f 1025/1113/1112 1033/1123/1122 1023/1114/1113
f 1030/1128/1127 1031/1115/1114 1029/1121/1120
f 868/1129/1128 870/1130/1129 869/1131/902
f 1137/1132/1130 1037/961/991 1140/1133/1131
f 1141/1134/1132 1038/970/1000 1036/950/980
f 1138/1135/999 1039/953/983 1040/956/986
f 1142/1136/1133 1037/961/991 1039/953/983
f 1141/1134/1132 1035/952/982 1136/1137/1134
f 1129/1138/1135 1044/926/956 1048/929/959
f 1134/1139/1136 1045/928/958 1131/1140/1137
f 1047/1141/1138 897/1142/1139 1046/924/954
f 1135/1143/1140 1044/926/956 1133/1144/1141
f 1042/923/953 1134/1139/1136 1130/1145/1142
f 1066/1146/1143 1051/968/998 1067/1147/1144
f 1064/1148/1145 1052/1149/1146 1050/962/992
f 1069/1150/1147 1054/965/995 1065/1151/1148
f 1067/1147/1144 1053/964/994 1069/1150/1147
f 1063/1152/1149 1050/962/992 1049/963/993
f 1076/1153/1150 1058/934/964 1062/937/967
f 1071/1154/1151 1059/936/966 1073/1155/1152
f 1061/935/965 1074/1156/1153 1075/1157/1154
f 1060/933/963 1072/1158/1155 1074/1156/1153
f 1070/1159/1156 1057/931/961 1071/1154/1151
f 914/1160/981 1064/1148/1145 1063/1152/1149
f 913/1161/985 911/1162/984 1123/1163/1157
f 923/957/987 913/1161/985 1065/1164/1148
f 915/1165/989 912/1166/988 1124/1167/1158
f 987/1168/1159 1067/1147/1144 911/1162/984
f 912/1169/988 1065/1170/1148 1124/1171/1158
f 898/1172/951 1071/1154/1151 899/1173/1160
f 897/1174/1139 1122/1175/1161 895/1176/955
f 927/1177/1162 1075/1178/1154 897/1174/1139
f 899/1173/1160 1121/1179/1163 896/1180/957
f 993/930/960 1072/1158/1155 1076/1153/1150
f 896/1181/957 1121/1182/1163 1075/1183/1154
f 862/1184/909 1077/873/906 861/875/903
f 866/874/904 1080/1185/1164 863/1186/907
f 862/1184/909 1080/1185/1164 1079/1187/1165
f 2147/1188/1166 1078/1189/1167 1077/1190/906
f 1128/1191/1168 1083/1122/1121 1127/865/898
f 1028/1124/1123 1081/1192/1169 1027/1125/1124
f 1030/1128/1127 1082/1193/1170 1028/1124/1123
f 1081/1192/1169 1029/1121/1120 1027/1125/1124
f 1089/1194/1171 852/852/885 858/1195/1172
f 1558/1196/1173 1087/1197/1174 847/850/883
f 850/857/890 1089/1194/1171 856/858/891
f 1556/846/879 1087/1197/1174 1559/1198/1175
f 2090/1199/1176 2082/1200/1177 2091/1201/1178
f 2058/1202/1179 2792/1203/1180 2794/1204/1181
f 1100/1205/1182 1094/1206/1183 2059/1207/1184
f 2069/1208/1185 2059/1207/1184 1094/1206/1183
f 2795/1209/1186 2058/1202/1179 2794/1204/1181
f 844/1210/1187 2277/1211/1188 2268/1212/1189
f 2081/1213/1190 2092/1214/1191 2089/1215/1192
f 1103/1216/1193 2060/1217/1194 2058/1202/1179
f 2065/1218/1195 1103/1216/1193 2058/1202/1179
f 2282/1219/1196 1102/1220/1197 2285/1221/1198
f 1173/1222/1199 1110/1223/1200 1172/1224/1201
f 1119/1225/1202 964/1226/1203 1118/1039/1061
f 1014/1045/1067 1116/1227/1064 966/1046/1058
f 1117/1066/1075 1015/1228/1204 967/1229/1205
f 1107/1230/1206 1014/1231/1067 1013/1232/1207
f 1117/1058/1075 981/1233/1208 1119/1234/1202
f 1116/1042/1064 979/1037/1059 966/1036/1058
f 1120/1023/1045 963/1062/1076 1115/1056/1074
f 1120/1023/1045 964/1226/1203 962/1063/1077
f 1115/1056/1074 979/1235/1059 1105/1236/1209
f 1106/1237/1107 972/1071/1065 1116/1227/1064
f 1065/1238/1148 913/1239/985 1123/1240/1157
f 897/1241/1139 1075/1242/1154 1122/1243/1161
f 895/1176/955 1074/1156/1153 1072/1158/1155
f 1122/1175/1161 1075/1157/1154 1074/1156/1153
f 899/1173/1160 1073/1155/1152 1121/1179/1163
f 911/1162/984 1069/1150/1147 1123/1163/1157
f 1124/1167/1158 1065/1244/1148 1068/1245/1210
f 1068/1245/1210 915/1165/989 1124/1167/1158
f 1123/1163/1157 1069/1150/1147 1065/1151/1148
f 865/867/900 1127/865/898 859/864/897
f 1082/1193/1170 1125/863/896 1081/1192/1169
f 1082/1193/1170 1128/1191/1168 1126/866/899
f 1125/863/896 1083/1122/1121 1081/1192/1169
f 1547/1246/1211 1134/1139/1136 1553/1247/1212
f 1549/1248/1213 1133/1144/1141 1552/1249/1214
f 1132/1250/1215 1046/924/954 1135/1143/1140
f 1553/1247/1212 1131/1140/1137 1551/1251/1216
f 1552/1249/1214 1129/1138/1135 1550/1252/1217
f 1544/1253/1218 1141/1134/1132 1136/1137/1134
f 1546/1254/1219 1140/1133/1131 1142/1136/1133
f 1545/1255/1220 1142/1136/1133 1138/1135/999
f 1543/1256/1221 1139/971/1001 1141/1134/1132
f 1137/1132/1130 1542/1257/1222 1540/1258/1223
f 1144/1259/1224 1145/1260/1225 1146/1261/1226
f 1143/1262/1032 1144/1259/1224 1146/1261/1226
f 1144/1259/1224 1148/1263/1030 1149/1264/1029
f 1155/1265/1227 1143/1010/1032 1146/1266/1226
f 1154/1005/1027 1144/1267/1224 1156/1268/1228
f 1156/1268/1228 1149/1007/1029 1152/1269/1229
f 947/1270/1024 1152/1269/1229 996/989/1011
f 947/1270/1024 1154/1005/1027 1156/1268/1228
f 1019/1068/1081 1155/1265/1227 1017/1069/1082
f 1019/1068/1081 1150/1006/1028 1151/1009/1031
f 996/989/1011 1150/1006/1028 1016/987/1009
f 948/992/1014 1153/1003/1025 1154/1005/1027
f 1131/1140/1137 1548/1271/1230 1551/1251/1216
f 1545/1272/1220 1139/971/1001 1541/1273/1231
f 1040/1274/986 912/958/988 1038/970/1000
f 896/927/957 1047/1275/1138 1045/928/958
f 1045/928/958 1132/1276/1215 1131/1140/1137
f 1065/1244/1148 1052/1149/1146 1068/1245/1210
f 924/944/974 940/942/972 917/966/996
f 1054/965/995 917/966/996 1052/1149/1146
f 1059/936/966 1075/1277/1154 1073/1155/1152
f 887/913/943 928/915/945 901/914/944
f 901/914/944 1061/935/965 1059/936/966
f 1548/1278/1230 1135/1143/1140 1549/1248/1213
f 1075/1279/1154 927/1280/1162 896/1281/957
f 1075/1277/1154 1121/1179/1163 1073/1155/1152
f 923/1282/987 1065/1283/1148 912/1284/988
f 1544/1253/1218 1137/1132/1130 1540/1258/1223
f 914/1160/981 1066/1146/1143 987/1168/1159
f 1063/1152/1149 1055/967/997 1066/1146/1143
f 1035/952/982 1137/1132/1130 1136/1137/1134
f 937/948/978 988/938/968 919/949/979
f 914/951/981 1041/960/990 1035/952/982
f 919/949/979 1055/967/997 1049/963/993
f 1547/1246/1211 1129/1138/1135 1130/1145/1142
f 898/1172/951 1076/1153/1150 1070/1159/1156
f 1070/1159/1156 1062/937/967 1056/932/962
f 1129/1138/1135 1042/923/953 1130/1145/1142
f 994/909/939 888/919/949 903/920/950
f 1048/929/959 898/921/951 1042/923/953
f 1062/937/967 903/920/950 1056/932/962
f 1254/1004/1232 1260/1003/1233 1261/1285/1234
f 1222/1286/1235 1157/1001/1236 1221/1109/1237
f 1221/1287/1237 1157/1288/1236 1228/1289/1238
f 1257/1290/1239 1256/1007/1240 1259/1291/1241
f 1171/1292/1242 1167/1293/1243 1164/1294/1244
f 1172/1224/1201 1163/1295/1245 1165/1296/1246
f 1168/1297/1247 1174/1298/1248 1176/1299/1249
f 1684/1300/1250 1277/1301/1251 1279/1302/1252
f 1171/1292/1242 1168/1297/1247 1176/1299/1249
f 1683/1303/1253 1284/1304/1254 1273/1014/1255
f 1173/1222/1199 1167/1293/1243 1175/1305/1256
f 1273/1014/1255 1189/1306/1257 1161/1307/1258
f 1171/1292/1242 1108/1308/1259 1111/1309/1260
f 1113/1310/1261 1173/1222/1199 1175/1305/1256
f 1108/1308/1259 1174/1298/1248 1114/1311/1262
f 1110/1223/1200 1170/1312/1263 1172/1224/1201
f 1113/1310/1261 1171/1292/1242 1111/1309/1260
f 1164/1294/1244 1169/1011/1033 1180/1013/1035
f 1163/1295/1245 1181/1014/1036 1165/1296/1246
f 1178/1019/1041 1166/1313/1264 1168/1297/1247
f 1284/1304/1254 1162/1314/1265 1189/1306/1257
f 1164/1294/1244 1178/1019/1041 1168/1297/1247
f 1277/1301/1251 1683/1303/1253 1276/1315/1266
f 1163/1295/1245 1177/1018/1040 1179/1316/1267
f 1114/1311/1262 1170/1312/1263 1112/1317/1268
f 1174/1298/1248 1163/1295/1245 1170/1312/1263
f 1226/1318/1269 1219/989/1270 1220/988/1271
f 1017/1069/1082 1153/1003/1025 1018/991/1013
f 1155/1265/1227 1145/1319/1225 1153/1003/1025
f 1107/1230/1206 1015/1320/1204 1104/1107/1079
f 967/1229/1205 1013/1321/1207 965/1044/1066
f 964/1226/1203 980/1061/1057 962/1063/1077
f 951/1016/1038 969/1025/1047 954/1052/1073
f 967/1322/1205 980/1035/1057 981/1233/1208
f 970/1040/1062 1120/1023/1045 969/1025/1047
f 1177/1018/1040 953/1015/1037 1179/1316/1267
f 1184/1323/1056 957/1324/1069 961/1325/1084
f 982/1326/1063 956/1327/1068 1182/1328/1050
f 1183/1329/1055 956/1327/1068 957/1324/1069
f 1187/1031/1053 983/1038/1060 976/1032/1054
f 1185/1330/1043 960/1331/1083 1186/1332/1048
f 1184/1323/1056 959/1333/1080 1185/1330/1043
f 1186/1332/1048 958/1055/1071 1187/1054/1053
f 1258/1334/1272 1255/1008/1273 1257/1290/1239
f 1160/1335/1274 1269/1336/1275 1272/1337/1276
f 1273/1014/1255 1188/1338/1277 1271/1339/1278
f 1268/1340/1279 1190/1341/1280 1270/1342/1281
f 1272/1337/1276 1190/1341/1280 1160/1335/1274
f 1288/1021/1282 1209/1343/1283 1210/1344/1284
f 1203/1345/1285 1249/1023/1286 1204/1346/1287
f 1210/1344/1284 1289/1026/1288 1288/1021/1282
f 1213/1347/1289 1285/1028/1290 1208/1348/1291
f 1212/1349/1292 1290/1031/1293 1289/1026/1288
f 1209/1343/1283 1286/1033/1294 1213/1347/1289
f 1215/1035/1295 1201/1036/1296 1200/1350/1297
f 1218/1038/1298 1247/1351/1299 1248/1225/1300
f 1217/1041/1301 1245/1042/1302 1234/1352/1303
f 1200/1044/1297 1224/1045/1304 1223/1321/1305
f 1191/1047/1306 1226/1318/1269 1220/988/1271
f 1206/1049/1307 1221/1287/1237 1193/1050/1308
f 968/1024/1046 1182/1028/1050 973/1030/1052
f 1211/1353/1309 1205/1354/1310 1218/1038/1298
f 1162/1314/1265 1204/1346/1287 1189/1306/1257
f 1290/1054/1293 1206/1053/1307 1193/1055/1308
f 1162/1314/1265 1208/1348/1291 1203/1345/1285
f 1217/1057/1301 1244/1355/1311 1203/1345/1285
f 1218/1059/1298 1246/1058/1312 1206/1060/1307
f 1198/1356/1313 1215/1061/1295 1197/1357/1314
f 1190/1341/1280 1213/1347/1289 1160/1335/1274
f 1188/1338/1277 1211/1353/1309 1212/1349/1292
f 1160/1335/1274 1208/1348/1291 1162/1314/1265
f 1159/1358/1315 1212/1349/1292 1210/1344/1284
f 1159/1358/1315 1209/1343/1283 1190/1341/1280
f 1206/1049/1307 1233/1065/1316 1230/1359/1317
f 1194/1067/1318 1229/1360/1319 1196/1072/1320
f 1193/1050/1308 1228/1289/1238 1195/1070/1321
f 1195/1070/1321 1227/1361/1322 1194/1067/1318
f 1207/1071/1323 1220/988/1271 1232/1362/1324
f 1229/1360/1319 1192/1048/1325 1196/1072/1320
f 1205/1354/1310 1211/1353/1309 1161/1307/1258
f 1231/1363/1326 1235/1104/1327 1232/1106/1324
f 1231/1363/1326 1233/1107/1316 1236/1364/1328
f 1221/1109/1237 1231/1363/1326 1222/1286/1235
f 1222/1286/1235 1232/1106/1324 1220/1110/1271
f 1220/1110/1271 1158/1002/1329 1222/1286/1235
f 1277/1365/1251 1239/1366/1330 1238/1367/1331
f 1199/1368/1332 1248/1225/1300 1247/1351/1299
f 1245/1227/1302 1224/1045/1304 1201/1046/1296
f 1246/1066/1312 1225/1228/1333 1233/1065/1316
f 1236/1364/1328 1224/1231/1304 1235/1104/1327
f 1216/1233/1334 1246/1058/1312 1248/1234/1300
f 1245/1042/1302 1214/1037/1335 1234/1352/1303
f 1198/1356/1313 1249/1023/1286 1244/1355/1311
f 1249/1023/1286 1199/1368/1332 1247/1351/1299
f 1214/1235/1335 1244/1355/1311 1234/1236/1303
f 1207/1071/1323 1235/1237/1327 1245/1227/1302
f 1252/1260/1336 1251/1259/1337 1253/1261/1338
f 1250/1262/1339 1253/1261/1338 1251/1259/1337
f 1255/1263/1273 1251/1259/1337 1256/1264/1240
f 1262/1369/1340 1250/1010/1339 1258/1334/1272
f 1251/1267/1337 1261/1285/1234 1263/1370/1341
f 1256/1007/1240 1263/1370/1341 1259/1291/1241
f 1259/1291/1241 1158/1270/1329 1219/989/1270
f 1158/1270/1329 1261/1285/1234 1157/1288/1236
f 1262/1369/1340 1229/1360/1319 1227/1361/1322
f 1229/1360/1319 1257/1290/1239 1226/1318/1269
f 1257/1290/1239 1219/989/1270 1226/1318/1269
f 1157/1288/1236 1260/1003/1233 1228/1289/1238
f 1275/1371/1342 1684/1300/1250 1279/1302/1252
f 1276/1315/1266 1264/1372/1343 1274/1373/1344
f 1278/1374/1345 1267/1375/1346 1280/1376/1347
f 1275/1371/1342 1267/1375/1346 1265/1377/1348
f 954/1052/1073 1181/1014/1036 951/1016/1038
f 1281/1378/1349 1165/1296/1246 1181/1014/1036
f 1281/1378/1349 949/1051/1072 1169/1011/1033
f 1165/1296/1246 1173/1222/1199 1172/1224/1201
f 1237/1379/1350 1275/1380/1342 1240/1381/1351
f 1242/1382/1352 1277/1365/1251 1238/1367/1331
f 1237/1379/1350 1278/1383/1345 1280/1384/1347
f 1239/1366/1330 1274/1385/1344 1241/1386/1353
f 1275/1380/1342 1242/1382/1352 1240/1381/1351
f 1265/1377/1348 1269/1336/1275 1684/1300/1250
f 1273/1014/1255 1264/1372/1343 1683/1303/1253
f 1266/1387/1354 1270/1342/1281 1267/1375/1346
f 1282/1388/1355 1169/1011/1033 1167/1293/1243
f 1265/1377/1348 1270/1342/1281 1272/1337/1276
f 1203/1345/1285 1285/1028/1290 1217/1057/1301
f 1264/1372/1343 1268/1340/1279 1266/1387/1354
f 1274/1385/1344 1243/1389/1356 1241/1386/1353
f 1264/1372/1343 1278/1374/1345 1274/1373/1344
f 1260/1003/1233 1227/1361/1322 1228/1289/1238
f 1252/1319/1336 1262/1369/1340 1260/1003/1233
f 1225/1320/1333 1236/1364/1328 1233/1107/1316
f 1202/1229/1357 1223/1321/1305 1225/1228/1333
f 1199/1368/1332 1215/1061/1295 1216/1390/1334
f 1161/1307/1258 1204/1346/1287 1205/1354/1310
f 1215/1035/1295 1202/1322/1357 1216/1233/1334
f 1205/1354/1310 1249/1023/1286 1247/1351/1299
f 1188/1338/1277 1268/1340/1279 1271/1339/1278
f 1287/1323/1358 1192/1324/1325 1286/1329/1294
f 1191/1327/1306 1217/1326/1301 1285/1328/1290
f 1286/1329/1294 1191/1327/1306 1285/1328/1290
f 1290/1031/1293 1211/1353/1309 1218/1038/1298
f 1195/1331/1321 1288/1330/1282 1289/1332/1288
f 1194/1333/1318 1287/1323/1358 1288/1330/1282
f 1193/1055/1308 1289/1332/1288 1290/1054/1293
f 1536/1391/1359 1291/1392/1360 1292/1393/1361
f 1537/1394/1362 1297/1395/1363 1539/1396/1364
f 1293/870/1365 1301/869/1366 1298/871/1367
f 1291/1392/1360 1296/1397/1368 1292/1393/1361
f 1315/1398/1369 1298/1399/1367 1316/1400/1370
f 1292/1393/1361 1537/1394/1362 1536/1391/1359
f 1295/876/1371 1301/869/1366 1300/1401/1372
f 1295/876/1371 1299/877/1373 1294/878/1374
f 1293/870/1365 1299/877/1373 1302/1402/1375
f 2620/1403/1376 1305/1404/1377 2618/1405/1378
f 1311/1406/1379 1306/1407/1380 1312/1408/1381
f 2618/1405/1378 1306/1407/1380 2619/1409/1382
f 2620/1403/1376 1304/1410/1383 1303/1411/1384
f 1309/1412/1385 1322/1413/1386 1321/1414/1387
f 1313/1415/1388 1308/1416/1389 1314/1417/1390
f 1308/1416/1389 1312/1408/1381 1314/1417/1390
f 1311/1406/1379 1307/1418/1391 1313/1415/1388
f 1304/1410/1383 1313/1415/1388 1303/1411/1384
f 1314/1417/1390 1306/1407/1380 1305/1404/1377
f 1313/1415/1388 1305/1404/1377 1303/1411/1384
f 1311/1406/1379 1310/1419/1392 1309/1412/1385
f 1300/1420/1372 1302/1421/1375 1299/1422/1373
f 1294/1423/1374 1315/1398/1369 1317/1424/1393
f 1318/1425/1394 1298/1399/1367 1295/1426/1371
f 1294/1423/1374 1318/1425/1394 1295/1426/1371
f 2143/1427/1395 1316/1428/1370 2145/1429/1396
f 1321/1414/1387 1539/1396/1364 1538/1430/1397
f 1319/1431/1398 1308/1416/1389 1307/1418/1391
f 1320/1432/1399 1310/1419/1392 1308/1416/1389
f 1309/1412/1385 1319/1431/1398 1307/1418/1391
f 1483/1433/1400 1502/1434/1401 1494/1435/1402
f 1486/1436/1403 1503/1437/1404 1495/1438/1405
f 1487/1439/1406 1495/1438/1405 1496/1440/1407
f 1485/1441/1408 1499/1442/1409 1490/1443/1410
f 1488/1444/1411 1505/1445/1412 1497/1446/1413
f 1494/1435/1402 1506/1447/1414 1485/1448/1408
f 1484/1449/1415 1507/1450/1416 1505/1445/1412
f 1487/1451/1406 1498/1452/1417 1489/1453/1418
f 1492/1454/1419 1497/1446/1413 1501/1455/1420
f 1489/1453/1418 1500/1456/1421 1491/1457/1422
f 1490/1443/1410 1507/1450/1416 1493/1458/1423
f 1491/1457/1422 1504/1459/1424 1483/1433/1400
f 1482/1460/1425 1501/1455/1420 1503/1437/1404
f 1361/1461/1426 1355/1462/1427 1356/1463/1428
f 1360/1464/1429 1356/1463/1428 1357/1465/1430
f 1360/1464/1429 1358/1466/1431 1359/1467/1432
f 1364/1468/1433 1365/1469/1434 1353/1470/1435
f 1366/1471/1436 1364/1468/1433 1352/1472/1437
f 1359/1473/1432 1354/1474/1438 1363/1475/1439
f 1362/1476/1440 1352/1477/1437 1355/1462/1427
f 1374/1478/1441 1364/1468/1433 1366/1471/1436
f 1376/1479/1442 1365/1469/1434 1364/1468/1433
f 1381/1480/1443 1360/1464/1429 1359/1467/1432
f 1380/1481/1444 1361/1461/1426 1360/1464/1429
f 1379/1482/1445 1362/1476/1440 1361/1461/1426
f 1378/1483/1446 1366/1484/1436 1362/1476/1440
f 1516/1485/1447 1450/1486/1448 1517/1487/1449
f 1353/1470/1435 1402/1488/1450 1352/1472/1437
f 1354/1474/1438 1522/1489/1451 1384/1490/1452
f 1352/1472/1437 1364/1468/1433 1353/1470/1435
f 1358/1466/1431 1383/1491/1453 1382/1492/1454
f 1388/1493/1455 1386/1494/1456 1387/1495/1457
f 1412/1496/1458 1385/1497/1459 1413/1498/1460
f 1413/1499/1460 1388/1493/1455 1410/1500/1461
f 1356/1463/1428 1390/1501/1462 1357/1465/1430
f 1392/1502/1463 1395/1503/1464 1393/1504/1465
f 1415/1505/1466 1394/1506/1467 1416/1507/1468
f 1355/1462/1427 1396/1508/1469 1356/1463/1428
f 1421/1509/1470 1400/1510/1471 1420/1511/1472
f 1352/1477/1437 1404/1512/1473 1355/1462/1427
f 1425/1513/1474 1407/1514/1475 1406/1515/1476
f 1425/1516/1474 1408/1517/1477 1422/1518/1478
f 1441/1519/1479 1410/1500/1461 1446/1520/1480
f 1439/1521/1481 1413/1498/1460 1441/1522/1479
f 1466/1523/1482 1415/1505/1466 1416/1507/1468
f 1469/1524/1483 1420/1511/1472 1468/1525/1484
f 1475/1526/1485 1422/1518/1478 1473/1527/1486
f 1475/1528/1485 1424/1529/1487 1425/1513/1474
f 1523/1530/1488 1427/1531/1489 1426/1532/1490
f 1384/1490/1452 1526/1533/1491 1444/1534/1492
f 1462/1535/1493 1428/1536/1494 1429/1537/1495
f 1472/1538/1496 1434/1539/1497 1471/1540/1498
f 1481/1541/1499 1436/1542/1500 1477/1543/1501
f 1477/1544/1501 1437/1545/1502 1478/1546/1503
f 1447/1547/1504 1441/1522/1479 1448/1548/1505
f 1446/1520/1480 1448/1549/1505 1441/1519/1479
f 1444/1534/1492 1426/1550/1490 1443/1551/1506
f 1427/1531/1489 1443/1552/1506 1426/1532/1490
f 1444/1534/1492 1448/1549/1505 1446/1520/1480
f 1445/1553/1507 1448/1548/1505 1443/1552/1506
f 1449/1554/1508 1454/1555/1509 1450/1486/1448
f 1517/1556/1449 1451/1557/1510 1518/1558/1511
f 1518/1559/1511 1452/1560/1512 1519/1561/1513
f 1455/1562/1514 1453/1563/1515 1456/1564/1516
f 1451/1565/1510 1456/1564/1516 1452/1560/1512
f 1450/1566/1448 1455/1567/1514 1451/1557/1510
f 1429/1537/1495 1458/1568/1517 1459/1569/1518
f 1527/1570/1519 1462/1535/1493 1528/1571/1520
f 1459/1569/1518 1465/1572/1521 1466/1523/1482
f 1435/1573/1522 1464/1574/1523 1434/1539/1497
f 1463/1575/1524 1468/1525/1484 1464/1574/1523
f 1531/1576/1525 1471/1540/1498 1530/1577/1526
f 1436/1542/1500 1438/1578/1527 1475/1528/1485
f 1436/1579/1500 1473/1527/1486 1437/1545/1502
f 1479/1580/1528 1478/1546/1503 1480/1581/1529
f 1479/1582/1528 1481/1541/1499 1477/1543/1501
f 1403/1583/1530 1479/1582/1528 1534/1584/1531
f 1534/1585/1531 1480/1581/1529 1535/1586/1532
f 1513/1587/1533 1509/1588/1534 1514/1589/1535
f 1513/1590/1533 1512/1591/1536 1508/1592/1537
f 1508/1593/1537 1511/1594/1538 1509/1588/1534
f 1512/1591/1536 1510/1595/1539 1508/1592/1537
f 1515/1596/1540 1517/1487/1449 1512/1597/1536
f 1359/1473/1432 1515/1596/1540 1512/1597/1536
f 1359/1467/1432 1513/1590/1533 1373/1598/1541
f 1373/1599/1541 1514/1589/1535 1377/1600/1542
f 1510/1601/1539 1519/1561/1513 1511/1594/1538
f 1510/1595/1539 1517/1556/1449 1518/1558/1511
f 1522/1489/1451 1358/1602/1431 1382/1603/1454
f 1522/1489/1451 1523/1604/1488 1526/1533/1491
f 1373/1598/1541 1381/1480/1443 1359/1467/1432
f 1526/1533/1491 1426/1550/1490 1444/1534/1492
f 1384/1490/1452 1522/1489/1451 1526/1533/1491
f 1382/1492/1454 1524/1605/1543 1523/1530/1488
f 1391/1606/1544 1528/1571/1520 1390/1501/1462
f 1397/1607/1545 1530/1577/1526 1396/1508/1469
f 1402/1608/1450 1535/1586/1532 1404/1512/1473
f 1402/1488/1450 1403/1583/1530 1534/1584/1531
f 1347/1609/1546 1333/1610/1547 1329/1611/1548
f 1346/1612/1549 1324/1613/1550 1345/1614/1551
f 1344/1615/1552 1332/1616/1553 1343/1617/1554
f 1342/1618/1555 1325/1619/1556 1346/1612/1549
f 1348/1620/1557 1335/1621/1558 1333/1610/1547
f 1340/1622/1559 1326/1623/1560 1342/1618/1555
f 1339/1624/1561 1332/1616/1553 1334/1625/1562
f 1337/1626/1563 1323/1627/1564 1331/1628/1565
f 1339/1624/1561 1335/1621/1558 1341/1629/1566
f 1337/1630/1563 1327/1631/1567 1344/1615/1552
f 1336/1632/1568 1330/1633/1569 1340/1634/1559
f 1336/1632/1568 1329/1611/1548 1328/1635/1570
f 1338/1636/1571 1324/1613/1550 1323/1627/1564
f 1503/1437/1404 1348/1620/1557 1347/1609/1546
f 1504/1459/1424 1346/1612/1549 1345/1614/1551
f 1499/1442/1409 1343/1617/1554 1507/1450/1416
f 1500/1456/1421 1342/1618/1555 1346/1612/1549
f 1501/1455/1420 1341/1629/1566 1348/1620/1557
f 1498/1452/1417 1340/1622/1559 1342/1618/1555
f 1507/1450/1416 1339/1624/1561 1505/1445/1412
f 1502/1434/1401 1337/1626/1563 1506/1447/1414
f 1497/1446/1413 1339/1624/1561 1341/1629/1566
f 1506/1637/1414 1344/1615/1552 1499/1442/1409
f 1496/1440/1407 1336/1632/1568 1340/1634/1559
f 1495/1438/1405 1347/1609/1546 1336/1632/1568
f 1502/1434/1401 1345/1614/1551 1338/1636/1571
f 1367/1638/1572 1353/1470/1435 1365/1469/1434
f 1521/1639/1573 1349/1640/1574 1368/1641/1575
f 1375/1642/1576 1367/1638/1572 1365/1469/1434
f 1372/1643/1577 1363/1475/1439 1520/1644/1578
f 1369/1645/1579 1367/1638/1572 1371/1646/1580
f 1372/1643/1577 1521/1639/1573 1370/1647/1581
f 1331/1628/1565 1381/1480/1443 1373/1598/1541
f 1370/1647/1581 1368/1641/1575 1369/1645/1579
f 1331/1648/1565 1377/1600/1542 1327/1649/1567
f 1334/1625/1562 1369/1645/1579 1335/1621/1558
f 1332/1616/1553 1370/1647/1581 1334/1625/1562
f 1330/1650/1569 1378/1483/1446 1326/1623/1560
f 1333/1610/1547 1369/1645/1579 1371/1651/1580
f 1325/1619/1556 1378/1483/1446 1379/1482/1445
f 1327/1649/1567 1372/1643/1577 1332/1616/1553
f 1324/1613/1550 1379/1482/1445 1380/1481/1444
f 1329/1611/1548 1371/1651/1580 1375/1652/1576
f 1323/1627/1564 1380/1481/1444 1381/1480/1443
f 1328/1635/1570 1375/1652/1576 1376/1653/1442
f 1328/1635/1570 1374/1654/1441 1330/1633/1569
f 1349/1640/1574 1391/1655/1544 1356/1656/1428
f 1351/1657/1582 1533/1658/1583 1532/1659/1584
f 1411/1660/1585 1388/1493/1455 1387/1495/1457
f 1350/1661/1586 1384/1490/1452 1525/1662/1587
f 1350/1661/1586 1383/1491/1453 1357/1663/1430
f 1412/1664/1458 1387/1495/1457 1386/1494/1456
f 1415/1665/1466 1393/1504/1465 1395/1503/1464
f 1350/1661/1586 1390/1666/1462 1389/1667/1588
f 1350/1661/1586 1529/1668/1589 1349/1640/1574
f 1416/1669/1468 1392/1502/1463 1417/1670/1590
f 1414/1671/1591 1392/1502/1463 1393/1504/1465
f 1419/1672/1592 1399/1673/1593 1398/1674/1594
f 1349/1640/1574 1396/1675/1469 1533/1658/1583
f 1351/1657/1582 1397/1676/1545 1355/1677/1427
f 1401/1678/1595 1399/1673/1593 1400/1679/1471
f 1420/1680/1472 1399/1673/1593 1418/1681/1596
f 1421/1682/1470 1398/1674/1594 1401/1678/1595
f 1422/1683/1478 1409/1684/1597 1423/1685/1598
f 1353/1470/1435 1405/1686/1599 1403/1583/1530
f 1351/1657/1582 1404/1687/1473 1405/1686/1599
f 1409/1684/1597 1406/1515/1476 1407/1514/1475
f 1424/1529/1487 1409/1684/1597 1407/1514/1475
f 1440/1688/1600 1412/1664/1458 1439/1689/1481
f 1440/1688/1600 1410/1500/1461 1411/1660/1585
f 1460/1690/1601 1414/1671/1591 1457/1691/1602
f 1466/1692/1482 1417/1670/1590 1460/1690/1601
f 1465/1693/1521 1414/1671/1591 1415/1665/1466
f 1469/1694/1483 1419/1672/1592 1421/1682/1470
f 1468/1695/1484 1418/1681/1596 1467/1696/1603
f 1470/1697/1604 1418/1681/1596 1419/1672/1592
f 1438/1578/1527 1423/1685/1598 1424/1529/1487
f 1473/1698/1486 1423/1685/1598 1474/1699/1605
f 1525/1662/1587 1444/1534/1492 1442/1700/1606
f 1525/1662/1587 1427/1701/1489 1524/1605/1543
f 1461/1702/1607 1431/1703/1608 1428/1704/1494
f 1430/1705/1609 1462/1706/1493 1429/1707/1495
f 1433/1708/1610 1464/1709/1523 1467/1696/1603
f 1433/1708/1610 1471/1710/1498 1434/1711/1497
f 1472/1712/1496 1432/1713/1611 1435/1714/1522
f 1476/1715/1612 1437/1716/1502 1474/1699/1605
f 1481/1541/1499 1474/1699/1605 1438/1578/1527
f 1447/1717/1504 1440/1688/1600 1439/1689/1481
f 1427/1701/1489 1442/1700/1606 1445/1718/1507
f 1442/1700/1606 1447/1717/1504 1445/1718/1507
f 1442/1700/1606 1446/1520/1480 1440/1688/1600
f 1516/1485/1447 1452/1560/1512 1449/1554/1508
f 1449/1554/1508 1456/1564/1516 1453/1563/1515
f 1431/1703/1608 1458/1719/1517 1428/1704/1494
f 1430/1705/1609 1459/1720/1518 1460/1690/1601
f 1430/1705/1609 1457/1691/1602 1431/1703/1608
f 1389/1667/1588 1431/1703/1608 1529/1668/1589
f 1389/1667/1588 1462/1706/1493 1430/1705/1609
f 1529/1668/1589 1461/1702/1607 1527/1721/1519
f 1458/1719/1517 1457/1691/1602 1465/1693/1521
f 1460/1690/1601 1459/1720/1518 1466/1692/1482
f 1432/1713/1611 1467/1696/1603 1470/1697/1604
f 1432/1713/1611 1463/1722/1524 1435/1714/1522
f 1467/1696/1603 1464/1709/1523 1468/1695/1484
f 1463/1722/1524 1470/1697/1604 1469/1694/1483
f 1532/1659/1584 1472/1712/1496 1531/1723/1525
f 1533/1658/1583 1471/1710/1498 1433/1708/1610
f 1532/1659/1584 1433/1708/1610 1432/1713/1611
f 1474/1699/1605 1437/1716/1502 1473/1698/1486
f 1476/1715/1612 1480/1724/1529 1478/1725/1503
f 1405/1686/1599 1480/1724/1529 1476/1715/1612
f 1403/1583/1530 1476/1715/1612 1481/1541/1499
f 1515/1596/1540 1514/1589/1535 1509/1588/1534
f 1515/1596/1540 1511/1594/1538 1516/1485/1447
f 1363/1475/1439 1514/1589/1535 1515/1596/1540
f 1516/1485/1447 1511/1594/1538 1519/1561/1513
f 1520/1644/1578 1363/1475/1439 1354/1474/1438
f 1520/1644/1578 1350/1661/1586 1521/1639/1573
f 1368/1641/1575 1351/1657/1582 1367/1638/1572
f 1383/1491/1453 1525/1662/1587 1524/1605/1543
f 1391/1655/1544 1529/1668/1589 1527/1721/1519
f 1389/1667/1588 1390/1666/1462 1528/1726/1520
f 1533/1658/1583 1396/1675/1469 1530/1727/1526
f 1397/1676/1545 1532/1659/1584 1531/1723/1525
f 1405/1686/1599 1404/1687/1473 1535/1728/1532
f 1538/1430/1397 1297/1395/1363 1291/1392/1360
f 1536/1391/1359 1320/1432/1399 1319/1431/1398
f 1320/1432/1399 1539/1396/1364 1322/1413/1386
f 1321/1414/1387 1536/1391/1359 1319/1431/1398
f 907/1729/1085 1540/1730/1223 986/907/938
f 908/905/936 1545/1731/1220 1541/1732/1231
f 986/907/938 1542/1733/1222 906/900/931
f 909/906/937 1541/1732/1231 1543/1734/1221
f 922/903/934 1546/1735/1219 1545/1731/1220
f 910/901/932 1542/1733/1222 1546/1735/1219
f 909/906/937 1544/1736/1218 907/1729/1085
f 891/1737/928 1550/1738/1217 1547/1739/1211
f 926/1100/1106 1549/1740/1213 894/1094/1102
f 892/1096/1103 1548/1741/1230 926/1100/1106
f 992/1098/1104 1552/1742/1214 1550/1738/1217
f 893/1743/1098 1551/1744/1216 892/1096/1103
f 894/1094/1102 1552/1742/1214 890/1092/1100
f 1547/1739/1211 893/1743/1098 891/1737/928
f 850/857/890 1559/1745/1175 849/1746/1613
f 852/852/885 1559/1745/1175 1558/1747/1173
f 851/853/886 1558/1747/1173 1557/1748/882
f 1088/855/888 1557/1748/882 1554/1749/875
f 848/859/892 1556/1750/879 850/857/890
f 1088/855/888 1555/1751/877 848/859/892
f 874/883/914 1561/894/925 1560/884/915
f 1560/1752/915 1561/1753/925 879/1754/1614
f 1560/1752/915 986/907/938 985/908/920
f 1562/1088/929 874/883/914 1000/1085/1094
f 1562/1755/929 1000/1085/1094 1563/1756/927
f 1000/1085/1094 992/1098/1104 1563/1756/927
f 1615/1757/1615 1602/1758/1616 2052/1759/1617
f 1594/1760/1618 1566/1761/1619 1564/1762/1620
f 1621/1763/1621 2053/1764/1622 1616/1765/1623
f 1597/1766/1624 1565/1767/1625 1568/1768/1626
f 1596/1769/1627 1603/1770/1628 1614/1771/1629
f 1617/1772/1630 1596/1769/1627 1620/1773/1631
f 1616/1774/1623 1569/1775/1632 1617/1776/1630
f 1564/1762/1620 1603/1770/1628 1602/1758/1616
f 2022/1777/1633 1572/1778/1634 2027/1779/1635
f 2027/1779/1635 1605/1780/1636 2028/1781/1637
f 2023/1782/1638 1571/1783/1639 2022/1777/1633
f 1930/1784/1640 1576/1785/1641 1937/1786/1642
f 1938/1787/1643 1644/1788/1644 1607/1789/1645
f 1651/1790/1646 1628/1791/1647 1635/1792/1648
f 1932/1793/1649 1640/1794/1650 1939/1795/1651
f 1636/1796/1652 1654/1797/1653 1652/1798/1654
f 1646/1799/1655 1601/1800/1656 1648/1801/1657
f 1604/1802/1658 1703/1803/1659 1688/1802/1660
f 1578/1804/1661 1693/1805/1662 1690/1806/1663
f 1583/1807/1664 1697/1808/1665 1704/1809/1666
f 1599/1810/1667 1694/1811/1668 1622/1812/1669
f 1571/1813/1639 1688/1814/1660 1685/1815/1670
f 1622/1812/1669 1702/1816/1671 1581/1817/1672
f 1600/1818/1673 1635/1819/1648 1623/1820/1674
f 1622/1812/1669 1652/1821/1654 1599/1810/1667
f 1599/1810/1667 1646/1822/1655 1600/1818/1673
f 2029/1823/1675 1582/1824/1676 1627/1825/1677
f 1626/1826/1678 2030/1827/1679 2025/1828/1680
f 2024/1829/1681 1578/1830/1661 1582/1824/1676
f 1620/1773/1631 2043/1831/1682 2042/1832/1683
f 2043/1831/1682 1614/1771/1629 2044/1833/1684
f 2046/1834/1685 1565/1767/1625 1597/1766/1624
f 2048/1835/1686 1598/1836/1687 1621/1837/1621
f 2049/1838/1688 1564/1762/1620 2050/1839/1689
f 2051/1840/1690 1598/1836/1687 2047/1841/1691
f 2050/1839/1689 1615/1757/1615 2051/1842/1690
f 2049/1838/1688 1614/1771/1629 1594/1760/1618
f 1580/1843/1692 1697/1844/1665 1608/1820/1693
f 1572/1804/1634 1687/1805/1694 1605/1845/1636
f 1933/1846/1695 1606/1847/1696 1932/1793/1649
f 1940/1848/1697 1607/1789/1645 1577/1849/1698
f 2026/1850/1699 1604/1851/1658 2023/1852/1638
f 2028/1781/1637 1573/1853/1700 2031/1854/1701
f 1602/1855/1616 1569/1775/1632 1567/1856/1702
f 1614/1771/1629 1566/1761/1619 1594/1760/1618
f 1564/1762/1620 1602/1758/1616 1615/1757/1615
f 2045/1857/1703 1621/1763/1621 1565/1767/1625
f 2046/1834/1685 1620/1773/1631 2042/1832/1683
f 1573/1853/1700 2025/1828/1680 2031/1854/1701
f 2026/1850/1699 1627/1858/1677 1570/1859/1704
f 1940/1848/1697 1624/1860/1705 1941/1861/1706
f 1933/1846/1695 1625/1862/1707 1574/1863/1708
f 1627/1802/1677 1703/1803/1659 1570/1864/1704
f 1583/1807/1664 1696/1808/1709 1623/1865/1674
f 1565/1767/1625 1617/1772/1630 1568/1768/1626
f 1568/1768/1626 1620/1773/1631 1597/1766/1624
f 1565/1767/1625 1621/1763/1621 1616/1765/1623
f 1630/1866/1710 1622/1812/1669 1581/1817/1672
f 1623/1865/1674 1631/1867/1711 1583/1868/1664
f 1631/1869/1711 1608/1865/1693 1583/1807/1664
f 1609/1870/1712 1630/1871/1710 1581/1817/1672
f 1629/1822/1713 1579/1872/1714 1580/1843/1692
f 1609/1870/1712 1643/1821/1715 1633/1873/1716
f 1634/1819/1717 1580/1843/1692 1608/1820/1693
f 1586/1874/1718 1636/1796/1652 1630/1866/1710
f 1631/1875/1711 1628/1791/1647 1587/1876/1719
f 1631/1869/1711 1610/1877/1720 1634/1878/1717
f 1633/1879/1716 1586/1880/1718 1630/1871/1710
f 1629/1881/1713 1584/1882/1721 1632/1883/1722
f 1633/1879/1716 1645/1884/1723 1611/1885/1724
f 1610/1877/1720 1641/1886/1725 1634/1878/1717
f 1934/1887/1726 1650/1888/1727 1625/1862/1707
f 1941/1861/1706 1653/1889/1728 1942/1890/1729
f 1943/1891/1730 1637/1892/1731 1638/1893/1732
f 1642/1894/1733 1629/1881/1713 1641/1886/1725
f 1939/1795/1651 1575/1895/1734 1930/1784/1640
f 1580/1843/1692 1641/1886/1725 1629/1822/1713
f 1643/1896/1715 1584/1882/1721 1645/1897/1723
f 1643/1898/1715 1579/1872/1714 1632/1899/1722
f 1657/1900/1735 1584/1882/1721 1656/1901/1736
f 1646/1799/1655 1649/1902/1737 1651/1790/1646
f 1935/1903/1738 1638/1893/1732 1650/1888/1727
f 1600/1818/1673 1646/1822/1655 1651/1904/1646
f 1601/1800/1656 1652/1798/1654 1654/1797/1653
f 1652/1821/1654 1647/1899/1739 1599/1810/1667
f 1666/1905/1740 1601/1800/1656 1654/1797/1653
f 1681/1906/1741 1667/1907/1742 1666/1905/1740
f 1648/1801/1657 1665/1908/1743 1649/1902/1737
f 1670/1909/1744 1656/1901/1736 1676/1910/1745
f 1660/1911/1746 1585/1912/1747 1642/1913/1733
f 1601/1800/1656 1668/1914/1748 1648/1801/1657
f 1663/1915/1749 1654/1797/1653 1639/1916/1750
f 1649/1902/1737 1664/1917/1751 1628/1791/1647
f 1628/1791/1647 1661/1918/1752 1587/1919/1719
f 1662/1920/1753 1639/1916/1750 1586/1874/1718
f 1611/1885/1724 1662/1921/1753 1586/1880/1718
f 1661/1922/1752 1610/1877/1720 1587/1923/1719
f 1659/1924/1754 1642/1894/1733 1610/1877/1720
f 1645/1884/1723 1658/1925/1755 1611/1885/1724
f 1655/1926/1756 1584/1927/1721 1585/1912/1747
f 1952/1928/1757 1676/1929/1745 1944/1930/1758
f 1949/1931/1759 1675/1932/1760 1681/1933/1741
f 1668/1914/1748 1674/1934/1761 1665/1908/1743
f 1678/1935/1762 1655/1926/1756 1660/1911/1746
f 1668/1914/1748 1675/1936/1760 1682/1937/1763
f 1680/1938/1764 1666/1905/1740 1663/1915/1749
f 1665/1908/1743 1673/1939/1765 1664/1917/1751
f 1664/1917/1751 1672/1940/1766 1661/1918/1752
f 1679/1941/1767 1663/1942/1749 1662/1921/1753
f 1658/1925/1755 1679/1941/1767 1662/1921/1753
f 1672/1940/1766 1659/1924/1754 1661/1918/1752
f 1671/1943/1768 1660/1944/1746 1659/1924/1754
f 1657/1945/1735 1677/1946/1769 1658/1925/1755
f 1655/1926/1756 1676/1947/1745 1656/1948/1736
f 1690/1949/1663 1692/1950/1770 1689/1951/1771
f 1693/1952/1662 1691/1953/1772 1690/1949/1663
f 1689/1951/1771 1696/1954/1709 1695/1955/1773
f 1697/1954/1665 1685/1956/1670 1688/1955/1660
f 1687/1957/1694 1699/1958/1774 1700/1959/1775
f 1698/1950/1776 1686/1960/1777 1685/1956/1670
f 1687/1957/1694 1702/1961/1671 1701/1962/1778
f 1704/1963/1666 1688/1964/1660 1703/1963/1659
f 1695/1964/1773 1704/1963/1666 1703/1963/1659
f 1702/1961/1671 1693/1952/1662 1701/1962/1778
f 1579/1872/1714 1700/1811/1775 1699/1965/1774
f 1582/1813/1676 1695/1814/1773 1627/1814/1677
f 1582/1813/1676 1690/1806/1663 1689/1815/1771
f 1600/1818/1673 1696/1844/1709 1692/1966/1770
f 1605/1845/1636 1701/1967/1778 1573/1968/1700
f 1579/1872/1714 1698/1966/1776 1580/1843/1692
f 1599/1810/1667 1692/1966/1770 1691/1969/1772
f 1609/1870/1712 1702/1816/1671 1700/1811/1775
f 1626/1845/1678 1701/1967/1778 1693/1805/1662
f 1571/1813/1639 1686/1970/1777 1572/1804/1634
f 2127/1971/1779 2090/1972/1176 2104/1973/1780
f 881/972/923 1705/1974/922 930/902/933
f 1705/1974/922 872/899/930 930/902/933
f 1706/1975/1096 1002/1097/1092 1004/1093/1101
f 1706/1975/1096 997/1091/1099 1007/1077/1086
f 881/892/923 882/885/916 929/890/921
f 1707/895/926 1003/1976/1097 1002/1083/1092
f 1707/895/926 883/1977/935 884/1978/924
f 1002/1083/1092 1009/1086/1095 1008/1082/1091
f 985/908/920 873/879/910 877/881/912
f 1006/1099/1105 999/1079/1088 998/1078/1087
f 1283/1979/1781 1269/1336/1275 1284/1304/1254
f 1563/896/927 992/1980/1104 891/897/928
f 879/1981/1614 1561/1073/925 907/1075/1085
f 986/1982/938 879/1981/1614 907/1075/1085
f 1734/1983/1782 1713/1984/1783 1710/1985/1784
f 1721/1986/1785 1722/1987/1786 1728/1988/1787
f 1709/1989/1788 1729/1990/1789 1733/1991/1790
f 1734/1983/1782 1712/1992/1791 1732/1993/1792
f 1730/1994/1793 1714/1995/1794 1731/1996/1795
f 1733/1991/1790 1714/1995/1794 1709/1989/1788
f 1712/1992/1791 1730/1994/1793 1732/1993/1792
f 1725/1997/1796 1715/1998/1797 1718/1999/1798
f 1719/2000/1799 1724/2001/1800 1726/2002/1801
f 1715/1998/1797 1724/2001/1800 1717/2003/1802
f 1720/2004/1803 1725/1997/1796 1718/1999/1798
f 1726/2002/1801 1716/2005/1804 1719/2000/1799
f 1728/1988/1787 1729/1990/1789 1735/2006/1805
f 1720/2004/1803 1728/1988/1787 1727/2007/1806
f 1735/2006/1805 1711/2008/1807 1713/1984/1783
f 1732/1993/1792 1723/2009/1808 1725/1997/1796
f 1726/2002/1801 1731/1996/1795 1733/1991/1790
f 1723/2009/1808 1731/1996/1795 1724/2001/1800
f 1727/2007/1806 1732/1993/1792 1725/1997/1796
f 1733/1991/1790 1722/1987/1786 1726/2002/1801
f 1727/2007/1806 1735/2006/1805 1734/1983/1782
f 1763/2010/1809 1738/2011/1810 1762/2012/1811
f 1756/2013/1812 1744/2014/1813 1750/2015/1814
f 1737/2016/1815 1757/2017/1816 1761/2018/1817
f 1762/2012/1811 1740/2019/1818 1760/2020/1819
f 1758/2021/1820 1742/2022/1821 1759/2023/1822
f 1761/2018/1817 1742/2022/1821 1737/2016/1815
f 1760/2020/1819 1736/2024/1823 1758/2021/1820
f 1753/2025/1824 1743/2026/1825 1746/2027/1826
f 1745/2028/1827 1754/2029/1828 1747/2030/1829
f 1743/2026/1825 1752/2031/1830 1745/2028/1827
f 1748/2032/1831 1753/2025/1824 1746/2027/1826
f 1754/2029/1828 1744/2014/1813 1747/2030/1829
f 1763/2010/1809 1750/2015/1814 1757/2017/1816
f 1748/2032/1831 1756/2013/1812 1755/2033/1832
f 1763/2010/1809 1739/2034/1833 1741/2035/1834
f 1753/2025/1824 1758/2021/1820 1751/2036/1835
f 1752/2031/1830 1761/2018/1817 1754/2029/1828
f 1751/2036/1835 1759/2023/1822 1752/2031/1830
f 1755/2033/1832 1760/2020/1819 1753/2025/1824
f 1754/2029/1828 1757/2017/1816 1750/2015/1814
f 1756/2013/1812 1762/2012/1811 1755/2033/1832
f 1778/2037/1836 1765/2038/1837 1770/2039/1838
f 1777/2040/1839 1766/2041/1840 1776/2042/1841
f 1778/2037/1836 1768/2043/1842 1777/2040/1839
f 1782/2044/1843 1775/2045/1844 1774/2046/1845
f 1782/2044/1843 1773/2047/1846 1781/2048/1847
f 1780/2049/1848 1775/2045/1844 1783/2050/1849
f 1786/2051/1850 1778/2037/1836 1777/2040/1839
f 1785/2052/1851 1777/2040/1839 1776/2042/1841
f 1784/2053/1852 1778/2037/1836 1787/2054/1853
f 1771/2055/1854 1780/2049/1848 1783/2050/1849
f 1767/2056/1855 1782/2044/1843 1781/2048/1847
f 1769/2057/1856 1783/2050/1849 1782/2044/1843
f 1772/2058/1857 1787/2054/1853 1775/2045/1844
f 1774/2046/1845 1785/2052/1851 1773/2047/1846
f 1775/2045/1844 1786/2051/1850 1774/2046/1845
f 1802/2059/1858 1789/2038/1859 1794/2039/1860
f 1801/2060/1861 1790/2041/1862 1800/2061/1863
f 1801/2060/1861 1794/2039/1860 1792/2062/1864
f 1806/2063/1865 1799/2064/1866 1798/2065/1867
f 1806/2063/1865 1797/2047/1868 1805/2066/1869
f 1804/2067/1870 1799/2064/1866 1807/2068/1871
f 1811/2069/1872 1801/2060/1861 1810/2070/1873
f 1809/2052/1874 1801/2060/1861 1800/2061/1863
f 1808/2071/1875 1802/2059/1858 1811/2069/1872
f 1795/2072/1876 1804/2067/1870 1807/2068/1871
f 1791/2056/1877 1806/2063/1865 1805/2066/1869
f 1793/2073/1878 1807/2068/1871 1806/2063/1865
f 1796/2058/1879 1811/2069/1872 1799/2064/1866
f 1798/2065/1867 1809/2052/1874 1797/2047/1868
f 1799/2064/1866 1810/2070/1873 1798/2065/1867
f 1838/2074/1880 1817/1984/1881 1839/2075/1882
f 1826/2076/1883 1825/1986/1884 1832/1988/1885
f 1833/2077/1886 1813/1989/1887 1837/2078/1888
f 1838/2074/1880 1816/1992/1889 1814/1985/1890
f 1818/1995/1891 1834/2079/1892 1835/2080/1893
f 1837/2078/1888 1818/1995/1891 1835/2080/1893
f 1834/2079/1892 1816/1992/1889 1836/2081/1894
f 1819/1998/1895 1829/2082/1896 1822/1999/1897
f 1823/2000/1898 1828/2001/1899 1821/2003/1900
f 1828/2001/1899 1819/1998/1895 1821/2003/1900
f 1824/2004/1901 1829/2082/1896 1831/2083/1902
f 1820/2005/1903 1830/2084/1904 1823/2000/1898
f 1833/2077/1886 1832/1988/1885 1839/2075/1882
f 1824/2004/1901 1832/1988/1885 1825/1986/1884
f 1815/2008/1905 1839/2075/1882 1817/1984/1881
f 1827/2009/1906 1836/2081/1894 1829/2082/1896
f 1830/2084/1904 1835/2080/1893 1828/2001/1899
f 1835/2080/1893 1827/2009/1906 1828/2001/1899
f 1831/2083/1902 1836/2081/1894 1838/2074/1880
f 1826/2076/1883 1837/2078/1888 1830/2084/1904
f 1831/2083/1902 1839/2075/1882 1832/1988/1885
f 1842/2011/1907 1867/2085/1908 1866/2012/1909
f 1860/2086/1910 1848/2014/1911 1853/2087/1912
f 1861/2017/1913 1841/2016/1914 1865/2088/1915
f 1866/2012/1909 1844/2019/1916 1842/2011/1907
f 1846/2022/1917 1862/2089/1918 1863/2090/1919
f 1865/2088/1915 1846/2022/1917 1863/2090/1919
f 1864/2091/1920 1840/2024/1921 1844/2019/1916
f 1847/2026/1922 1857/2092/1923 1850/2027/1924
f 1858/2093/1925 1849/2028/1926 1851/2030/1927
f 1856/2094/1928 1847/2026/1922 1849/2028/1926
f 1852/2032/1929 1857/2092/1923 1859/2095/1930
f 1848/2014/1911 1858/2093/1925 1851/2030/1927
f 1867/2085/1908 1854/2096/1931 1860/2086/1910
f 1852/2032/1929 1860/2086/1910 1853/2087/1912
f 1843/2034/1932 1867/2085/1908 1845/2035/1933
f 1857/2092/1923 1862/2089/1918 1864/2091/1920
f 1865/2088/1915 1856/2094/1928 1858/2093/1925
f 1863/2090/1919 1855/2097/1934 1856/2094/1928
f 1859/2095/1930 1864/2091/1920 1866/2012/1909
f 1858/2093/1925 1861/2017/1913 1865/2088/1915
f 1866/2012/1909 1860/2086/1910 1859/2095/1930
f 1882/2059/1935 1869/2038/1936 1883/2098/1937
f 1870/2041/1938 1881/2099/1939 1880/2042/1940
f 1872/2043/1941 1882/2059/1935 1881/2099/1939
f 1886/2100/1942 1879/2101/1943 1887/2102/1944
f 1877/2047/1945 1886/2100/1942 1885/2048/1946
f 1879/2101/1943 1884/2049/1947 1887/2102/1944
f 1890/2051/1948 1882/2059/1935 1891/2103/1949
f 1889/2052/1950 1881/2099/1939 1890/2051/1948
f 1882/2059/1935 1888/2053/1951 1891/2103/1949
f 1875/2055/1952 1884/2049/1947 1868/2104/1953
f 1871/2056/1954 1886/2100/1942 1873/2057/1955
f 1873/2057/1955 1887/2102/1944 1875/2055/1952
f 1891/2103/1949 1876/2058/1956 1879/2101/1943
f 1889/2052/1950 1878/2105/1957 1877/2047/1945
f 1890/2051/1948 1879/2101/1943 1878/2105/1957
f 1906/2059/1958 1893/2038/1959 1907/2106/1960
f 1894/2041/1961 1905/2040/1962 1904/2061/1963
f 1905/2040/1962 1898/2039/1964 1906/2059/1958
f 1910/2107/1965 1903/2108/1966 1911/2050/1967
f 1901/2047/1968 1910/2107/1965 1909/2066/1969
f 1903/2108/1966 1908/2067/1970 1911/2050/1967
f 1905/2040/1962 1915/2109/1971 1914/2110/1972
f 1913/2052/1973 1905/2040/1962 1914/2110/1972
f 1906/2059/1958 1912/2071/1974 1915/2109/1971
f 1899/2072/1975 1908/2067/1970 1892/2104/1976
f 1895/2056/1977 1910/2107/1965 1897/2073/1978
f 1897/2073/1978 1911/2050/1967 1899/2072/1975
f 1915/2109/1971 1900/2058/1979 1903/2108/1966
f 1913/2052/1973 1902/2111/1980 1901/2047/1968
f 1914/2110/1972 1903/2108/1966 1902/2111/1980
f 1977/2112/1981 1922/2113/1982 1928/2114/1983
f 1980/2115/1984 1923/2116/1985 1972/2117/1986
f 1971/2118/1987 1921/2119/1988 1963/2120/1989
f 1925/2121/1990 1958/2122/1991 1967/2123/1992
f 1971/2118/1987 1922/2113/1982 1929/2124/1993
f 1927/2125/1994 1970/2126/1995 1969/2127/1996
f 1963/2120/1989 1920/2128/1997 1962/2129/1998
f 1962/2129/1998 1919/2130/1999 1961/2131/2000
f 1926/2132/2001 1969/2127/1996 1968/2133/2002
f 1966/2134/2003 1926/2132/2001 1968/2133/2002
f 1919/2130/1999 1960/2135/2004 1961/2131/2000
f 1918/2136/2005 1967/2123/1992 1960/2135/2004
f 1959/2137/2006 1924/2138/2007 1966/2134/2003
f 1958/2122/1991 1923/2116/1985 1965/2139/2008
f 1931/2140/2009 1576/1785/1641 1644/1788/1644
f 1637/1892/1731 1942/1890/1729 1653/1889/1728
f 1984/2141/2010 1943/1891/1730 1935/1903/1738
f 1974/2142/2011 1930/1784/1640 1979/2143/2012
f 1978/2144/2013 1936/2145/2014 1943/1891/1730
f 1976/2146/2015 1942/1890/1729 1977/2112/1981
f 1983/2147/2016 1935/1903/1738 1934/1887/1726
f 1982/2148/2017 1934/1887/1726 1933/1846/1695
f 1975/2149/2018 1941/1861/1706 1976/2146/2015
f 1975/2149/2018 1938/1787/1643 1940/1848/1697
f 1982/2148/2017 1932/1793/1649 1981/2150/2019
f 1981/2150/2019 1939/1795/1651 1974/2142/2011
f 1973/2151/2020 1931/2140/2009 1938/1787/1643
f 1979/2143/2012 1937/1786/1642 1972/2117/1986
f 1669/2152/2021 1944/1930/1758 1676/1929/1745
f 1677/2153/1769 1952/1928/1757 1945/2154/2022
f 1671/2155/1768 1946/2156/2023 1678/2157/1762
f 1672/2158/1766 1953/2159/2024 1671/2155/1768
f 1679/2160/1767 1945/2154/2022 1947/2161/2025
f 1679/2160/1767 1948/2162/2026 1680/2163/1764
f 1672/2158/1766 1955/2164/2027 1954/2165/2028
f 1673/2166/1765 1956/2167/2029 1955/2164/2027
f 1680/2163/1764 1949/1931/1759 1681/1933/1741
f 1682/2168/1763 1957/2169/2030 1950/2170/2031
f 1946/2156/2023 1669/2152/2021 1678/2157/1762
f 1682/2168/1763 1956/2167/2029 1674/2171/1761
f 1970/2126/1995 1957/2169/2030 1949/1931/1759
f 1959/2137/2006 1944/1930/1758 1965/2139/2008
f 1917/2172/2032 1965/2139/2008 1923/2116/1985
f 1928/2114/1983 1964/2173/2033 1970/2126/1995
f 1951/2174/2034 1965/2139/2008 1944/1930/1758
f 1952/1928/1757 1966/2134/2003 1945/2154/2022
f 1953/2159/2024 1967/2123/1992 1946/2156/2023
f 1954/2165/2028 1960/2135/2004 1953/2159/2024
f 1947/2161/2025 1966/2134/2003 1968/2133/2002
f 1947/2161/2025 1969/2127/1996 1948/2162/2026
f 1954/2165/2028 1962/2129/1998 1961/2131/2000
f 1955/2164/2027 1963/2120/1989 1962/2129/1998
f 1969/2127/1996 1949/1931/1759 1948/2162/2026
f 1950/2170/2031 1964/2173/2033 1971/2118/1987
f 1967/2123/1992 1951/2174/2034 1946/2156/2023
f 1950/2170/2031 1963/2120/1989 1956/2167/2029
f 1916/2175/2035 1972/2117/1986 1923/2116/1985
f 1924/2138/2007 1980/2115/1984 1973/2151/2020
f 1918/2136/2005 1974/2142/2011 1925/2121/1990
f 1919/2130/1999 1981/2150/2019 1918/2136/2005
f 1926/2132/2001 1973/2151/2020 1975/2149/2018
f 1926/2132/2001 1976/2146/2015 1927/2125/1994
f 1919/2130/1999 1983/2147/2016 1982/2148/2017
f 1920/2128/1997 1984/2141/2010 1983/2147/2016
f 1927/2125/1994 1977/2112/1981 1928/2114/1983
f 1929/2124/1993 1985/2176/2036 1978/2144/2013
f 1974/2142/2011 1916/2175/2035 1925/2121/1990
f 1929/2124/1993 1984/2141/2010 1921/2119/1988
f 1980/2115/1984 1937/1786/1642 1931/2140/2009
f 1936/2145/2014 1977/2112/1981 1942/1890/1729
f 2001/2177/2037 1991/2178/2038 1998/2179/2039
f 1997/2180/2040 1995/2181/2041 1993/2182/2042
f 1994/2183/2043 1996/2184/2044 1988/2185/2045
f 1999/2186/2046 1989/2187/2047 2000/2188/2048
f 2004/2189/2049 1993/2182/2042 2002/2190/2050
f 1989/2187/2047 2001/2177/2037 2000/2188/2048
f 1990/2191/2051 1994/2183/2043 1986/2192/2052
f 1992/2193/2053 1995/2181/2041 1997/2180/2040
f 1999/2186/2046 1990/2191/2051 1986/2192/2052
f 1992/2193/2053 1998/2179/2039 1987/2194/2054
f 2007/2195/2055 2003/2196/2056 2002/2197/2050
f 2003/2196/2056 2004/2189/2049 2002/2190/2050
f 2007/2195/2055 1988/2185/2045 1996/2184/2044
f 2009/2198/2057 2006/2199/2058 2010/2200/2059
f 2011/2201/2060 2005/2202/2061 2009/2198/2057
f 2007/2195/2055 2009/2198/2057 2003/2196/2056
f 2003/2196/2056 2010/2200/2059 2004/2189/2049
f 2041/2203/2062 2017/2204/2063 2020/2205/2064
f 2021/2206/2065 2040/2207/2066 2036/2208/2067
f 2033/2209/2068 2021/2206/2065 2036/2208/2067
f 2041/2203/2062 2015/2210/2069 2038/2211/2070
f 2039/2212/2071 2019/2213/2072 2016/2214/2073
f 2018/2215/2074 2035/2216/2075 2040/2207/2066
f 2039/2212/2071 2017/2217/2063 2034/2218/2076
f 2015/2219/2069 2037/2220/2077 2038/2221/2070
f 2032/2222/2078 2014/2223/2079 2033/2209/2068
f 2037/2220/2077 2013/2224/2080 2032/2222/2078
f 2020/2225/2064 2029/2226/1675 2026/2227/1699
f 2031/1854/1701 2018/2215/2074 2021/2206/2065
f 2014/2223/2079 2031/1854/1701 2021/2206/2065
f 2020/2225/2064 2023/2228/1638 2015/2229/2069
f 2016/2214/2073 2030/1827/1679 2024/1829/1681
f 2025/1828/1680 2019/2213/2072 2018/2215/2074
f 2016/2214/2073 2029/1823/1675 2017/2217/2063
f 2023/1782/1638 2012/2230/2081 2015/2219/2069
f 2013/2224/2080 2028/1781/1637 2014/2223/2079
f 2012/2230/2081 2027/1779/1635 2013/2224/2080
f 1588/2231/2082 2032/2222/2078 1590/2232/2083
f 1590/2232/2083 2033/2209/2068 1612/2233/2084
f 2038/2221/2070 1588/2231/2082 1613/2234/2085
f 1589/2235/2086 2034/2218/2076 1619/2236/2087
f 2040/2207/2066 1593/2237/2088 1618/2238/2089
f 1589/2235/2086 2035/2216/2075 2039/2212/2071
f 2041/2239/2062 1613/2240/2085 1591/2241/2090
f 1612/2233/2084 2036/2208/2067 1592/2242/2091
f 2036/2208/2067 1618/2238/2089 1592/2242/2091
f 1619/2243/2087 2041/2239/2062 1591/2241/2090
f 1593/2237/2088 2042/1832/1683 1618/2238/2089
f 1619/2236/2087 2045/1857/1703 1589/2235/2086
f 1590/2232/2083 2044/1833/1684 2049/1838/1688
f 2050/1839/1689 1613/2234/2085 1588/2231/2082
f 1613/2244/2085 2047/2245/1691 1591/2246/2090
f 1590/2232/2083 2050/1839/1689 1588/2231/2082
f 1619/2247/2087 2047/2245/1691 2048/2248/1686
f 1593/2237/2088 2045/1857/1703 2046/1834/1685
f 1592/2242/2091 2044/1833/1684 1612/2233/2084
f 2042/1832/1683 1592/2242/2091 1618/2238/2089
f 2052/2249/1617 1567/1856/1702 1595/2250/2092
f 2053/2251/1622 1598/2252/1687 1595/2253/2092
f 2053/2254/1622 1567/1856/1702 1616/1774/1623
f 1598/2252/1687 2052/2255/1617 1595/2253/2092
f 1598/2252/1687 1615/2256/1615 2052/2255/1617
f 1621/2257/1621 1598/2252/1687 2053/2251/1622
f 1092/2258/2093 2127/1971/1779 2104/1973/1780
f 2281/2259/2094 2278/2260/2095 2292/2261/2096
f 2271/2262/2097 2295/2263/2098 2304/2264/2099
f 1101/2265/2100 2130/2266/2101 2125/2267/2102
f 1102/1220/1197 2294/2268/2103 2297/2269/2104
f 2798/2270/2105 2059/1207/1184 2069/1208/1185
f 2800/2271/2106 2059/1207/1184 2793/2272/2107
f 2056/2273/2108 1103/1216/1193 2065/1218/1195
f 2088/2274/2109 2081/1213/1190 2089/1215/1192
f 2799/2275/2110 2065/1218/1195 2795/1209/1186
f 2799/2275/2110 2069/1208/1185 2056/2273/2108
f 2056/2273/2108 1094/1206/1183 1093/2276/2111
f 2088/2274/2109 2082/1200/1177 2084/2277/2112
f 1092/2278/2093 1100/1205/1182 2062/2279/2113
f 1101/2280/2100 2072/2281/2114 2060/1217/1194
f 2792/1203/1180 2080/2282/2115 2067/2283/2116
f 2273/2284/2117 1096/2285/2118 2279/2286/2119
f 2153/860/893 2078/2287/2120 2158/2288/2121
f 2154/2289/2122 2073/2290/2123 2063/2291/2124
f 2154/2289/2122 2079/861/894 2152/2292/2125
f 2790/2293/2126 2296/2294/2127 2804/2295/2128
f 2284/2296/2129 2796/2297/2130 2803/2298/2131
f 2800/2271/2106 2077/2299/2132 2797/2300/2133
f 2078/2287/2120 2151/2301/2134 2158/2288/2121
f 2151/2301/2134 2067/2283/2116 2160/2302/2135
f 1094/2303/1183 2101/2304/2136 1093/2305/2111
f 2083/2306/2137 2132/2307/2138 2133/2308/2139
f 2081/2309/1190 2098/2310/2140 2083/2306/2137
f 2086/2311/2141 2287/2312/2142 2289/2313/2143
f 2082/2314/1177 2097/2315/2144 2099/2316/2145
f 2084/2317/2112 2094/2318/2146 2081/2309/1190
f 2084/2317/2112 2099/2316/2145 2096/2319/2147
f 2101/2304/2136 1103/2320/1193 1093/2305/2111
f 1103/2320/1193 2100/2321/2148 1101/2265/2100
f 1094/2303/1183 2104/1973/1780 2102/2322/2149
f 2129/2323/2150 2083/2324/2137 2133/2325/2139
f 2054/2326/2151 2289/2327/2143 2283/2328/2152
f 2132/2307/2138 1099/2329/2153 2131/2330/2154
f 2096/2319/2147 1098/2331/2155 2094/2318/2146
f 2098/2310/2140 1098/2331/2155 1099/2329/2153
f 2096/2319/2147 853/2332/2156 1090/2333/2157
f 2287/2312/2142 1091/2334/2158 2286/2335/2159
f 2097/2315/2144 853/2332/2156 2099/2316/2145
f 2288/2336/2160 2054/2337/2151 2283/2338/2152
f 2100/2321/2148 2089/2339/1192 2092/2340/1191
f 2130/2266/2101 2092/2340/1191 2129/2341/2150
f 2104/1973/1780 2091/2342/1178 2102/2322/2149
f 2126/2343/2161 1095/2344/2162 2097/2315/2144
f 2101/2304/2136 2091/2342/1178 2088/2345/2109
f 2101/2304/2136 2089/2339/1192 2105/2346/2163
f 2116/2347/2164 2112/2348/2165 2108/2349/2166
f 2114/2350/2167 2109/2351/2168 2117/2352/2169
f 2113/2353/2170 2107/2354/2171 2114/2350/2167
f 2113/2353/2170 2108/2349/2166 2110/2355/2172
f 2106/2356/2173 2109/2351/2168 2111/2357/2174
f 2106/2356/2173 2112/2348/2165 2115/2358/2175
f 2797/2300/2133 2120/2359/2176 2801/2360/2177
f 2277/1211/1188 2118/2361/2178 2280/2362/2179
f 2062/2279/2113 2121/2363/2180 1092/2278/2093
f 2791/2364/2181 2124/2365/2182 2080/2282/2115
f 2125/2366/2102 2072/2281/2114 1101/2280/2100
f 2273/2284/2117 2123/2367/2183 2070/2368/2184
f 2093/2369/2185 2087/2370/2186 2090/1199/1176
f 2087/2371/2186 2126/2343/2161 2097/2315/2144
f 2379/2372/2187 2407/2373/2188 2409/2374/2189
f 2130/2266/2101 2399/2375/2190 2400/2376/2191
f 2132/2307/2138 2406/2377/2192 2401/2378/2193
f 2399/2379/2190 2133/2325/2139 2402/2380/2194
f 2288/2336/2160 1102/2381/1197 2103/2382/2195
f 2299/2383/2196 1102/2381/1197 2297/2384/2104
f 2621/2385/2197 2136/2386/2198 2619/1409/1382
f 2142/2387/2199 2137/2388/2200 2135/2389/2201
f 2134/2390/2202 2145/2391/1396 2144/2392/2203
f 2135/2389/2201 2144/2392/2203 2142/2387/2199
f 2597/1119/1118 2140/2393/2204 2141/2394/2205
f 2146/2395/2206 2141/2396/2205 2147/2397/1166
f 2149/2398/1396 2138/2399/2207 2148/2400/2208
f 2148/2400/2208 2139/2401/2209 2146/2395/2206
f 2142/2402/2199 1318/2403/1394 1317/2404/1393
f 2144/2405/2203 1316/1428/1370 1318/2403/1394
f 1317/2404/1393 2143/1427/1395 2142/2402/2199
f 2143/2406/1395 2136/2407/2198 2137/2388/2200
f 1080/2408/1164 2146/2409/2206 1079/2410/1165
f 1078/1189/1167 2148/2405/2208 1080/2408/1164
f 1079/2410/1165 2147/1188/1166 1077/1190/906
f 2140/2411/2204 2147/2397/1166 2141/2396/2205
f 2080/2282/2115 2162/2412/2210 2159/2413/2211
f 2077/2299/2132 2161/2414/2212 2120/2359/2176
f 2151/2415/2134 2266/2416/2213 2262/2417/2214
f 2158/2418/2121 2262/2417/2214 2259/2419/2215
f 2257/2420/2216 2152/2421/2125 2263/2422/2217
f 2255/2423/2218 2154/2424/2122 2257/2420/2216
f 2256/2425/2219 2158/2418/2121 2259/2419/2215
f 2080/2282/2115 2160/2302/2135 2067/2283/2116
f 2075/2426/2220 2302/2427/2221 2296/2294/2127
f 2290/2428/2222 2076/2429/2223 2284/2296/2129
f 2150/2430/2224 2077/2299/2132 2073/2290/2123
f 2256/2425/2219 2152/2421/2125 2153/2431/893
f 2176/2432/2225 2183/2433/2226 2169/2434/2227
f 2182/2435/2228 2174/2436/2229 2167/2437/2230
f 2173/2438/2231 2179/2439/2232 2165/2440/2233
f 2839/2441/2234 2164/2442/2235 2834/2443/2236
f 2838/2444/2237 2166/2445/2238 2837/2446/2239
f 2824/2447/2240 2168/2448/2241 2823/2449/2242
f 2838/2444/2237 2164/2450/2235 2172/2451/2243
f 2171/2452/2244 2173/2453/2231 2172/2454/2243
f 2174/2455/2229 2176/2456/2225 2175/2457/2245
f 2172/2454/2243 2163/2458/2246 2171/2452/2244
f 2175/2457/2245 2167/2459/2230 2174/2455/2229
f 2165/2460/2233 2172/2454/2243 2173/2453/2231
f 2169/2461/2227 2175/2457/2245 2176/2456/2225
f 2174/2436/2229 2188/2462/2247 2176/2432/2225
f 2181/2463/2248 2167/2437/2230 2168/2448/2241
f 2180/2464/2249 2165/2440/2233 2179/2439/2232
f 2169/2434/2227 2184/2465/2250 2170/2466/2251
f 2186/2467/2252 2171/2468/2244 2185/2469/2253
f 2163/2470/2246 2177/2471/2254 2178/2472/2255
f 2178/2472/2255 2171/2468/2244 2163/2470/2246
f 2219/2473/2256 2224/2474/2257 2230/2475/2258
f 2202/2432/2259 2209/2433/2260 2214/2462/2261
f 2200/2436/2262 2208/2435/2263 2193/2437/2264
f 2199/2438/2265 2205/2439/2266 2212/2467/2267
f 2190/2476/2268 2842/2477/2269 2836/2478/2270
f 2192/2445/2271 2841/2479/2272 2840/2446/2273
f 2218/2480/2274 2230/2475/2258 2223/2481/2275
f 2194/2448/2276 2829/2482/2277 2828/2483/2278
f 2841/2479/2272 2190/2450/2268 2836/2484/2270
f 2223/2481/2275 2238/2485/2279 2225/2486/2280
f 2222/2487/2281 2226/2488/2282 2221/2489/2283
f 2197/2452/2284 2198/2454/2285 2199/2453/2265
f 2200/2455/2262 2201/2457/2286 2202/2456/2259
f 2189/2458/2287 2198/2454/2285 2197/2452/2284
f 2193/2459/2264 2201/2457/2286 2200/2455/2262
f 2191/2460/2288 2198/2454/2285 2192/2445/2271
f 2195/2461/2289 2201/2457/2286 2196/2490/2290
f 2214/2462/2261 2200/2436/2262 2202/2432/2259
f 2207/2463/2291 2193/2437/2264 2208/2435/2263
f 2191/2440/2288 2206/2464/2292 2205/2439/2266
f 2210/2465/2293 2195/2434/2289 2196/2466/2290
f 2197/2468/2284 2212/2467/2267 2211/2469/2294
f 2189/2470/2287 2203/2471/2295 2190/2442/2268
f 2197/2468/2284 2204/2472/2296 2189/2470/2287
f 2827/2491/2297 2210/2465/2293 2832/2492/2298
f 2246/2493/2299 2240/2494/2300 2239/2495/2301
f 2188/2462/2247 2213/2496/2302 2214/2462/2261
f 2178/2472/2255 2203/2471/2295 2204/2472/2296
f 2183/2433/2226 2214/2462/2261 2209/2433/2260
f 2179/2439/2232 2212/2467/2267 2205/2439/2266
f 2183/2433/2226 2210/2465/2293 2184/2465/2250
f 2182/2435/2228 2207/2463/2291 2208/2435/2263
f 2178/2472/2255 2211/2469/2294 2185/2469/2253
f 2833/2497/2303 2206/2498/2292 2835/2499/2304
f 2186/2467/2252 2211/2469/2294 2212/2467/2267
f 2187/2496/2305 2208/2435/2263 2213/2496/2302
f 2179/2439/2232 2206/2464/2292 2180/2464/2249
f 2249/2500/2306 2246/2493/2299 2250/2501/2307
f 2252/2502/2308 2239/2495/2301 2241/2503/2309
f 2226/2488/2282 2232/2504/2310 2231/2505/2311
f 2217/2506/2312 2223/2481/2275 2225/2486/2280
f 2217/2507/2312 2227/2508/2313 2216/2509/2314
f 2230/2475/2258 2235/2510/2315 2223/2481/2275
f 2225/2511/2280 2234/2512/2316 2227/2508/2313
f 2253/2513/2317 2245/2514/2318 2254/2515/2319
f 2219/2516/2256 2218/2516/2274 2220/2516/2320
f 2216/2509/2314 2229/2517/2321 2215/2518/2322
f 2247/2519/2323 2242/2520/2324 2248/2521/2325
f 2231/2522/2311 2249/2500/2306 2233/2523/2326
f 2234/2524/2316 2254/2515/2319 2236/2525/2327
f 2238/2526/2279 2251/2527/2328 2252/2502/2308
f 2241/2503/2309 2240/2494/2300 2242/2520/2324
f 2222/2516/2281 2216/2516/2314 2215/2516/2322
f 2227/2508/2313 2236/2528/2327 2229/2517/2321
f 2243/2529/2329 2242/2520/2324 2244/2530/2330
f 2220/2531/2320 2226/2488/2282 2224/2474/2257
f 2248/2521/2325 2240/2494/2300 2249/2500/2306
f 2253/2513/2317 2241/2503/2309 2243/2529/2329
f 2228/2532/2331 2236/2528/2327 2232/2504/2310
f 2233/2523/2326 2250/2501/2307 2237/2533/2332
f 2234/2524/2316 2252/2502/2308 2253/2534/2317
f 2244/2530/2330 2245/2514/2318 2243/2529/2329
f 2232/2535/2310 2248/2521/2325 2231/2522/2311
f 2224/2474/2257 2231/2505/2311 2233/2536/2326
f 2216/2516/2314 2221/2516/2283 2217/2516/2312
f 2230/2475/2258 2233/2536/2326 2237/2537/2332
f 2251/2527/2328 2246/2493/2299 2239/2495/2301
f 2254/2515/2319 2244/2530/2330 2247/2519/2323
f 2236/2525/2327 2247/2519/2323 2232/2535/2310
f 2217/2516/2312 2220/2516/2320 2218/2516/2274
f 2215/2518/2322 2228/2532/2331 2222/2487/2281
f 2235/2538/2315 2250/2501/2307 2251/2527/2328
f 2372/2539/2333 2263/2422/2217 2256/2425/2219
f 2372/2539/2333 2259/2419/2215 2375/2540/2334
f 2371/2541/2335 2257/2420/2216 2373/2542/2336
f 2373/2542/2336 2263/2422/2217 2364/2543/2337
f 2259/2419/2215 2363/2544/2338 2375/2540/2334
f 2262/2417/2214 2367/2545/2339 2363/2544/2338
f 2159/2546/2211 2261/2547/2340 2260/2548/2341
f 2156/2549/2342 2267/2550/2343 2161/2551/2212
f 2159/2546/2211 2266/2416/2213 2160/2552/2135
f 2155/2553/2344 2303/2554/2345 2302/2427/2221
f 2291/2555/2346 2157/2556/2347 2290/2428/2222
f 2255/2423/2218 2156/2549/2342 2150/2557/2224
f 2275/2558/2348 1096/2285/2118 1097/2559/2349
f 2272/2560/2350 1097/2559/2349 2064/2561/2351
f 845/2562/2352 2276/2563/2353 2068/2564/2354
f 844/1210/1187 2270/2565/2355 845/2562/2352
f 1085/2566/2356 2272/2560/2350 2064/2561/2351
f 1085/2566/2356 2276/2563/2353 2269/2567/2357
f 2351/2568/2358 2274/2569/2359 2273/2284/2117
f 2357/2570/2360 2280/2362/2179 2360/2571/2361
f 2351/2568/2358 2279/2286/2119 2359/2572/2362
f 2349/2573/2363 2304/2264/2099 2353/2574/2364
f 2292/2261/2096 2358/2575/2365 2361/2576/2366
f 2268/1212/1189 2357/2570/2360 2346/2577/2367
f 2420/2578/2368 2361/2576/2366 2423/2579/2369
f 2419/2580/2370 2290/2428/2222 2418/2581/2371
f 2418/2581/2371 2284/2296/2129 2413/2582/2372
f 2416/2583/2373 2285/2584/1198 2288/2336/2160
f 2416/2583/2373 2283/2338/2152 2412/2585/2374
f 2415/2586/2375 2286/2335/2159 2421/2587/2376
f 2283/2328/2152 2417/2588/2377 2412/2589/2374
f 2289/2313/2143 2415/2586/2375 2417/2590/2377
f 2413/2582/2372 2803/2298/2131 2809/2591/2378
f 2410/2592/2379 2292/2261/2096 2420/2578/2368
f 2411/2593/2380 2285/1221/1198 2414/2594/2381
f 2353/2574/2364 2436/2595/2382 2438/2596/2383
f 2302/2427/2221 2435/2597/2384 2434/2598/2385
f 2296/2294/2127 2434/2598/2385 2428/2599/2386
f 2431/2600/2387 2297/2384/2104 2429/2601/2388
f 2086/2602/2141 2300/2603/2389 2095/2604/2390
f 2054/2326/2151 2301/2605/2391 2086/2606/2141
f 2300/2603/2389 1091/2607/2158 2095/2604/2390
f 2299/2383/2196 2054/2337/2151 2103/2382/2195
f 2804/2295/2128 2428/2599/2386 2810/2608/2392
f 2297/2269/2104 2426/2609/2393 2429/2610/2388
f 2304/2264/2099 2427/2611/2394 2436/2595/2382
f 2309/2612/2395 2395/2613/2396 2398/2614/2397
f 2805/2615/2398 2397/2616/2399 2808/2617/2400
f 2400/2376/2191 2309/2618/2395 2398/2619/2397
f 2397/2616/2399 2314/2620/2401 2403/2621/2402
f 2314/2620/2401 2404/2622/2403 2403/2621/2402
f 2405/2623/2404 2352/2624/2405 2408/2625/2406
f 2402/2626/2194 2132/2307/2138 2401/2378/2193
f 2311/2627/2407 2444/2628/2408 2445/2629/2409
f 2312/2630/2410 2454/2631/2411 2446/2632/2412
f 2444/2633/2408 2313/2634/2413 2447/2635/2414
f 2447/2636/2414 2312/2630/2410 2446/2632/2412
f 2382/2637/2415 2322/2638/2416 2385/2639/2417
f 2381/2640/2418 2328/2641/2419 2391/2642/2420
f 2384/2643/2421 2806/2644/2422 2807/2645/2423
f 2325/2646/2424 2386/2647/2425 2388/2648/2426
f 2320/2649/2427 2388/2650/2426 2383/2651/2428
f 2386/2647/2425 2317/2652/2429 2380/2653/2430
f 2387/2654/2431 2320/2655/2427 2383/2656/2428
f 2387/2654/2431 2322/2657/2416 2324/2658/2432
f 2384/2643/2421 2326/2659/2433 2321/2660/2434
f 2390/2661/2435 2326/2659/2433 2389/2662/2436
f 2391/2642/2420 2362/2663/2437 2393/2664/2438
f 2392/2665/2439 2370/2666/2440 2394/2667/2441
f 2344/2668/2442 2408/2625/2406 2407/2373/2188
f 2378/2669/2443 2437/2670/2444 2439/2671/2445
f 2422/2672/2446 2369/2673/2447 2424/2674/2448
f 2335/2675/2449 2365/2676/2450 2371/2541/2335
f 2342/2677/2451 2366/2678/2452 2369/2673/2447
f 2374/2679/2453 2343/2680/2454 2378/2669/2443
f 2376/2681/2455 2333/2682/2456 2367/2545/2339
f 2365/2676/2450 2334/2683/2457 2368/2684/2458
f 2376/2681/2455 2341/2685/2459 2340/2686/2460
f 2329/2687/2461 2359/2572/2362 2355/2688/2462
f 2339/2689/2463 2355/2688/2462 2350/2690/2464
f 2348/2691/2465 2330/2692/2466 2356/2693/2467
f 2346/2577/2367 2337/2694/2468 2348/2691/2465
f 2347/2695/2469 2339/2689/2463 2350/2690/2464
f 2347/2695/2469 2330/2692/2466 2336/2696/2470
f 2269/2567/2357 2356/2693/2467 2347/2695/2469
f 2269/2567/2357 2350/2690/2464 2272/2560/2350
f 2268/1212/1189 2348/2691/2465 2270/2565/2355
f 2270/2565/2355 2356/2693/2467 2276/2563/2353
f 2350/2690/2464 2275/2558/2348 2272/2560/2350
f 2355/2688/2462 2279/2286/2119 2275/2558/2348
f 2393/2664/2438 2345/2697/2471 2392/2665/2439
f 2315/2698/2472 2409/2374/2189 2404/2622/2403
f 2343/2680/2454 2438/2596/2383 2437/2670/2444
f 2423/2579/2369 2342/2677/2451 2422/2672/2446
f 2346/2577/2367 2331/2699/2473 2335/2675/2449
f 2361/2576/2366 2332/2700/2474 2342/2677/2451
f 2338/2701/2475 2353/2574/2364 2343/2680/2454
f 2340/2686/2460 2359/2572/2362 2333/2682/2456
f 2331/2699/2473 2360/2571/2361 2334/2683/2457
f 2340/2686/2460 2352/2624/2405 2351/2568/2358
f 2260/2548/2341 2377/2702/2476 2376/2681/2455
f 2264/2703/2477 2368/2684/2458 2267/2550/2343
f 2260/2548/2341 2367/2545/2339 2266/2416/2213
f 2258/2704/2478 2378/2669/2443 2303/2554/2345
f 2369/2673/2447 2265/2705/2479 2291/2555/2346
f 2371/2541/2335 2264/2703/2477 2255/2423/2218
f 2424/2674/2448 2291/2555/2346 2419/2580/2370
f 2303/2554/2345 2439/2671/2445 2435/2597/2384
f 2394/2667/2441 2327/2706/2480 2390/2661/2435
f 2363/2544/2338 2333/2682/2456 2329/2687/2461
f 2375/2540/2334 2329/2687/2461 2339/2689/2463
f 2337/2694/2468 2364/2543/2337 2330/2692/2466
f 2335/2675/2449 2373/2542/2336 2337/2694/2468
f 2336/2696/2470 2375/2540/2334 2339/2689/2463
f 2336/2696/2470 2364/2543/2337 2372/2539/2333
f 2316/2707/2481 2396/2708/2482 2405/2623/2404
f 2267/2550/2343 2394/2667/2441 2390/2661/2435
f 2334/2683/2457 2393/2664/2438 2392/2665/2439
f 2368/2684/2458 2392/2665/2439 2394/2667/2441
f 2360/2571/2361 2391/2642/2420 2393/2664/2438
f 2161/2709/2212 2390/2661/2435 2389/2662/2436
f 2120/2710/2176 2389/2662/2436 2384/2643/2421
f 2127/1971/1779 2385/2711/2417 2387/2654/2431
f 2127/1971/1779 2383/2656/2428 2093/2712/2185
f 2126/2343/2161 2380/2653/2430 2085/2713/2483
f 2383/2651/2428 2128/2714/2484 2093/2715/2185
f 2388/2648/2426 2126/2343/2161 2128/2716/2484
f 2120/2710/2176 2807/2645/2423 2801/2717/2177
f 2280/2362/2179 2381/2640/2418 2391/2642/2420
f 2119/2718/2485 2385/2639/2417 2121/2719/2180
f 2274/2569/2359 2396/2708/2482 2123/2367/2183
f 2261/2547/2340 2409/2374/2189 2377/2702/2476
f 2341/2685/2459 2408/2625/2406 2352/2624/2405
f 2313/2720/2413 2401/2378/2193 2312/2630/2410
f 2354/2721/2486 2405/2623/2404 2408/2625/2406
f 2162/2722/2210 2404/2622/2403 2261/2723/2340
f 2124/2724/2182 2403/2621/2402 2162/2722/2210
f 2130/2266/2101 2398/2619/2397 2125/2267/2102
f 2808/2617/2400 2124/2724/2182 2802/2725/2487
f 2398/2614/2397 2122/2726/2488 2125/2727/2102
f 2310/2728/2489 2402/2380/2194 2313/2634/2413
f 2401/2378/2193 2305/2729/2490 2312/2630/2410
f 2400/2376/2191 2310/2730/2489 2311/2627/2407
f 2377/2702/2476 2407/2373/2188 2341/2685/2459
f 2469/2731/2491 2419/2580/2370 2465/2732/2492
f 2468/2733/2493 2422/2734/2446 2467/2735/2494
f 2467/2735/2494 2424/2674/2448 2469/2731/2491
f 2457/2736/2495 2414/2594/2381 2460/2737/2496
f 2456/2738/2497 2420/2578/2368 2466/2739/2498
f 2459/2740/2499 2809/2591/2378 2812/2741/2500
f 2417/2590/2377 2461/2742/2501 2463/2743/2502
f 2412/2589/2374 2463/2744/2502 2458/2745/2503
f 2461/2742/2501 2421/2587/2376 2455/2746/2504
f 2462/2747/2505 2412/2585/2374 2458/2748/2503
f 2462/2747/2505 2414/2749/2381 2416/2583/2373
f 2464/2750/2506 2413/2582/2372 2459/2740/2499
f 2465/2732/2492 2418/2581/2371 2464/2750/2506
f 2466/2739/2498 2423/2579/2369 2468/2751/2493
f 2435/2597/2384 2453/2752/2507 2449/2753/2508
f 2437/2754/2444 2452/2755/2509 2451/2756/2510
f 2439/2671/2445 2451/2756/2510 2453/2752/2507
f 2301/2757/2391 2432/2758/2511 2300/2603/2389
f 2298/2759/2512 2433/2760/2513 2301/2605/2391
f 2432/2758/2511 2293/2761/2514 2300/2603/2389
f 2431/2600/2387 2298/2762/2512 2299/2383/2196
f 2436/2595/2382 2441/2763/2515 2450/2764/2516
f 2429/2610/2388 2440/2765/2517 2443/2766/2518
f 2810/2608/2392 2442/2767/2519 2811/2768/2520
f 2445/2629/2409 2429/2601/2388 2443/2769/2518
f 2428/2599/2386 2448/2770/2521 2442/2767/2519
f 2434/2598/2385 2449/2753/2508 2448/2770/2521
f 2438/2596/2383 2450/2764/2516 2452/2771/2509
f 2452/2771/2509 2316/2707/2481 2354/2721/2486
f 2448/2770/2521 2315/2698/2472 2314/2620/2401
f 2442/2767/2519 2314/2620/2401 2308/2772/2522
f 2311/2627/2407 2443/2769/2518 2309/2618/2395
f 2811/2768/2520 2308/2772/2522 2805/2615/2398
f 2443/2766/2518 2306/2773/2523 2309/2612/2395
f 2450/2764/2516 2307/2774/2524 2316/2707/2481
f 2453/2752/2507 2344/2668/2442 2379/2372/2187
f 2451/2756/2510 2354/2721/2486 2344/2668/2442
f 2449/2753/2508 2379/2372/2187 2315/2698/2472
f 2433/2775/2513 2446/2632/2412 2432/2758/2511
f 2430/2776/2525 2447/2635/2414 2433/2760/2513
f 2446/2632/2412 2425/2777/2526 2432/2758/2511
f 2445/2629/2409 2430/2778/2525 2431/2600/2387
f 2328/2641/2419 2468/2751/2493 2362/2663/2437
f 2327/2706/2480 2464/2750/2506 2326/2659/2433
f 2326/2659/2433 2459/2740/2499 2321/2660/2434
f 2324/2658/2432 2460/2779/2496 2462/2747/2505
f 2324/2658/2432 2458/2748/2503 2320/2655/2427
f 2323/2780/2527 2455/2746/2504 2317/2652/2429
f 2458/2781/2503 2325/2782/2424 2320/2649/2427
f 2463/2743/2502 2323/2780/2527 2325/2646/2424
f 2321/2660/2434 2812/2741/2500 2806/2644/2422
f 2318/2783/2528 2466/2739/2498 2328/2641/2419
f 2319/2784/2529 2460/2737/2496 2322/2638/2416
f 2345/2697/2471 2469/2731/2491 2370/2666/2440
f 2362/2663/2437 2467/2735/2494 2345/2697/2471
f 2370/2666/2440 2465/2732/2492 2327/2706/2480
f 2483/2432/2530 2490/2433/2531 2495/2462/2532
f 2481/2436/2533 2489/2435/2534 2474/2437/2535
f 2480/2438/2536 2486/2439/2537 2493/2467/2538
f 2471/2442/2539 2819/2441/2540 2814/2443/2541
f 2473/2445/2542 2818/2444/2543 2817/2446/2544
f 2475/2448/2545 2781/2447/2546 2780/2449/2547
f 2818/2444/2543 2471/2450/2539 2814/2484/2541
f 2478/2452/2548 2479/2454/2549 2480/2453/2536
f 2481/2455/2533 2482/2457/2550 2483/2456/2530
f 2470/2458/2551 2479/2454/2549 2478/2452/2548
f 2474/2459/2535 2482/2457/2550 2481/2455/2533
f 2472/2460/2552 2479/2454/2549 2473/2445/2542
f 2476/2461/2553 2482/2457/2550 2477/2490/2554
f 2495/2462/2532 2481/2436/2533 2483/2432/2530
f 2488/2463/2555 2474/2437/2535 2489/2435/2534
f 2472/2440/2552 2487/2464/2556 2486/2439/2537
f 2491/2465/2557 2476/2434/2553 2477/2466/2554
f 2478/2468/2548 2493/2467/2538 2492/2469/2558
f 2470/2470/2551 2484/2471/2559 2471/2442/2539
f 2478/2468/2548 2485/2472/2560 2470/2470/2551
f 2509/2432/2561 2516/2433/2562 2502/2434/2563
f 2515/2435/2564 2507/2436/2565 2500/2437/2566
f 2506/2438/2567 2512/2439/2568 2498/2440/2569
f 2822/2477/2570 2497/2476/2571 2816/2478/2572
f 2821/2479/2573 2499/2445/2574 2820/2446/2575
f 2786/2482/2576 2501/2448/2577 2785/2483/2578
f 2821/2479/2573 2497/2450/2571 2505/2785/2579
f 2504/2452/2580 2506/2453/2567 2505/2454/2579
f 2507/2455/2565 2509/2456/2561 2508/2457/2581
f 2505/2454/2579 2496/2458/2582 2504/2452/2580
f 2508/2457/2581 2500/2459/2566 2507/2455/2565
f 2498/2460/2569 2505/2454/2579 2506/2453/2567
f 2502/2461/2563 2508/2457/2581 2509/2456/2561
f 2507/2436/2565 2521/2462/2583 2509/2432/2561
f 2514/2463/2584 2500/2437/2566 2501/2448/2577
f 2513/2464/2585 2498/2440/2569 2512/2439/2568
f 2502/2434/2563 2517/2465/2586 2503/2466/2587
f 2519/2467/2588 2504/2468/2580 2518/2469/2589
f 2496/2470/2582 2510/2471/2590 2511/2472/2591
f 2511/2472/2591 2504/2468/2580 2496/2470/2582
f 2784/2491/2592 2517/2465/2586 2491/2465/2557
f 2495/2462/2532 2520/2496/2593 2494/2496/2594
f 2485/2472/2560 2510/2471/2590 2484/2471/2559
f 2490/2433/2531 2521/2462/2583 2495/2462/2532
f 2486/2439/2537 2519/2467/2588 2493/2467/2538
f 2517/2465/2586 2490/2433/2531 2491/2465/2557
f 2489/2435/2534 2514/2463/2584 2488/2463/2555
f 2518/2469/2589 2485/2472/2560 2492/2469/2558
f 2813/2497/2595 2513/2498/2585 2487/2786/2556
f 2493/2467/2538 2518/2469/2589 2492/2469/2558
f 2494/2496/2594 2515/2435/2564 2489/2435/2534
f 2513/2464/2585 2486/2439/2537 2487/2464/2556
f 2535/2432/2596 2542/2433/2597 2547/2462/2598
f 2533/2436/2599 2541/2435/2600 2526/2437/2601
f 2532/2438/2602 2538/2439/2603 2545/2467/2604
f 2529/2466/2605 2623/2787/2606 2543/2465/2607
f 2527/2788/2608 2629/2789/2609 2534/2457/2610
f 2525/2790/2611 2632/2791/2612 2539/2786/2613
f 2629/2789/2609 2529/2490/2605 2534/2457/2610
f 2530/2452/2614 2531/2454/2615 2532/2453/2602
f 2533/2455/2599 2534/2457/2610 2535/2456/2596
f 2522/2458/2616 2531/2454/2615 2530/2452/2614
f 2526/2459/2601 2534/2457/2610 2533/2455/2599
f 2524/2460/2617 2531/2454/2615 2525/2445/2611
f 2528/2461/2618 2534/2457/2610 2529/2490/2605
f 2547/2462/2598 2533/2436/2599 2535/2432/2596
f 2540/2463/2619 2526/2437/2601 2541/2435/2600
f 2524/2440/2617 2539/2464/2613 2538/2439/2603
f 2543/2465/2607 2528/2434/2618 2529/2466/2605
f 2530/2468/2614 2545/2467/2604 2544/2469/2620
f 2522/2470/2616 2536/2471/2621 2523/2442/2622
f 2530/2468/2614 2537/2472/2623 2522/2470/2616
f 2578/2516/2624 2579/2516/2625 2577/2516/2626
f 2561/2432/2627 2568/2433/2628 2554/2434/2629
f 2567/2435/2630 2559/2436/2631 2552/2437/2632
f 2558/2438/2633 2564/2439/2634 2550/2440/2635
f 2555/2466/2636 2628/2792/2637 2631/2793/2638
f 2553/2788/2639 2624/2794/2640 2630/2795/2641
f 2589/2475/2642 2592/2536/2643 2583/2474/2644
f 2551/2796/2645 2637/2797/2646 2638/2798/2647
f 2555/2490/2636 2624/2794/2640 2560/2457/2648
f 2585/2488/2649 2591/2504/2650 2587/2532/2651
f 2576/2516/2652 2579/2516/2625 2580/2516/2653
f 2556/2452/2654 2558/2453/2633 2557/2454/2655
f 2559/2455/2631 2561/2456/2627 2560/2457/2648
f 2557/2454/2655 2548/2458/2656 2556/2452/2654
f 2560/2457/2648 2552/2459/2632 2559/2455/2631
f 2550/2460/2635 2557/2454/2655 2558/2453/2633
f 2554/2461/2629 2560/2457/2648 2561/2456/2627
f 2559/2436/2631 2573/2462/2657 2561/2432/2627
f 2566/2463/2658 2552/2437/2632 2553/2448/2639
f 2565/2464/2659 2550/2440/2635 2564/2439/2634
f 2554/2434/2629 2569/2465/2660 2555/2466/2636
f 2571/2467/2661 2556/2468/2654 2570/2469/2662
f 2548/2470/2656 2562/2471/2663 2563/2472/2664
f 2563/2472/2664 2556/2468/2654 2548/2470/2656
f 2536/2799/2621 2634/2800/2665 2639/2801/2666
f 2593/2512/2667 2584/2511/2668 2586/2508/2669
f 2547/2462/2598 2572/2496/2670 2546/2496/2671
f 2563/2472/2664 2536/2471/2621 2537/2472/2623
f 2542/2433/2597 2573/2462/2657 2547/2462/2598
f 2538/2439/2603 2571/2467/2661 2545/2467/2604
f 2569/2465/2660 2542/2433/2597 2543/2465/2607
f 2541/2435/2600 2566/2463/2658 2540/2463/2619
f 2570/2469/2662 2537/2472/2623 2544/2469/2620
f 2540/2463/2619 2627/2802/2672 2622/2803/2673
f 2545/2467/2604 2570/2469/2662 2544/2469/2620
f 2546/2496/2671 2567/2435/2630 2541/2435/2600
f 2565/2464/2659 2538/2439/2603 2539/2464/2613
f 2581/2516/2674 2574/2516/2675 2575/2516/2676
f 2575/2516/2676 2580/2516/2653 2581/2516/2674
f 2594/2510/2677 2589/2475/2642 2582/2481/2678
f 2588/2517/2679 2575/2509/2676 2574/2518/2675
f 2581/2487/2674 2588/2517/2679 2574/2518/2675
f 2583/2474/2644 2580/2489/2653 2579/2531/2625
f 2577/2480/2626 2589/2475/2642 2578/2473/2624
f 2586/2508/2669 2576/2507/2652 2575/2509/2676
f 2580/2489/2653 2587/2532/2651 2581/2487/2674
f 2589/2475/2642 2579/2531/2625 2578/2473/2624
f 2576/2506/2652 2582/2481/2678 2577/2480/2626
f 2605/2520/2680 2610/2519/2681 2611/2521/2682
f 2609/2493/2683 2612/2500/2684 2613/2501/2685
f 2615/2502/2686 2602/2495/2687 2614/2527/2688
f 2608/2514/2689 2616/2513/2690 2617/2515/2691
f 2599/2485/2692 2582/2481/2678 2584/2486/2668
f 2595/2528/2693 2586/2508/2669 2588/2517/2679
f 2587/2532/2651 2595/2528/2693 2588/2517/2679
f 2583/2474/2644 2590/2505/2694 2585/2488/2649
f 2139/2804/2209 2601/1118/1117 2598/1112/1111
f 2138/2805/2207 2600/2806/2695 2601/1118/1117
f 2598/1112/1111 2141/2394/2205 2139/2804/2209
f 1026/1116/1115 2597/1119/1118 1024/1117/1116
f 2609/2493/2683 2602/2495/2687 2603/2494/2696
f 2604/2503/2697 2603/2494/2696 2602/2495/2687
f 2607/2530/2698 2606/2529/2699 2608/2514/2689
f 2606/2529/2699 2605/2520/2680 2604/2503/2697
f 2607/2530/2698 2617/2515/2691 2610/2519/2681
f 2603/2494/2696 2611/2521/2682 2612/2500/2684
f 2614/2527/2688 2609/2493/2683 2613/2501/2685
f 2616/2513/2690 2604/2503/2697 2615/2502/2686
f 2593/2524/2667 2615/2502/2686 2599/2526/2692
f 2594/2538/2677 2613/2501/2685 2596/2533/2700
f 2612/2500/2684 2590/2522/2694 2592/2523/2643
f 2610/2519/2681 2595/2525/2693 2591/2535/2650
f 2617/2515/2691 2593/2524/2667 2595/2525/2693
f 2599/2526/2692 2614/2527/2688 2594/2538/2677
f 2613/2501/2685 2592/2523/2643 2596/2533/2700
f 2611/2521/2682 2591/2535/2650 2590/2522/2694
f 2621/2385/2197 1306/1407/1380 1304/1410/1383
f 2137/2807/2200 2620/1403/1376 2135/2808/2201
f 2134/2809/2202 2619/1409/1382 2136/2386/2198
f 2135/2808/2201 2618/1405/1378 2134/2809/2202
f 2630/2795/2641 2635/2810/2701 2638/2811/2647
f 2622/2803/2673 2527/2448/2608 2540/2463/2619
f 2627/2802/2672 2632/2791/2612 2622/2803/2673
f 2629/2789/2609 2636/2812/2702 2626/2813/2703
f 2626/2814/2703 2639/2801/2666 2623/2787/2606
f 2628/2792/2637 2543/2465/2607 2623/2787/2606
f 2631/2793/2638 2634/2800/2665 2641/2815/2704
f 2627/2802/2672 2553/2448/2639 2630/2816/2641
f 2625/2817/2705 2640/2818/2706 2629/2789/2609
f 2624/2794/2640 2641/2819/2704 2635/2810/2701
f 2635/2810/2701 2549/2450/2707 2557/2785/2655
f 2633/2820/2708 2622/2803/2673 2632/2791/2612
f 2640/2818/2706 2523/2450/2622 2636/2812/2702
f 2634/2800/2665 2549/2476/2707 2641/2815/2704
f 2638/2811/2647 2557/2785/2655 2551/2445/2645
f 2639/2801/2666 2523/2442/2622 2536/2799/2621
f 2639/2801/2666 2628/2792/2637 2623/2787/2606
f 2633/2821/2708 2531/2451/2615 2640/2818/2706
f 2638/2798/2647 2627/2802/2672 2630/2816/2641
f 2637/2797/2646 2539/2786/2613 2632/2791/2612
f 2655/2432/2709 2662/2433/2710 2648/2434/2711
f 2661/2435/2712 2653/2436/2713 2646/2437/2714
f 2652/2438/2715 2658/2439/2716 2644/2440/2717
f 2649/2466/2718 2735/2787/2719 2738/2814/2720
f 2647/2788/2721 2741/2789/2722 2737/2817/2723
f 2645/2790/2724 2744/2791/2725 2745/2820/2726
f 2649/2490/2718 2741/2789/2722 2654/2457/2727
f 2650/2452/2728 2652/2453/2715 2651/2454/2729
f 2653/2455/2713 2655/2456/2709 2654/2457/2727
f 2651/2454/2729 2642/2458/2730 2650/2452/2728
f 2654/2457/2727 2646/2459/2714 2653/2455/2713
f 2644/2460/2717 2651/2454/2729 2652/2453/2715
f 2648/2461/2711 2654/2457/2727 2655/2456/2709
f 2653/2436/2713 2667/2462/2731 2655/2432/2709
f 2660/2463/2732 2646/2437/2714 2647/2448/2721
f 2659/2464/2733 2644/2440/2717 2658/2439/2716
f 2648/2434/2711 2663/2465/2734 2649/2466/2718
f 2665/2467/2735 2650/2468/2728 2664/2469/2736
f 2642/2470/2730 2656/2471/2737 2657/2472/2738
f 2657/2472/2738 2650/2468/2728 2642/2470/2730
f 2698/2516/2739 2697/2516/2740 2699/2516/2741
f 2681/2432/2742 2688/2433/2743 2693/2462/2744
f 2679/2436/2745 2687/2435/2746 2672/2437/2747
f 2678/2438/2748 2684/2439/2749 2691/2467/2750
f 2675/2466/2751 2740/2792/2752 2689/2465/2753
f 2673/2788/2754 2736/2794/2755 2680/2457/2756
f 2709/2475/2757 2712/2536/2758 2716/2537/2759
f 2671/2796/2760 2749/2797/2761 2685/2498/2762
f 2736/2794/2755 2675/2490/2751 2680/2457/2756
f 2705/2488/2763 2711/2504/2764 2710/2505/2765
f 2696/2516/2766 2699/2516/2741 2697/2516/2740
f 2676/2452/2767 2677/2454/2768 2678/2453/2748
f 2679/2455/2745 2680/2457/2756 2681/2456/2742
f 2668/2458/2769 2677/2454/2768 2676/2452/2767
f 2672/2459/2747 2680/2457/2756 2679/2455/2745
f 2670/2460/2770 2677/2454/2768 2671/2445/2760
f 2674/2461/2771 2680/2457/2756 2675/2490/2751
f 2693/2462/2744 2679/2436/2745 2681/2432/2742
f 2686/2463/2772 2672/2437/2747 2687/2435/2746
f 2670/2440/2770 2685/2464/2762 2684/2439/2749
f 2689/2465/2753 2674/2434/2771 2675/2466/2751
f 2676/2468/2767 2691/2467/2750 2690/2469/2773
f 2668/2470/2769 2682/2471/2774 2669/2442/2775
f 2676/2468/2767 2683/2472/2776 2668/2470/2769
f 2656/2799/2737 2746/2800/2777 2682/2822/2774
f 2704/2511/2778 2713/2512/2779 2706/2508/2780
f 2667/2462/2731 2692/2496/2781 2693/2462/2744
f 2656/2471/2737 2683/2472/2776 2657/2472/2738
f 2662/2433/2710 2693/2462/2744 2688/2433/2743
f 2658/2439/2716 2691/2467/2750 2684/2439/2749
f 2662/2433/2710 2689/2465/2753 2663/2465/2734
f 2661/2435/2712 2686/2463/2772 2687/2435/2746
f 2657/2472/2738 2690/2469/2773 2664/2469/2736
f 2660/2463/2732 2739/2802/2782 2686/2463/2772
f 2665/2467/2735 2690/2469/2773 2691/2467/2750
f 2666/2496/2783 2687/2435/2746 2692/2496/2781
f 2658/2439/2716 2685/2464/2762 2659/2464/2733
f 2701/2516/2784 2695/2516/2785 2694/2516/2786
f 2695/2516/2785 2700/2516/2787 2696/2516/2766
f 2709/2475/2757 2714/2510/2788 2702/2481/2789
f 2695/2509/2785 2708/2517/2790 2694/2518/2786
f 2701/2487/2784 2708/2517/2790 2707/2532/2791
f 2700/2489/2787 2703/2474/2792 2699/2531/2741
f 2697/2480/2740 2709/2475/2757 2702/2481/2789
f 2696/2507/2766 2706/2508/2780 2695/2509/2785
f 2700/2489/2787 2707/2532/2791 2705/2488/2763
f 2699/2531/2741 2709/2475/2757 2698/2473/2739
f 2696/2506/2766 2702/2481/2789 2704/2486/2778
f 2726/2519/2793 2721/2520/2794 2727/2521/2795
f 2728/2500/2796 2725/2493/2797 2729/2501/2798
f 2731/2502/2799 2718/2495/2800 2720/2503/2801
f 2732/2513/2802 2724/2514/2803 2733/2515/2804
f 2702/2481/2789 2717/2485/2805 2704/2486/2778
f 2706/2508/2780 2715/2528/2806 2708/2517/2790
f 2707/2532/2791 2715/2528/2806 2711/2504/2764
f 2703/2474/2792 2710/2505/2765 2712/2536/2758
f 2725/2493/2797 2719/2494/2807 2718/2495/2800
f 2720/2503/2801 2719/2494/2807 2721/2520/2794
f 2723/2530/2808 2724/2514/2803 2722/2529/2809
f 2722/2529/2809 2721/2520/2794 2723/2530/2808
f 2733/2515/2804 2723/2530/2808 2726/2519/2793
f 2727/2521/2795 2719/2494/2807 2728/2500/2796
f 2730/2527/2810 2725/2493/2797 2718/2495/2800
f 2732/2513/2802 2720/2503/2801 2722/2529/2809
f 2713/2524/2779 2731/2502/2799 2732/2534/2802
f 2714/2538/2788 2729/2501/2798 2730/2527/2810
f 2710/2522/2765 2728/2500/2796 2712/2523/2758
f 2715/2525/2806 2726/2519/2793 2711/2535/2764
f 2713/2524/2779 2733/2515/2804 2715/2525/2806
f 2717/2526/2805 2730/2527/2810 2731/2502/2799
f 2712/2523/2758 2729/2501/2798 2716/2533/2759
f 2711/2535/2764 2727/2521/2795 2710/2522/2765
f 2742/2795/2811 2747/2810/2812 2736/2794/2755
f 2734/2803/2813 2647/2448/2721 2737/2823/2723
f 2744/2791/2725 2739/2802/2782 2734/2803/2813
f 2748/2812/2814 2741/2789/2722 2738/2813/2720
f 2751/2801/2815 2738/2814/2720 2735/2787/2719
f 2663/2465/2734 2740/2792/2752 2735/2787/2719
f 2743/2793/2816 2746/2800/2777 2740/2792/2752
f 2673/2448/2754 2739/2802/2782 2742/2816/2811
f 2752/2818/2817 2737/2817/2723 2741/2789/2722
f 2736/2794/2755 2753/2819/2818 2743/2824/2816
f 2747/2810/2812 2669/2450/2775 2753/2819/2818
f 2734/2803/2813 2745/2820/2726 2744/2791/2725
f 2643/2450/2819 2752/2818/2817 2748/2812/2814
f 2669/2476/2775 2746/2800/2777 2753/2815/2818
f 2750/2811/2820 2677/2785/2768 2747/2810/2812
f 2751/2801/2815 2643/2442/2819 2748/2825/2814
f 2751/2801/2815 2740/2792/2752 2746/2800/2777
f 2651/2451/2729 2745/2821/2726 2752/2818/2817
f 2750/2798/2820 2739/2802/2782 2749/2797/2761
f 2659/2786/2733 2749/2797/2761 2744/2791/2725
f 2769/2177/2821 2766/2179/2822 2759/2178/2823
f 2765/2180/2824 2761/2182/2825 2763/2181/2826
f 2762/2183/2827 2756/2185/2828 2764/2184/2829
f 2767/2186/2830 2768/2188/2831 2757/2187/2832
f 2772/2189/2833 2761/2182/2825 2765/2180/2824
f 2769/2177/2821 2757/2187/2832 2768/2188/2831
f 2762/2183/2827 2758/2191/2834 2754/2192/2835
f 2760/2193/2836 2763/2181/2826 2755/2194/2837
f 2758/2191/2834 2767/2186/2830 2754/2192/2835
f 2760/2193/2836 2766/2179/2822 2769/2177/2821
f 2775/2195/2838 2770/2197/2839 2771/2196/2840
f 2771/2196/2840 2770/2190/2839 2772/2189/2833
f 2756/2185/2828 2775/2195/2838 2764/2184/2829
f 2777/2198/2841 2774/2199/2842 2773/2202/2843
f 2779/2201/2844 2773/2202/2843 2776/2826/2845
f 2775/2195/2838 2777/2198/2841 2779/2201/2844
f 2771/2196/2840 2778/2200/2846 2777/2198/2841
f 2001/2177/2037 2768/2188/2831 2000/2188/2048
f 2007/2195/2055 2779/2201/2844 2011/2201/2060
f 1997/2180/2040 2772/2189/2833 2765/2180/2824
f 2006/2199/2058 2773/2202/2843 2774/2199/2842
f 1991/2178/2038 2757/2187/2832 2759/2178/2823
f 1999/2186/2046 2754/2192/2835 2767/2186/2830
f 2005/2202/2061 2776/2826/2845 2773/2202/2843
f 1988/2185/2045 2762/2183/2827 1994/2183/2043
f 2004/2189/2049 2778/2200/2846 2772/2189/2833
f 1994/2183/2043 2754/2192/2835 1986/2192/2052
f 1997/2180/2040 2760/2193/2836 1992/2193/2053
f 1989/2187/2047 2767/2186/2830 2757/2187/2832
f 2008/2826/2847 2779/2201/2844 2776/2826/2845
f 1995/2181/2041 2755/2194/2837 2763/2181/2826
f 1998/2179/2039 2755/2194/2837 1987/2194/2054
f 2007/2195/2055 2764/2184/2829 2775/2195/2838
f 2006/2199/2058 2778/2200/2846 2010/2200/2059
f 1991/2178/2038 2766/2179/2822 1998/2179/2039
f 1993/2182/2042 2770/2190/2839 2002/2190/2050
f 1993/2182/2042 2763/2181/2826 2761/2182/2825
f 2000/2188/2048 2758/2191/2834 1990/2191/2051
f 2002/2827/2050 2756/2185/2828 1988/2185/2045
f 1996/2184/2044 2758/2191/2834 2764/2184/2829
f 2001/2177/2037 2760/2193/2836 2769/2177/2821
f 2514/2463/2584 2781/2447/2546 2488/2463/2555
f 2819/2441/2540 2789/2492/2848 2784/2491/2592
f 2503/2490/2587 2787/2828/2849 2508/2457/2581
f 2815/2499/2850 2785/2483/2578 2820/2829/2575
f 2501/2788/2577 2787/2828/2849 2785/2830/2578
f 2503/2466/2587 2789/2492/2848 2788/2831/2851
f 2782/2832/2852 2477/2490/2554 2482/2457/2550
f 2780/2449/2547 2813/2497/2595 2817/2833/2544
f 2475/2788/2545 2782/2832/2852 2482/2457/2550
f 2477/2466/2554 2784/2491/2592 2491/2465/2557
f 2806/2644/2422 2457/2736/2495 2319/2784/2529
f 2440/2765/2517 2805/2615/2398 2306/2773/2523
f 2426/2609/2393 2811/2768/2520 2440/2765/2517
f 2812/2741/2500 2411/2593/2380 2457/2736/2495
f 2395/2613/2396 2802/2725/2487 2122/2726/2488
f 2801/2717/2177 2382/2637/2415 2119/2718/2485
f 2807/2645/2423 2319/2784/2529 2382/2637/2415
f 2306/2773/2523 2808/2617/2400 2395/2613/2396
f 2294/2268/2103 2810/2608/2392 2426/2609/2393
f 2809/2591/2378 2282/1219/1196 2411/2593/2380
f 2072/2281/2114 2802/2834/2487 2791/2364/2181
f 2062/2279/2113 2801/2360/2177 2119/2835/2485
f 1100/1205/1182 2797/2300/2133 2062/2279/2113
f 2803/2298/2131 2061/2836/2853 2282/1219/1196
f 2061/2836/2853 2804/2295/2128 2294/2268/2103
f 2060/1217/1194 2791/2364/2181 2792/1203/1180
f 2071/862/895 2798/2270/2105 2799/2275/2110
f 2071/862/895 2795/1209/1186 2078/2287/2120
f 2073/2290/2123 2793/2272/2107 2063/2291/2124
f 2079/861/894 2793/2272/2107 2798/2270/2105
f 2078/2287/2120 2794/1204/1181 2074/2837/2854
f 2794/1204/1181 2067/2283/2116 2074/2837/2854
f 2817/2833/2544 2487/2786/2556 2473/2790/2542
f 2513/2498/2585 2820/2829/2575 2499/2796/2574
f 2510/2822/2590 2819/2441/2540 2484/2799/2559
f 2786/2482/2576 2813/2497/2595 2781/2447/2546
f 2788/2838/2851 2821/2479/2573 2787/2828/2849
f 2787/2828/2849 2820/2446/2575 2785/2830/2578
f 2789/2492/2848 2816/2478/2572 2788/2831/2851
f 2818/2444/2543 2783/2838/2855 2782/2832/2852
f 2817/2446/2544 2782/2832/2852 2780/2830/2547
f 2814/2443/2541 2784/2491/2592 2783/2839/2855
f 2824/2447/2240 2207/2463/2291 2181/2463/2248
f 2839/2441/2234 2832/2492/2298 2842/2477/2269
f 2830/2828/2856 2196/2490/2290 2201/2457/2286
f 2828/2483/2278 2835/2499/2304 2840/2829/2273
f 2194/2788/2276 2830/2828/2856 2201/2457/2286
f 2196/2466/2290 2832/2492/2298 2210/2465/2293
f 2170/2490/2251 2825/2832/2857 2175/2457/2245
f 2833/2497/2303 2823/2449/2242 2837/2833/2239
f 2168/2788/2241 2825/2832/2857 2823/2830/2242
f 2170/2466/2251 2827/2491/2297 2826/2839/2858
f 2180/2786/2249 2837/2833/2239 2166/2790/2238
f 2840/2829/2273 2206/2498/2292 2192/2796/2271
f 2839/2441/2234 2203/2822/2295 2177/2799/2254
f 2833/2497/2303 2829/2482/2277 2824/2447/2240
f 2841/2479/2272 2831/2838/2859 2830/2828/2856
f 2840/2446/2273 2830/2828/2856 2828/2830/2278
f 2836/2478/2270 2832/2492/2298 2831/2831/2859
f 2826/2838/2858 2838/2444/2237 2825/2832/2857
f 2825/2832/2857 2837/2446/2239 2823/2830/2242
f 2827/2491/2297 2834/2443/2236 2826/2839/2858
f 2863/2524/2860 2845/2502/2861 2844/2534/2862
f 2856/2503/2863 2857/2494/2864 2855/2520/2865
f 2869/2532/2866 2861/2528/2867 2865/2504/2868
f 2866/2522/2869 2848/2500/2870 2864/2523/2871
f 2873/2474/2872 2866/2505/2869 2864/2536/2871
f 2864/2523/2871 2847/2501/2873 2860/2533/2874
f 2863/2524/2860 2843/2515/2875 2861/2525/2867
f 2853/2530/2876 2852/2514/2877 2854/2529/2878
f 2865/2535/2868 2849/2521/2879 2866/2522/2869
f 2859/2526/2880 2846/2527/2881 2845/2502/2861
f 2849/2521/2879 2857/2494/2864 2848/2500/2870
f 2844/2513/2862 2856/2503/2863 2854/2529/2878
f 2861/2525/2867 2850/2519/2882 2865/2535/2868
f 2843/2515/2875 2853/2530/2876 2850/2519/2882
f 2846/2527/2881 2851/2493/2883 2858/2495/2884
f 2862/2538/2885 2847/2501/2873 2846/2527/2881
f 2880/2516/2886 2877/2516/2887 2879/2516/2888
f 2881/2516/2889 2876/2516/2890 2880/2516/2886
f 2875/2487/2891 2868/2517/2892 2869/2532/2866
f 2867/2475/2893 2864/2536/2871 2860/2537/2874
f 2854/2529/2878 2855/2520/2865 2853/2530/2876
f 2870/2508/2894 2861/2528/2867 2868/2517/2892
f 2874/2481/2895 2859/2485/2880 2872/2486/2896
f 2851/2493/2883 2857/2494/2864 2858/2495/2884
f 2876/2489/2890 2873/2474/2872 2877/2531/2887
f 2879/2480/2888 2867/2475/2893 2874/2481/2895
f 2871/2488/2897 2865/2504/2868 2866/2505/2869
f 2875/2516/2891 2881/2516/2889 2882/2516/2898
f 2878/2516/2899 2879/2516/2888 2877/2516/2887
f 2867/2475/2893 2862/2510/2885 2874/2481/2895
f 2881/2509/2889 2868/2517/2892 2882/2518/2898
f 2872/2511/2896 2863/2512/2860 2870/2508/2894
f 2877/2531/2887 2867/2475/2893 2878/2473/2899
f 2850/2519/2882 2855/2520/2865 2849/2521/2879
f 2876/2489/2890 2869/2532/2866 2871/2488/2897
f 2844/2513/2862 2852/2514/2877 2843/2515/2875
f 2845/2502/2861 2858/2495/2884 2856/2503/2863
f 2880/2507/2886 2870/2508/2894 2881/2509/2889
f 2848/2500/2870 2851/2493/2883 2847/2501/2873
f 2880/2506/2886 2874/2481/2895 2872/2486/2896
f 2903/2524/2900 2885/2502/2901 2899/2526/2902
f 2896/2503/2903 2897/2494/2904 2898/2495/2905
f 2909/2532/2906 2901/2528/2907 2908/2517/2908
f 2888/2500/2909 2906/2522/2910 2904/2523/2911
f 2913/2474/2912 2906/2505/2910 2911/2488/2913
f 2887/2501/2914 2904/2523/2911 2900/2533/2915
f 2883/2515/2916 2903/2524/2900 2901/2525/2907
f 2893/2530/2917 2894/2529/2918 2892/2514/2919
f 2889/2521/2920 2905/2535/2921 2906/2522/2910
f 2899/2526/2902 2886/2527/2922 2902/2538/2923
f 2897/2494/2904 2889/2521/2920 2888/2500/2909
f 2884/2513/2924 2896/2503/2903 2885/2502/2901
f 2890/2519/2925 2901/2525/2907 2905/2535/2921
f 2893/2530/2917 2883/2515/2916 2890/2519/2925
f 2886/2527/2922 2891/2493/2926 2887/2501/2914
f 2902/2538/2923 2887/2501/2914 2900/2533/2915
f 2920/2516/2927 2917/2516/2928 2916/2516/2929
f 2921/2516/2930 2916/2516/2929 2915/2516/2931
f 2915/2487/2931 2908/2517/2908 2922/2518/2932
f 2907/2475/2933 2904/2536/2911 2913/2474/2912
f 2894/2529/2918 2895/2520/2934 2896/2503/2903
f 2901/2528/2907 2910/2508/2935 2908/2517/2908
f 2899/2485/2902 2914/2481/2936 2912/2486/2937
f 2891/2493/2926 2898/2495/2905 2897/2494/2904
f 2913/2474/2912 2916/2489/2929 2917/2531/2928
f 2919/2480/2938 2907/2475/2933 2918/2473/2939
f 2911/2488/2913 2905/2504/2921 2909/2532/2906
f 2915/2516/2931 2922/2516/2932 2921/2516/2930
f 2918/2516/2939 2917/2516/2928 2919/2516/2938
f 2902/2510/2923 2907/2475/2933 2914/2481/2936
f 2908/2517/2908 2921/2509/2930 2922/2518/2932
f 2903/2512/2900 2912/2511/2937 2910/2508/2935
f 2907/2475/2933 2917/2531/2928 2918/2473/2939
f 2895/2520/2934 2890/2519/2925 2889/2521/2920
f 2916/2489/2929 2909/2532/2906 2915/2487/2931
f 2892/2514/2919 2884/2513/2924 2883/2515/2916
f 2885/2502/2901 2898/2495/2905 2886/2527/2922
f 2910/2508/2935 2920/2507/2927 2921/2509/2930
f 2891/2493/2926 2888/2500/2909 2887/2501/2914
f 2920/2506/2927 2914/2481/2936 2919/2480/2938
f 3102/1434/2940 3083/1433/2941 3094/1435/2942
f 3086/1436/2943 3103/1437/2944 3082/1460/2945
f 3087/1439/2946 3095/1438/2947 3086/1436/2943
f 3099/1442/2948 3085/1441/2949 3090/1443/2950
f 3088/1444/2951 3105/1445/2952 3084/1449/2953
f 3106/1447/2954 3094/1435/2942 3085/1448/2949
f 3084/1449/2953 3107/1450/2955 3093/1458/2956
f 3098/1452/2957 3087/1451/2946 3089/1453/2958
f 3092/1454/2959 3097/1446/2960 3088/1444/2951
f 3100/1456/2961 3089/1453/2958 3091/1457/2962
f 3107/1450/2955 3090/1443/2950 3093/1458/2956
f 3104/1459/2963 3091/1457/2962 3083/1433/2941
f 3082/1460/2945 3101/1455/2964 3092/1454/2959
f 2961/1461/2965 2955/1462/2966 2962/1476/2967
f 2960/1464/2968 2956/1463/2969 2961/1461/2965
f 2958/1466/2970 2960/1464/2968 2959/1467/2971
f 2964/1468/2972 2953/1470/2973 2965/1469/2974
f 2966/1471/2975 2952/1472/2976 2964/1468/2972
f 2954/1474/2977 2959/1473/2971 2963/1475/2978
f 2962/1476/2967 2952/1477/2976 2966/1484/2975
f 2974/1478/2979 2964/1468/2972 2976/1479/2980
f 2976/1479/2980 2965/1469/2974 2975/1642/2981
f 2981/1480/2982 2960/1464/2968 2980/1481/2983
f 2980/1481/2983 2961/1461/2965 2979/1482/2984
f 2979/1482/2984 2962/1476/2967 2978/1483/2985
f 2978/1483/2985 2966/1484/2975 2974/2840/2979
f 3050/1486/2986 3116/1485/2987 3117/1487/2988
f 3002/1488/2989 2953/1470/2973 2952/1472/2976
f 2954/1474/2977 3122/1489/2990 2958/1602/2970
f 2952/1472/2976 2953/1470/2973 2964/1468/2972
f 2958/1466/2970 2983/1491/2991 2957/1465/2992
f 2986/1494/2993 2988/1493/2994 2987/1495/2995
f 2985/1497/2996 3012/1496/2997 3013/1498/2998
f 2988/1493/2994 3013/1499/2998 3010/1500/2999
f 2990/1501/3000 2956/1463/2969 2957/1465/2992
f 2995/1503/3001 2992/1502/3002 2993/1504/3003
f 2994/1506/3004 3015/1505/3005 3016/1507/3006
f 2996/1508/3007 2955/1462/2966 2956/1463/2969
f 3000/1510/3008 3021/1509/3009 3020/1511/3010
f 3004/1512/3011 2952/1477/2976 2955/1462/2966
f 3025/1513/3012 3007/1514/3013 3024/1529/3014
f 3008/1517/3015 3025/1516/3012 3022/1518/3016
f 3010/1500/2999 3041/1519/3017 3046/1520/3018
f 3013/1498/2998 3039/1521/3019 3041/1522/3017
f 3066/1523/3020 3015/1505/3005 3065/1572/3021
f 3020/1511/3010 3069/1524/3022 3068/1525/3023
f 3022/1518/3016 3075/1526/3024 3073/1527/3025
f 3075/1528/3024 3024/1529/3014 3038/1578/3026
f 3123/1530/3027 3027/1531/3028 3124/1605/3029
f 2984/1490/3030 3044/1534/3031 3126/1533/3032
f 3062/1535/3033 3028/1536/3034 3061/2841/3035
f 3034/1539/3036 3072/1538/3037 3071/1540/3038
f 3036/1542/3039 3081/1541/3040 3077/1543/3041
f 3037/1545/3042 3077/1544/3041 3078/1546/3043
f 3041/1522/3017 3047/1547/3044 3048/1548/3045
f 3046/1520/3018 3041/1519/3017 3048/1549/3045
f 3044/1534/3031 3043/1551/3046 3026/1550/3047
f 3043/1552/3046 3027/1531/3028 3026/1532/3047
f 3044/1534/3031 3048/1549/3045 3043/1551/3046
f 3048/1548/3045 3045/1553/3048 3043/1552/3046
f 3054/1555/3049 3049/1554/3050 3050/1486/2986
f 3051/1557/3051 3117/1556/2988 3118/1558/3052
f 3052/1560/3053 3118/1559/3052 3119/1561/3054
f 3053/1563/3055 3055/1562/3056 3056/1564/3057
f 3056/1564/3057 3051/1565/3051 3052/1560/3053
f 3055/1567/3056 3050/1566/2986 3051/1557/3051
f 3029/1537/3058 3058/1568/3059 3028/1536/3034
f 3062/1535/3033 3127/1570/3060 3128/1571/3061
f 3059/1569/3062 3065/1572/3021 3058/1568/3059
f 3064/1574/3063 3035/1573/3064 3034/1539/3036
f 3068/1525/3023 3063/1575/3065 3064/1574/3063
f 3071/1540/3038 3131/1576/3066 3130/1577/3067
f 3036/1542/3039 3075/1528/3024 3038/1578/3026
f 3073/1527/3025 3036/1579/3039 3037/1545/3042
f 3078/1546/3043 3079/1580/3068 3080/1581/3069
f 3079/1582/3068 3077/1543/3041 3081/1541/3040
f 3079/1582/3068 3003/1583/3070 3134/1584/3071
f 3080/1581/3069 3134/1585/3071 3135/1586/3072
f 3109/1588/3073 3113/1587/3074 3114/1589/3075
f 3113/1590/3074 3108/1592/3076 3112/1591/3077
f 3111/1594/3078 3108/1593/3076 3109/1588/3073
f 3110/1595/3079 3112/1591/3077 3108/1592/3076
f 3117/1487/2988 3115/1596/3080 3112/1597/3077
f 2959/1473/2971 3115/1596/3080 2963/1475/2978
f 3113/1590/3074 2959/1467/2971 2973/1598/3081
f 3114/1589/3075 2973/1599/3081 2977/1600/3082
f 3119/1561/3054 3110/1601/3079 3111/1594/3078
f 3110/1595/3079 3118/1558/3052 3117/1556/2988
f 3122/1489/2990 2982/1603/3083 2958/1602/2970
f 3123/1604/3027 3122/1489/2990 3126/1533/3032
f 2973/1598/3081 2959/1467/2971 2981/1480/2982
f 3026/1550/3047 3126/1533/3032 3044/1534/3031
f 2984/1490/3030 3126/1533/3032 3122/1489/2990
f 2982/1492/3083 3124/1605/3029 2983/1491/2991
f 3128/1571/3061 2991/1606/3084 2990/1501/3000
f 3130/1577/3067 2997/1607/3085 2996/1508/3007
f 3135/1586/3072 3002/1608/2989 3004/1512/3011
f 3002/1488/2989 3134/1584/3071 3003/1583/3070
f 2947/1609/3086 2933/1610/3087 2948/1620/3088
f 2924/1613/3089 2946/1612/3090 2945/1614/3091
f 2932/1616/3092 2944/1615/3093 2943/1617/3094
f 2925/1619/3095 2942/1618/3096 2946/1612/3090
f 2948/1620/3088 2935/1621/3097 2941/1629/3098
f 2926/1623/3099 2940/1622/3100 2942/1618/3096
f 2939/1624/3101 2932/1616/3092 2943/1617/3094
f 2937/1626/3102 2923/1627/3103 2938/1636/3104
f 2935/1621/3097 2939/1624/3101 2941/1629/3098
f 2927/1631/3105 2937/1630/3102 2944/1615/3093
f 2930/1633/3106 2936/1632/3107 2940/1634/3100
f 2936/1632/3107 2929/1611/3108 2947/1609/3086
f 2938/1636/3104 2924/1613/3089 2945/1614/3091
f 3103/1437/2944 2948/1620/3088 3101/1455/2964
f 3104/1459/2963 2946/1612/3090 3100/1456/2961
f 2943/1617/3094 3099/1442/2948 3107/1450/2955
f 3100/1456/2961 2942/1618/3096 3098/1452/2957
f 3101/1455/2964 2941/1629/3098 3097/1446/2960
f 3098/1452/2957 2940/1622/3100 3096/2842/3109
f 2939/1624/3101 3107/1450/2955 3105/1445/2952
f 2937/1626/3102 3102/1434/2940 3106/1447/2954
f 3097/1446/2960 2939/1624/3101 3105/1445/2952
f 2944/1615/3093 3106/1637/2954 3099/1442/2948
f 3096/1440/3109 2936/1632/3107 3095/1438/2947
f 3095/1438/2947 2947/1609/3086 3103/1437/2944
f 3102/1434/2940 2945/1614/3091 3104/1459/2963
f 2953/1470/2973 2967/1638/3110 2965/1469/2974
f 2949/1640/3111 3121/1639/3112 2968/1641/3113
f 2975/1642/2981 2967/1638/3110 2971/1646/3114
f 2972/1643/3115 2963/1475/2978 2977/1600/3082
f 2967/1638/3110 2969/1645/3116 2971/1646/3114
f 3121/1639/3112 2972/1643/3115 2970/1647/3117
f 2931/1628/3118 2981/1480/2982 2923/1627/3103
f 2968/1641/3113 2970/1647/3117 2969/1645/3116
f 2977/1600/3082 2931/1648/3118 2927/1649/3105
f 2969/1645/3116 2934/1625/3119 2935/1621/3097
f 2970/1647/3117 2932/1616/3092 2934/1625/3119
f 2978/1483/2985 2930/1650/3106 2926/1623/3099
f 2933/1610/3087 2969/1645/3116 2935/1621/3097
f 2925/1619/3095 2978/1483/2985 2926/1623/3099
f 2972/1643/3115 2927/1649/3105 2932/1616/3092
f 2924/1613/3089 2979/1482/2984 2925/1619/3095
f 2929/1611/3108 2971/1651/3114 2933/1610/3087
f 2923/1627/3103 2980/1481/2983 2924/1613/3089
f 2928/1635/3120 2975/1652/2981 2929/1611/3108
f 2974/1654/2979 2928/1635/3120 2930/1633/3106
f 2991/1655/3084 2949/1640/3111 2956/1656/2969
f 2951/1657/3121 3133/1658/3122 2949/1640/3111
f 3011/1660/3123 2988/1493/2994 3010/1500/2999
f 2950/1661/3124 2984/1490/3030 2954/1474/2977
f 2983/1491/2991 2950/1661/3124 2957/1663/2992
f 3012/1664/2997 2987/1495/2995 3011/1660/3123
f 3015/1665/3005 2993/1504/3003 3014/1671/3125
f 2950/1661/3124 2990/1666/3000 2957/1663/2992
f 3129/1668/3126 2950/1661/3124 2949/1640/3111
f 2992/1502/3002 3016/1669/3006 3017/1670/3127
f 3014/1671/3125 2992/1502/3002 3017/1670/3127
f 3019/1672/3128 2999/1673/3129 3018/1681/3130
f 2949/1640/3111 2996/1675/3007 2956/1656/2969
f 2997/1676/3085 2951/1657/3121 2955/1677/2966
f 3001/1678/3131 2999/1673/3129 2998/1674/3132
f 2999/1673/3129 3020/1680/3010 3018/1681/3130
f 3021/1682/3009 2998/1674/3132 3019/1672/3128
f 3009/1684/3133 3022/1683/3016 3023/1685/3134
f 2953/1470/2973 3005/1686/3135 2951/1657/3121
f 2951/1657/3121 3004/1687/3011 2955/1677/2966
f 3006/1515/3136 3009/1684/3133 3007/1514/3013
f 3024/1529/3014 3009/1684/3133 3023/1685/3134
f 3012/1664/2997 3040/1688/3137 3039/1689/3019
f 3040/1688/3137 3010/1500/2999 3046/1520/3018
f 3014/1671/3125 3060/1690/3138 3057/1691/3139
f 3017/1670/3127 3066/1692/3020 3060/1690/3138
f 3065/1693/3021 3014/1671/3125 3057/1691/3139
f 3069/1694/3022 3019/1672/3128 3070/1697/3140
f 3018/1681/3130 3068/1695/3023 3067/1696/3141
f 3070/1697/3140 3018/1681/3130 3067/1696/3141
f 3038/1578/3026 3023/1685/3134 3074/1699/3142
f 3023/1685/3134 3073/1698/3025 3074/1699/3142
f 3125/1662/3143 3044/1534/3031 2984/1490/3030
f 3027/1701/3028 3125/1662/3143 3124/1605/3029
f 3061/1702/3035 3028/1704/3034 3031/1703/3144
f 3030/1705/3145 3029/1707/3058 3062/1706/3033
f 3033/1708/3146 3064/1709/3063 3034/1711/3036
f 3033/1708/3146 3034/1711/3036 3071/1710/3038
f 3072/1712/3037 3035/1714/3064 3032/1713/3147
f 3076/1715/3148 3037/1716/3042 3078/1725/3043
f 3081/1541/3040 3074/1699/3142 3076/1715/3148
f 3047/1717/3044 3039/1689/3019 3040/1688/3137
f 3027/1701/3028 3045/1718/3048 3042/1700/3149
f 3047/1717/3044 3042/1700/3149 3045/1718/3048
f 3042/1700/3149 3046/1520/3018 3044/1534/3031
f 3116/1485/2987 3052/1560/3053 3119/1561/3054
f 3049/1554/3050 3056/1564/3057 3052/1560/3053
f 3058/1719/3059 3031/1703/3144 3028/1704/3034
f 3030/1705/3145 3059/1720/3062 3029/1707/3058
f 3057/1691/3139 3030/1705/3145 3031/1703/3144
f 3031/1703/3144 2989/1667/3150 3129/1668/3126
f 2989/1667/3150 3062/1706/3033 3128/1726/3061
f 3061/1702/3035 3129/1668/3126 3127/1721/3060
f 3058/1719/3059 3065/1693/3021 3057/1691/3139
f 3060/1690/3138 3066/1692/3020 3059/1720/3062
f 3032/1713/3147 3067/1696/3141 3033/1708/3146
f 3063/1722/3065 3032/1713/3147 3035/1714/3064
f 3067/1696/3141 3068/1695/3023 3064/1709/3063
f 3063/1722/3065 3069/1694/3022 3070/1697/3140
f 3072/1712/3037 3132/1659/3151 3131/1723/3066
f 3133/1658/3122 3071/1710/3038 3130/1727/3067
f 3132/1659/3151 3033/1708/3146 3133/1658/3122
f 3074/1699/3142 3073/1698/3025 3037/1716/3042
f 3076/1715/3148 3078/1725/3043 3080/1724/3069
f 3005/1686/3135 3080/1724/3069 3135/1728/3072
f 3003/1583/3070 3076/1715/3148 3005/1686/3135
f 3115/1596/3080 3109/1588/3073 3114/1589/3075
f 3115/1596/3080 3111/1594/3078 3109/1588/3073
f 2963/1475/2978 3114/1589/3075 2977/1600/3082
f 3116/1485/2987 3119/1561/3054 3111/1594/3078
f 3120/1644/3152 2954/1474/2977 2963/1475/2978
f 2950/1661/3124 3120/1644/3152 3121/1639/3112
f 2951/1657/3121 2968/1641/3113 2967/1638/3110
f 2983/1491/2991 3124/1605/3029 3125/1662/3143
f 2991/1655/3084 3127/1721/3060 3129/1668/3126
f 2989/1667/3150 3128/1726/3061 2990/1666/3000
f 3133/1658/3122 3130/1727/3067 2996/1675/3007
f 2997/1676/3085 3131/1723/3066 3132/1659/3151
f 3005/1686/3135 3135/1728/3072 3004/1687/3011
f 1554/842/875 1086/848/881 842/843/876
f 1555/844/877 842/843/876 843/845/878
f 1554/842/875 1557/849/882 846/847/880
f 1557/849/882 1558/1196/1173 847/850/883
f 855/851/884 858/1195/1172 852/852/885
f 857/854/887 855/851/884 851/853/886
f 854/856/889 848/859/892 850/857/890
f 857/854/887 1088/855/888 848/859/892
f 2153/860/893 2152/2292/2125 2079/861/894
f 1125/863/896 860/872/905 859/864/897
f 1126/866/899 1128/1191/1168 865/867/900
f 869/869/902 870/1402/1129 861/870/903
f 864/868/901 865/867/900 859/864/897
f 1077/873/906 1078/2843/1167 866/874/904
f 1126/866/899 864/868/901 860/872/905
f 863/876/907 868/1401/1128 869/869/902
f 867/877/908 868/1401/1128 863/876/907
f 861/870/903 870/1402/1129 867/877/908
f 873/879/910 872/899/930 875/880/911
f 880/882/913 876/1081/1090 874/883/914
f 882/885/916 881/892/923 871/886/917
f 984/888/919 880/882/913 1560/884/915
f 884/893/924 883/2844/935 1561/894/925
f 872/899/930 873/879/910 906/900/931
f 930/902/933 872/899/930 910/901/932
f 883/904/935 881/972/923 908/905/936
f 986/907/938 906/900/931 873/879/910
f 994/909/939 900/918/948 886/910/940
f 904/912/942 889/2845/1015 887/913/943
f 928/915/945 925/2846/1021 885/916/946
f 902/917/947 885/916/946 886/910/940
f 888/919/949 889/2845/1015 904/912/942
f 898/921/951 899/2847/1160 1043/922/952
f 1046/924/954 897/1142/1139 895/925/955
f 1043/922/952 899/2847/1160 896/927/957
f 1048/929/959 1044/926/956 895/925/955
f 903/920/950 904/912/942 1057/931/961
f 1060/933/963 902/917/947 900/918/948
f 1061/935/965 928/915/945 902/917/947
f 1057/931/961 904/912/942 901/914/944
f 1062/937/967 1058/934/964 900/918/948
f 988/938/968 990/2848/1006 939/939/969
f 920/941/971 917/966/996 940/942/972
f 924/944/974 918/947/977 938/945/975
f 918/947/977 916/940/970 939/939/969
f 920/941/971 905/943/973 937/948/978
f 1036/950/980 915/959/989 914/951/981
f 1039/953/983 1037/961/991 911/954/984
f 1040/956/986 1039/953/983 913/955/985
f 1036/950/980 1038/970/1000 912/958/988
f 1041/960/990 987/1168/1159 911/954/984
f 1050/962/992 920/941/971 919/949/979
f 1053/964/994 1051/968/998 916/940/970
f 1054/965/995 1053/964/994 918/947/977
f 1050/962/992 1052/1149/1146 917/966/996
f 1055/967/997 988/938/968 916/940/970
f 1138/969/999 1040/1274/986 1038/970/1000
f 881/972/923 930/902/933 922/903/934
f 905/974/973 935/994/3153 934/975/1002
f 932/977/1003 931/986/1008 938/978/975
f 933/980/1004 935/994/3153 905/974/973
f 936/982/1005 933/980/1004 940/981/972
f 990/984/1006 937/976/978 934/975/1002
f 931/986/1008 936/982/1005 921/983/976
f 889/993/1015 888/999/949 944/975/1016
f 885/995/946 941/986/1022 942/977/1018
f 889/993/1015 945/994/1017 943/980/1019
f 887/981/943 943/980/1019 946/982/1020
f 991/998/941 995/2849/3154 944/975/1016
f 925/997/1021 946/982/1020 941/986/1022
f 1012/1000/1023 1011/1109/1012 948/1001/1014
f 1153/1003/1025 1145/1319/1225 1147/1004/1026
f 1150/1006/1028 1152/1269/1229 1149/1007/1029
f 1151/1009/1031 1150/1006/1028 1148/1008/1030
f 1169/1011/1033 949/1051/1072 950/1012/1034
f 1181/1014/1036 1179/1316/1267 953/1015/1037
f 955/1017/1039 952/1064/1078 1177/1018/1040
f 1180/1013/1035 950/1012/1034 955/1017/1039
f 974/1020/1042 1184/1034/1056 1185/1021/1043
f 1120/1023/1045 1115/1056/1074 968/1024/1046
f 975/1022/1044 1185/1021/1043 1186/1026/1048
f 1182/1028/1050 1183/1033/1055 978/1029/1051
f 977/1027/1049 1186/1026/1048 1187/1031/1053
f 974/1020/1042 978/1029/1051 1183/1033/1055
f 980/1035/1057 965/1350/1066 966/1036/1058
f 983/1038/1060 1119/1225/1202 1118/1039/1061
f 982/1041/1063 1105/1352/1209 1116/1042/1064
f 965/1044/1066 1013/1321/1207 1014/1045/1067
f 956/1047/1068 1010/988/1010 1016/987/1009
f 1011/990/1012 1020/1359/1110 971/1049/1070
f 969/1025/1047 968/1024/1046 949/1051/1072
f 971/1053/1070 983/2850/1060 1187/1054/1053
f 1115/1056/1074 1105/1236/1209 982/1057/1063
f 1117/1058/1075 1119/1234/1202 983/1059/1060
f 980/1061/1057 979/1235/1059 963/1062/1076
f 955/1017/1039 950/1012/1034 978/1029/1051
f 953/1015/1037 977/1027/1049 976/1032/1054
f 973/1030/1052 978/1029/1051 950/1012/1034
f 952/1064/1078 975/1022/1044 977/1027/1049
f 952/1064/1078 955/1017/1039 974/1020/1042
f 971/1049/1070 1020/1359/1110 1104/1065/1079
f 959/1067/1080 961/1072/1084 1019/1068/1081
f 1018/991/1013 1011/990/1012 958/1050/1071
f 1017/1069/1082 1018/991/1013 960/1070/1083
f 972/1071/1065 1022/1362/1109 1010/988/1010
f 957/1048/1069 1016/987/1009 1019/1068/1081
f 1561/1073/925 883/2851/935 909/1074/937
f 990/984/1006 989/985/1007 932/977/1003
f 942/977/1018 995/2849/3154 991/998/941
f 1007/1077/1086 997/1091/1099 998/1078/1087
f 1001/1080/1089 1000/1085/1094 874/883/914
f 1008/1082/1091 878/887/918 871/886/917
f 1005/1084/1093 1006/1103/1105 1000/1085/1094
f 884/893/924 874/883/914 1562/1088/929
f 893/1090/1098 1003/2852/1097 1562/898/929
f 997/1091/1099 894/1094/1102 890/1092/1100
f 1004/1093/1101 926/1100/1106 894/1094/1102
f 1003/1095/1097 893/1743/1098 892/1096/1103
f 998/1078/1087 890/1092/1100 992/1098/1104
f 1002/1097/1092 892/1096/1103 926/1100/1106
f 1106/1104/1107 1107/1230/1206 1021/1105/1108
f 1021/1105/1108 1107/1230/1206 1104/1107/1079
f 1021/1105/1108 1020/1108/1110 1011/1109/1012
f 1022/1106/1109 1021/1105/1108 1012/1000/1023
f 1010/1110/1010 1012/1000/1023 947/1002/1024
f 2598/1112/1111 2601/1118/1117 1025/1113/1112
f 1031/1115/1114 1032/1126/1125 1026/1116/1115
f 2601/1118/1117 2600/2806/2695 1026/1116/1115
f 2598/1112/1111 1023/1114/1113 1024/1117/1116
f 1084/1120/1119 1030/1128/1127 1029/1121/1120
f 1033/1123/1122 1034/1127/1126 1028/1124/1123
f 1032/1126/1125 1030/1128/1127 1028/1124/1123
f 1027/1125/1124 1029/1121/1120 1031/1115/1114
f 1033/1123/1122 1031/1115/1114 1024/1117/1116
f 1026/1116/1115 1032/1126/1125 1034/1127/1126
f 1025/1113/1112 1034/1127/1126 1033/1123/1122
f 1030/1128/1127 1032/1126/1125 1031/1115/1114
f 868/1129/1128 867/2853/908 870/1130/1129
f 1137/1132/1130 1041/960/990 1037/961/991
f 1141/1134/1132 1139/971/1001 1038/970/1000
f 1138/1135/999 1142/1136/1133 1039/953/983
f 1142/1136/1133 1140/1133/1131 1037/961/991
f 1141/1134/1132 1036/950/980 1035/952/982
f 1129/1138/1135 1133/1144/1141 1044/926/956
f 1134/1139/1136 1043/922/952 1045/928/958
f 1047/1141/1138 927/1177/1162 897/1142/1139
f 1135/1143/1140 1046/924/954 1044/926/956
f 1042/923/953 1043/922/952 1134/1139/1136
f 1066/1146/1143 1055/967/997 1051/968/998
f 1064/1148/1145 1068/1245/1210 1052/1149/1146
f 1069/1150/1147 1053/964/994 1054/965/995
f 1067/1147/1144 1051/968/998 1053/964/994
f 1063/1152/1149 1064/1148/1145 1050/962/992
f 1076/1153/1150 1072/1158/1155 1058/934/964
f 1071/1154/1151 1057/931/961 1059/936/966
f 1061/935/965 1060/933/963 1074/1156/1153
f 1060/933/963 1058/934/964 1072/1158/1155
f 1070/1159/1156 1056/932/962 1057/931/961
f 914/1160/981 915/1165/989 1064/1148/1145
f 987/1168/1159 1066/1146/1143 1067/1147/1144
f 898/1172/951 1070/1159/1156 1071/1154/1151
f 993/930/960 895/1176/955 1072/1158/1155
f 862/1184/909 1079/1187/1165 1077/873/906
f 866/874/904 1078/2843/1167 1080/1185/1164
f 862/1184/909 863/1186/907 1080/1185/1164
f 2147/1188/1166 2149/2854/1396 1078/1189/1167
f 1128/1191/1168 1084/1120/1119 1083/1122/1121
f 1028/1124/1123 1082/1193/1170 1081/1192/1169
f 1030/1128/1127 1084/1120/1119 1082/1193/1170
f 1081/1192/1169 1083/1122/1121 1029/1121/1120
f 1089/1194/1171 849/1746/1613 852/852/885
f 1558/1196/1173 1559/1198/1175 1087/1197/1174
f 850/857/890 849/1746/1613 1089/1194/1171
f 1556/846/879 843/845/878 1087/1197/1174
f 2090/1199/1176 2087/2370/2186 2082/1200/1177
f 2058/1202/1179 2060/1217/1194 2792/1203/1180
f 1100/1205/1182 1092/2278/2093 1094/1206/1183
f 2795/1209/1186 2065/1218/1195 2058/1202/1179
f 844/1210/1187 2066/2855/3155 2277/1211/1188
f 2081/1213/1190 2083/2324/2137 2092/1214/1191
f 1103/1216/1193 1101/2280/2100 2060/1217/1194
f 2282/1219/1196 2061/2836/2853 1102/1220/1197
f 1173/1222/1199 1109/2856/3156 1110/1223/1200
f 1119/1225/1202 981/1390/1208 964/1226/1203
f 1014/1045/1067 1106/1237/1107 1116/1227/1064
f 1117/1066/1075 1104/1065/1079 1015/1228/1204
f 1107/1230/1206 1106/1104/1107 1014/1231/1067
f 1117/1058/1075 967/1322/1205 981/1233/1208
f 1116/1042/1064 1105/1352/1209 979/1037/1059
f 1120/1023/1045 962/1063/1077 963/1062/1076
f 1120/1023/1045 1118/1039/1061 964/1226/1203
f 1115/1056/1074 963/1062/1076 979/1235/1059
f 1106/1237/1107 1022/1362/1109 972/1071/1065
f 895/1176/955 1122/1175/1161 1074/1156/1153
f 899/1173/1160 1071/1154/1151 1073/1155/1152
f 911/1162/984 1067/1147/1144 1069/1150/1147
f 1068/1245/1210 1064/1148/1145 915/1165/989
f 865/867/900 1128/1191/1168 1127/865/898
f 1082/1193/1170 1126/866/899 1125/863/896
f 1082/1193/1170 1084/1120/1119 1128/1191/1168
f 1125/863/896 1127/865/898 1083/1122/1121
f 1547/1246/1211 1130/1145/1142 1134/1139/1136
f 1549/1248/1213 1135/1143/1140 1133/1144/1141
f 1132/1250/1215 1047/1141/1138 1046/924/954
f 1553/1247/1212 1134/1139/1136 1131/1140/1137
f 1552/1249/1214 1133/1144/1141 1129/1138/1135
f 1544/1253/1218 1543/1256/1221 1141/1134/1132
f 1546/1254/1219 1542/1257/1222 1140/1133/1131
f 1545/1255/1220 1546/1254/1219 1142/1136/1133
f 1543/1256/1221 1541/1273/1231 1139/971/1001
f 1137/1132/1130 1140/1133/1131 1542/1257/1222
f 1144/1259/1224 1147/2857/1026 1145/1260/1225
f 1144/1259/1224 1143/1262/1032 1148/1263/1030
f 1155/1265/1227 1151/1009/1031 1143/1010/1032
f 1154/1005/1027 1147/1004/1026 1144/1267/1224
f 1156/1268/1228 1144/1267/1224 1149/1007/1029
f 947/1270/1024 1156/1268/1228 1152/1269/1229
f 947/1270/1024 948/992/1014 1154/1005/1027
f 1019/1068/1081 1151/1009/1031 1155/1265/1227
f 1019/1068/1081 1016/987/1009 1150/1006/1028
f 996/989/1011 1152/1269/1229 1150/1006/1028
f 948/992/1014 1018/991/1013 1153/1003/1025
f 1131/1140/1137 1132/1276/1215 1548/1271/1230
f 1545/1272/1220 1138/969/999 1139/971/1001
f 1040/1274/986 923/2858/987 912/958/988
f 896/927/957 927/2859/1162 1047/1275/1138
f 1045/928/958 1047/1275/1138 1132/1276/1215
f 1065/1244/1148 1054/965/995 1052/1149/1146
f 924/944/974 921/946/976 940/942/972
f 1054/965/995 924/944/974 917/966/996
f 1059/936/966 1061/935/965 1075/1277/1154
f 887/913/943 925/2846/1021 928/915/945
f 901/914/944 928/915/945 1061/935/965
f 1548/1278/1230 1132/1250/1215 1135/1143/1140
f 1544/1253/1218 1136/1137/1134 1137/1132/1130
f 914/1160/981 1063/1152/1149 1066/1146/1143
f 1063/1152/1149 1049/963/993 1055/967/997
f 1035/952/982 1041/960/990 1137/1132/1130
f 937/948/978 990/2848/1006 988/938/968
f 914/951/981 987/1168/1159 1041/960/990
f 919/949/979 988/938/968 1055/967/997
f 1547/1246/1211 1550/1252/1217 1129/1138/1135
f 898/1172/951 993/930/960 1076/1153/1150
f 1070/1159/1156 1076/1153/1150 1062/937/967
f 1129/1138/1135 1048/929/959 1042/923/953
f 994/909/939 991/911/941 888/919/949
f 1048/929/959 993/930/960 898/921/951
f 1062/937/967 994/909/939 903/920/950
f 1254/1004/1232 1252/1319/1336 1260/1003/1233
f 1222/1286/1235 1158/1002/1329 1157/1001/1236
f 1257/1290/1239 1255/1008/1273 1256/1007/1240
f 1171/1292/1242 1175/1305/1256 1167/1293/1243
f 1172/1224/1201 1170/1312/1263 1163/1295/1245
f 1168/1297/1247 1166/1313/1264 1174/1298/1248
f 1684/1300/1250 1283/1979/1781 1277/1301/1251
f 1171/1292/1242 1164/1294/1244 1168/1297/1247
f 1683/1303/1253 1283/1979/1781 1284/1304/1254
f 1173/1222/1199 1282/1388/1355 1167/1293/1243
f 1273/1014/1255 1284/1304/1254 1189/1306/1257
f 1171/1292/1242 1176/1299/1249 1108/1308/1259
f 1113/1310/1261 1109/2856/3156 1173/1222/1199
f 1108/1308/1259 1176/1299/1249 1174/1298/1248
f 1110/1223/1200 1112/1317/1268 1170/1312/1263
f 1113/1310/1261 1175/1305/1256 1171/1292/1242
f 1164/1294/1244 1167/1293/1243 1169/1011/1033
f 1163/1295/1245 1179/1316/1267 1181/1014/1036
f 1178/1019/1041 1177/1018/1040 1166/1313/1264
f 1284/1304/1254 1269/1336/1275 1162/1314/1265
f 1164/1294/1244 1180/1013/1035 1178/1019/1041
f 1277/1301/1251 1283/1979/1781 1683/1303/1253
f 1163/1295/1245 1166/1313/1264 1177/1018/1040
f 1114/1311/1262 1174/1298/1248 1170/1312/1263
f 1174/1298/1248 1166/1313/1264 1163/1295/1245
f 1017/1069/1082 1155/1265/1227 1153/1003/1025
f 1155/1265/1227 1146/1266/1226 1145/1319/1225
f 1107/1230/1206 1013/1232/1207 1015/1320/1204
f 967/1229/1205 1015/1228/1204 1013/1321/1207
f 964/1226/1203 981/1390/1208 980/1061/1057
f 951/1016/1038 970/1040/1062 969/1025/1047
f 967/1322/1205 965/1350/1066 980/1035/1057
f 970/1040/1062 1118/1039/1061 1120/1023/1045
f 1177/1018/1040 952/1064/1078 953/1015/1037
f 1184/1323/1056 1183/1329/1055 957/1324/1069
f 982/1326/1063 972/2860/1065 956/1327/1068
f 1183/1329/1055 1182/1328/1050 956/1327/1068
f 1185/1330/1043 959/1333/1080 960/1331/1083
f 1184/1323/1056 961/1325/1084 959/1333/1080
f 1186/1332/1048 960/1331/1083 958/1055/1071
f 1258/1334/1272 1250/1010/1339 1255/1008/1273
f 1160/1335/1274 1162/1314/1265 1269/1336/1275
f 1273/1014/1255 1161/1307/1258 1188/1338/1277
f 1268/1340/1279 1159/1358/1315 1190/1341/1280
f 1272/1337/1276 1270/1342/1281 1190/1341/1280
f 1288/1021/1282 1287/1034/1358 1209/1343/1283
f 1203/1345/1285 1244/1355/1311 1249/1023/1286
f 1210/1344/1284 1212/1349/1292 1289/1026/1288
f 1213/1347/1289 1286/1033/1294 1285/1028/1290
f 1212/1349/1292 1211/1353/1309 1290/1031/1293
f 1209/1343/1283 1287/1034/1358 1286/1033/1294
f 1215/1035/1295 1214/1037/1335 1201/1036/1296
f 1218/1038/1298 1205/1354/1310 1247/1351/1299
f 1217/1041/1301 1207/1043/1323 1245/1042/1302
f 1200/1044/1297 1201/1046/1296 1224/1045/1304
f 1191/1047/1306 1192/1048/1325 1226/1318/1269
f 1206/1049/1307 1230/1359/1317 1221/1287/1237
f 968/1024/1046 982/1057/1063 1182/1028/1050
f 1162/1314/1265 1203/1345/1285 1204/1346/1287
f 1290/1054/1293 1218/2850/1298 1206/1053/1307
f 1217/1057/1301 1234/1236/1303 1244/1355/1311
f 1218/1059/1298 1248/1234/1300 1246/1058/1312
f 1198/1356/1313 1214/1235/1335 1215/1061/1295
f 1190/1341/1280 1209/1343/1283 1213/1347/1289
f 1188/1338/1277 1161/1307/1258 1211/1353/1309
f 1160/1335/1274 1213/1347/1289 1208/1348/1291
f 1159/1358/1315 1188/1338/1277 1212/1349/1292
f 1159/1358/1315 1210/1344/1284 1209/1343/1283
f 1206/1049/1307 1246/1066/1312 1233/1065/1316
f 1194/1067/1318 1227/1361/1322 1229/1360/1319
f 1193/1050/1308 1221/1287/1237 1228/1289/1238
f 1195/1070/1321 1228/1289/1238 1227/1361/1322
f 1207/1071/1323 1191/1047/1306 1220/988/1271
f 1229/1360/1319 1226/1318/1269 1192/1048/1325
f 1231/1363/1326 1236/1364/1328 1235/1104/1327
f 1231/1363/1326 1230/1108/1317 1233/1107/1316
f 1221/1109/1237 1230/1108/1317 1231/1363/1326
f 1222/1286/1235 1231/1363/1326 1232/1106/1324
f 1220/1110/1271 1219/1111/1270 1158/1002/1329
f 1277/1365/1251 1276/2861/1266 1239/1366/1330
f 1199/1368/1332 1216/1390/1334 1248/1225/1300
f 1245/1227/1302 1235/1237/1327 1224/1045/1304
f 1246/1066/1312 1202/1229/1357 1225/1228/1333
f 1236/1364/1328 1223/1232/1305 1224/1231/1304
f 1216/1233/1334 1202/1322/1357 1246/1058/1312
f 1245/1042/1302 1201/1036/1296 1214/1037/1335
f 1198/1356/1313 1197/1357/1314 1249/1023/1286
f 1249/1023/1286 1197/1357/1314 1199/1368/1332
f 1214/1235/1335 1198/1356/1313 1244/1355/1311
f 1207/1071/1323 1232/1362/1324 1235/1237/1327
f 1252/1260/1336 1254/2857/1232 1251/1259/1337
f 1255/1263/1273 1250/1262/1339 1251/1259/1337
f 1262/1369/1340 1253/1266/1338 1250/1010/1339
f 1251/1267/1337 1254/1004/1232 1261/1285/1234
f 1256/1007/1240 1251/1267/1337 1263/1370/1341
f 1259/1291/1241 1263/1370/1341 1158/1270/1329
f 1158/1270/1329 1263/1370/1341 1261/1285/1234
f 1262/1369/1340 1258/1334/1272 1229/1360/1319
f 1229/1360/1319 1258/1334/1272 1257/1290/1239
f 1257/1290/1239 1259/1291/1241 1219/989/1270
f 1157/1288/1236 1261/1285/1234 1260/1003/1233
f 1275/1371/1342 1265/1377/1348 1684/1300/1250
f 1276/1315/1266 1683/1303/1253 1264/1372/1343
f 1278/1374/1345 1266/1387/1354 1267/1375/1346
f 1275/1371/1342 1280/1376/1347 1267/1375/1346
f 954/1052/1073 1281/1378/1349 1181/1014/1036
f 1281/1378/1349 1282/1388/1355 1165/1296/1246
f 1281/1378/1349 954/1052/1073 949/1051/1072
f 1165/1296/1246 1282/1388/1355 1173/1222/1199
f 1237/1379/1350 1280/1384/1347 1275/1380/1342
f 1242/1382/1352 1279/2862/1252 1277/1365/1251
f 1237/1379/1350 1243/1389/1356 1278/1383/1345
f 1239/1366/1330 1276/2861/1266 1274/1385/1344
f 1275/1380/1342 1279/2862/1252 1242/1382/1352
f 1265/1377/1348 1272/1337/1276 1269/1336/1275
f 1273/1014/1255 1271/1339/1278 1264/1372/1343
f 1266/1387/1354 1268/1340/1279 1270/1342/1281
f 1282/1388/1355 1281/1378/1349 1169/1011/1033
f 1265/1377/1348 1267/1375/1346 1270/1342/1281
f 1203/1345/1285 1208/1348/1291 1285/1028/1290
f 1264/1372/1343 1271/1339/1278 1268/1340/1279
f 1274/1385/1344 1278/1383/1345 1243/1389/1356
f 1264/1372/1343 1266/1387/1354 1278/1374/1345
f 1260/1003/1233 1262/1369/1340 1227/1361/1322
f 1252/1319/1336 1253/1266/1338 1262/1369/1340
f 1225/1320/1333 1223/1232/1305 1236/1364/1328
f 1202/1229/1357 1200/1044/1297 1223/1321/1305
f 1199/1368/1332 1197/1357/1314 1215/1061/1295
f 1161/1307/1258 1189/1306/1257 1204/1346/1287
f 1215/1035/1295 1200/1350/1297 1202/1322/1357
f 1205/1354/1310 1204/1346/1287 1249/1023/1286
f 1188/1338/1277 1159/1358/1315 1268/1340/1279
f 1287/1323/1358 1196/1325/1320 1192/1324/1325
f 1191/1327/1306 1207/2860/1323 1217/1326/1301
f 1286/1329/1294 1192/1324/1325 1191/1327/1306
f 1195/1331/1321 1194/1333/1318 1288/1330/1282
f 1194/1333/1318 1196/1325/1320 1287/1323/1358
f 1193/1055/1308 1195/1331/1321 1289/1332/1288
f 1536/1391/1359 1538/1430/1397 1291/1392/1360
f 1537/1394/1362 1296/1397/1368 1297/1395/1363
f 1293/870/1365 1302/1402/1375 1301/869/1366
f 1291/1392/1360 1297/1395/1363 1296/1397/1368
f 1315/1398/1369 1293/2863/1365 1298/1399/1367
f 1292/1393/1361 1296/1397/1368 1537/1394/1362
f 1295/876/1371 1298/871/1367 1301/869/1366
f 1295/876/1371 1300/1401/1372 1299/877/1373
f 1293/870/1365 1294/878/1374 1299/877/1373
f 2620/1403/1376 1303/1411/1384 1305/1404/1377
f 1311/1406/1379 1304/1410/1383 1306/1407/1380
f 2618/1405/1378 1305/1404/1377 1306/1407/1380
f 2620/1403/1376 2621/2385/2197 1304/1410/1383
f 1309/1412/1385 1310/1419/1392 1322/1413/1386
f 1313/1415/1388 1307/1418/1391 1308/1416/1389
f 1308/1416/1389 1310/1419/1392 1312/1408/1381
f 1311/1406/1379 1309/1412/1385 1307/1418/1391
f 1304/1410/1383 1311/1406/1379 1313/1415/1388
f 1314/1417/1390 1312/1408/1381 1306/1407/1380
f 1313/1415/1388 1314/1417/1390 1305/1404/1377
f 1311/1406/1379 1312/1408/1381 1310/1419/1392
f 1300/1420/1372 1301/2864/1366 1302/1421/1375
f 1294/1423/1374 1293/2863/1365 1315/1398/1369
f 1318/1425/1394 1316/1400/1370 1298/1399/1367
f 1294/1423/1374 1317/1424/1393 1318/1425/1394
f 2143/1427/1395 1315/2865/1369 1316/1428/1370
f 1321/1414/1387 1322/1413/1386 1539/1396/1364
f 1319/1431/1398 1320/1432/1399 1308/1416/1389
f 1320/1432/1399 1322/1413/1386 1310/1419/1392
f 1309/1412/1385 1321/1414/1387 1319/1431/1398
f 1483/1433/1400 1504/1459/1424 1502/1434/1401
f 1486/1436/1403 1482/1460/1425 1503/1437/1404
f 1487/1439/1406 1486/1436/1403 1495/1438/1405
f 1485/1441/1408 1506/1637/1414 1499/1442/1409
f 1488/1444/1411 1484/1449/1415 1505/1445/1412
f 1494/1435/1402 1502/1434/1401 1506/1447/1414
f 1484/1449/1415 1493/1458/1423 1507/1450/1416
f 1487/1451/1406 1496/2842/1407 1498/1452/1417
f 1492/1454/1419 1488/1444/1411 1497/1446/1413
f 1489/1453/1418 1498/1452/1417 1500/1456/1421
f 1490/1443/1410 1499/1442/1409 1507/1450/1416
f 1491/1457/1422 1500/1456/1421 1504/1459/1424
f 1482/1460/1425 1492/1454/1419 1501/1455/1420
f 1361/1461/1426 1362/1476/1440 1355/1462/1427
f 1360/1464/1429 1361/1461/1426 1356/1463/1428
f 1360/1464/1429 1357/1465/1430 1358/1466/1431
f 1359/1473/1432 1358/1602/1431 1354/1474/1438
f 1362/1476/1440 1366/1484/1436 1352/1477/1437
f 1374/1478/1441 1376/1479/1442 1364/1468/1433
f 1376/1479/1442 1375/1642/1576 1365/1469/1434
f 1381/1480/1443 1380/1481/1444 1360/1464/1429
f 1380/1481/1444 1379/1482/1445 1361/1461/1426
f 1379/1482/1445 1378/1483/1446 1362/1476/1440
f 1378/1483/1446 1374/2840/1441 1366/1484/1436
f 1516/1485/1447 1449/1554/1508 1450/1486/1448
f 1353/1470/1435 1403/1583/1530 1402/1488/1450
f 1354/1474/1438 1358/1602/1431 1522/1489/1451
f 1358/1466/1431 1357/1465/1430 1383/1491/1453
f 1388/1493/1455 1385/2866/1459 1386/1494/1456
f 1412/1496/1458 1386/2867/1456 1385/1497/1459
f 1413/1499/1460 1385/2866/1459 1388/1493/1455
f 1356/1463/1428 1391/1606/1544 1390/1501/1462
f 1392/1502/1463 1394/2868/1467 1395/1503/1464
f 1415/1505/1466 1395/2869/1464 1394/1506/1467
f 1355/1462/1427 1397/1607/1545 1396/1508/1469
f 1421/1509/1470 1401/2870/1595 1400/1510/1471
f 1352/1477/1437 1402/1608/1450 1404/1512/1473
f 1425/1513/1474 1424/1529/1487 1407/1514/1475
f 1425/1516/1474 1406/2871/1476 1408/1517/1477
f 1441/1519/1479 1413/1499/1460 1410/1500/1461
f 1439/1521/1481 1412/1496/1458 1413/1498/1460
f 1466/1523/1482 1465/1572/1521 1415/1505/1466
f 1469/1524/1483 1421/1509/1470 1420/1511/1472
f 1475/1526/1485 1425/1516/1474 1422/1518/1478
f 1475/1528/1485 1438/1578/1527 1424/1529/1487
f 1523/1530/1488 1524/1605/1543 1427/1531/1489
f 1462/1535/1493 1461/2841/1607 1428/1536/1494
f 1472/1538/1496 1435/1573/1522 1434/1539/1497
f 1481/1541/1499 1438/1578/1527 1436/1542/1500
f 1477/1544/1501 1436/1579/1500 1437/1545/1502
f 1447/1547/1504 1439/1521/1481 1441/1522/1479
f 1427/1531/1489 1445/1553/1507 1443/1552/1506
f 1444/1534/1492 1443/1551/1506 1448/1549/1505
f 1445/1553/1507 1447/1547/1504 1448/1548/1505
f 1449/1554/1508 1453/1563/1515 1454/1555/1509
f 1517/1556/1449 1450/1566/1448 1451/1557/1510
f 1518/1559/1511 1451/1565/1510 1452/1560/1512
f 1455/1562/1514 1454/1555/1509 1453/1563/1515
f 1451/1565/1510 1455/1562/1514 1456/1564/1516
f 1450/1566/1448 1454/2872/1509 1455/1567/1514
f 1429/1537/1495 1428/1536/1494 1458/1568/1517
f 1527/1570/1519 1461/2841/1607 1462/1535/1493
f 1459/1569/1518 1458/1568/1517 1465/1572/1521
f 1435/1573/1522 1463/1575/1524 1464/1574/1523
f 1463/1575/1524 1469/1524/1483 1468/1525/1484
f 1531/1576/1525 1472/1538/1496 1471/1540/1498
f 1436/1579/1500 1475/1526/1485 1473/1527/1486
f 1479/1580/1528 1477/1544/1501 1478/1546/1503
f 1403/1583/1530 1481/1541/1499 1479/1582/1528
f 1534/1585/1531 1479/1580/1528 1480/1581/1529
f 1513/1587/1533 1508/1593/1537 1509/1588/1534
f 1508/1593/1537 1510/1601/1539 1511/1594/1538
f 1512/1591/1536 1517/1556/1449 1510/1595/1539
f 1515/1596/1540 1516/1485/1447 1517/1487/1449
f 1359/1473/1432 1363/1475/1439 1515/1596/1540
f 1359/1467/1432 1512/1591/1536 1513/1590/1533
f 1373/1599/1541 1513/1587/1533 1514/1589/1535
f 1510/1601/1539 1518/1559/1511 1519/1561/1513
f 1522/1489/1451 1382/1603/1454 1523/1604/1488
f 1526/1533/1491 1523/1604/1488 1426/1550/1490
f 1382/1492/1454 1383/1491/1453 1524/1605/1543
f 1391/1606/1544 1527/1570/1519 1528/1571/1520
f 1397/1607/1545 1531/1576/1525 1530/1577/1526
f 1402/1608/1450 1534/1585/1531 1535/1586/1532
f 1347/1609/1546 1348/1620/1557 1333/1610/1547
f 1346/1612/1549 1325/1619/1556 1324/1613/1550
f 1344/1615/1552 1327/1631/1567 1332/1616/1553
f 1342/1618/1555 1326/1623/1560 1325/1619/1556
f 1348/1620/1557 1341/1629/1566 1335/1621/1558
f 1340/1622/1559 1330/1650/1569 1326/1623/1560
f 1339/1624/1561 1343/1617/1554 1332/1616/1553
f 1337/1626/1563 1338/1636/1571 1323/1627/1564
f 1339/1624/1561 1334/1625/1562 1335/1621/1558
f 1337/1630/1563 1331/2873/1565 1327/1631/1567
f 1336/1632/1568 1328/1635/1570 1330/1633/1569
f 1336/1632/1568 1347/1609/1546 1329/1611/1548
f 1338/1636/1571 1345/1614/1551 1324/1613/1550
f 1503/1437/1404 1501/1455/1420 1348/1620/1557
f 1504/1459/1424 1500/1456/1421 1346/1612/1549
f 1499/1442/1409 1344/1615/1552 1343/1617/1554
f 1500/1456/1421 1498/1452/1417 1342/1618/1555
f 1501/1455/1420 1497/1446/1413 1341/1629/1566
f 1498/1452/1417 1496/2842/1407 1340/1622/1559
f 1507/1450/1416 1343/1617/1554 1339/1624/1561
f 1502/1434/1401 1338/1636/1571 1337/1626/1563
f 1497/1446/1413 1505/1445/1412 1339/1624/1561
f 1506/1637/1414 1337/1630/1563 1344/1615/1552
f 1496/1440/1407 1495/1438/1405 1336/1632/1568
f 1495/1438/1405 1503/1437/1404 1347/1609/1546
f 1502/1434/1401 1504/1459/1424 1345/1614/1551
f 1367/1638/1572 1351/1657/1582 1353/1470/1435
f 1521/1639/1573 1350/1661/1586 1349/1640/1574
f 1375/1642/1576 1371/1646/1580 1367/1638/1572
f 1372/1643/1577 1377/1600/1542 1363/1475/1439
f 1369/1645/1579 1368/1641/1575 1367/1638/1572
f 1372/1643/1577 1520/1644/1578 1521/1639/1573
f 1331/1628/1565 1323/1627/1564 1381/1480/1443
f 1370/1647/1581 1521/1639/1573 1368/1641/1575
f 1331/1648/1565 1373/1599/1541 1377/1600/1542
f 1334/1625/1562 1370/1647/1581 1369/1645/1579
f 1332/1616/1553 1372/1643/1577 1370/1647/1581
f 1330/1650/1569 1374/2840/1441 1378/1483/1446
f 1333/1610/1547 1335/1621/1558 1369/1645/1579
f 1325/1619/1556 1326/1623/1560 1378/1483/1446
f 1327/1649/1567 1377/1600/1542 1372/1643/1577
f 1324/1613/1550 1325/1619/1556 1379/1482/1445
f 1329/1611/1548 1333/1610/1547 1371/1651/1580
f 1323/1627/1564 1324/1613/1550 1380/1481/1444
f 1328/1635/1570 1329/1611/1548 1375/1652/1576
f 1328/1635/1570 1376/1653/1442 1374/1654/1441
f 1349/1640/1574 1529/1668/1589 1391/1655/1544
f 1351/1657/1582 1349/1640/1574 1533/1658/1583
f 1411/1660/1585 1410/1500/1461 1388/1493/1455
f 1350/1661/1586 1354/1474/1438 1384/1490/1452
f 1350/1661/1586 1525/1662/1587 1383/1491/1453
f 1412/1664/1458 1411/1660/1585 1387/1495/1457
f 1415/1665/1466 1414/1671/1591 1393/1504/1465
f 1350/1661/1586 1357/1663/1430 1390/1666/1462
f 1350/1661/1586 1389/1667/1588 1529/1668/1589
f 1416/1669/1468 1394/2868/1467 1392/1502/1463
f 1414/1671/1591 1417/1670/1590 1392/1502/1463
f 1419/1672/1592 1418/1681/1596 1399/1673/1593
f 1349/1640/1574 1356/1656/1428 1396/1675/1469
f 1351/1657/1582 1532/1659/1584 1397/1676/1545
f 1401/1678/1595 1398/1674/1594 1399/1673/1593
f 1420/1680/1472 1400/1679/1471 1399/1673/1593
f 1421/1682/1470 1419/1672/1592 1398/1674/1594
f 1422/1683/1478 1408/2874/1477 1409/1684/1597
f 1353/1470/1435 1351/1657/1582 1405/1686/1599
f 1351/1657/1582 1355/1677/1427 1404/1687/1473
f 1409/1684/1597 1408/2874/1477 1406/1515/1476
f 1424/1529/1487 1423/1685/1598 1409/1684/1597
f 1440/1688/1600 1411/1660/1585 1412/1664/1458
f 1440/1688/1600 1446/1520/1480 1410/1500/1461
f 1460/1690/1601 1417/1670/1590 1414/1671/1591
f 1466/1692/1482 1416/1669/1468 1417/1670/1590
f 1465/1693/1521 1457/1691/1602 1414/1671/1591
f 1469/1694/1483 1470/1697/1604 1419/1672/1592
f 1468/1695/1484 1420/1680/1472 1418/1681/1596
f 1470/1697/1604 1467/1696/1603 1418/1681/1596
f 1438/1578/1527 1474/1699/1605 1423/1685/1598
f 1473/1698/1486 1422/1683/1478 1423/1685/1598
f 1525/1662/1587 1384/1490/1452 1444/1534/1492
f 1525/1662/1587 1442/1700/1606 1427/1701/1489
f 1433/1708/1610 1434/1711/1497 1464/1709/1523
f 1476/1715/1612 1478/1725/1503 1437/1716/1502
f 1481/1541/1499 1476/1715/1612 1474/1699/1605
f 1442/1700/1606 1440/1688/1600 1447/1717/1504
f 1442/1700/1606 1444/1534/1492 1446/1520/1480
f 1516/1485/1447 1519/1561/1513 1452/1560/1512
f 1449/1554/1508 1452/1560/1512 1456/1564/1516
f 1431/1703/1608 1457/1691/1602 1458/1719/1517
f 1430/1705/1609 1429/1707/1495 1459/1720/1518
f 1430/1705/1609 1460/1690/1601 1457/1691/1602
f 1389/1667/1588 1430/1705/1609 1431/1703/1608
f 1389/1667/1588 1528/1726/1520 1462/1706/1493
f 1529/1668/1589 1431/1703/1608 1461/1702/1607
f 1432/1713/1611 1433/1708/1610 1467/1696/1603
f 1432/1713/1611 1470/1697/1604 1463/1722/1524
f 1532/1659/1584 1432/1713/1611 1472/1712/1496
f 1533/1658/1583 1530/1727/1526 1471/1710/1498
f 1532/1659/1584 1533/1658/1583 1433/1708/1610
f 1405/1686/1599 1535/1728/1532 1480/1724/1529
f 1403/1583/1530 1405/1686/1599 1476/1715/1612
f 1515/1596/1540 1509/1588/1534 1511/1594/1538
f 1363/1475/1439 1377/1600/1542 1514/1589/1535
f 1520/1644/1578 1354/1474/1438 1350/1661/1586
f 1368/1641/1575 1349/1640/1574 1351/1657/1582
f 1538/1430/1397 1539/1396/1364 1297/1395/1363
f 1536/1391/1359 1537/1394/1362 1320/1432/1399
f 1320/1432/1399 1537/1394/1362 1539/1396/1364
f 1321/1414/1387 1538/1430/1397 1536/1391/1359
f 907/1729/1085 1544/1736/1218 1540/1730/1223
f 908/905/936 922/903/934 1545/1731/1220
f 986/907/938 1540/1730/1223 1542/1733/1222
f 909/906/937 908/905/936 1541/1732/1231
f 922/903/934 910/901/932 1546/1735/1219
f 910/901/932 906/900/931 1542/1733/1222
f 909/906/937 1543/1734/1221 1544/1736/1218
f 891/1737/928 992/1098/1104 1550/1738/1217
f 926/1100/1106 1548/1741/1230 1549/1740/1213
f 892/1096/1103 1551/1744/1216 1548/1741/1230
f 992/1098/1104 890/1092/1100 1552/1742/1214
f 893/1743/1098 1553/2875/1212 1551/1744/1216
f 894/1094/1102 1549/1740/1213 1552/1742/1214
f 1547/1739/1211 1553/2875/1212 893/1743/1098
f 850/857/890 1556/1750/879 1559/1745/1175
f 852/852/885 849/1746/1613 1559/1745/1175
f 851/853/886 852/852/885 1558/1747/1173
f 1088/855/888 851/853/886 1557/1748/882
f 848/859/892 1555/1751/877 1556/1750/879
f 1088/855/888 1554/1749/875 1555/1751/877
f 1560/1752/915 879/1754/1614 986/907/938
f 1000/1085/1094 1006/1099/1105 992/1098/1104
f 1596/1769/1627 1569/2876/1632 1603/1770/1628
f 1617/1772/1630 1569/2876/1632 1596/1769/1627
f 1616/1774/1623 1567/1856/1702 1569/1775/1632
f 1564/1762/1620 1566/1761/1619 1603/1770/1628
f 2022/1777/1633 1571/1783/1639 1572/1778/1634
f 2027/1779/1635 1572/1778/1634 1605/1780/1636
f 2023/1782/1638 1604/2877/1658 1571/1783/1639
f 1930/1784/1640 1575/1895/1734 1576/1785/1641
f 1938/1787/1643 1931/2140/2009 1644/1788/1644
f 1651/1790/1646 1649/1902/1737 1628/1791/1647
f 1932/1793/1649 1606/1847/1696 1640/1794/1650
f 1636/1796/1652 1639/1916/1750 1654/1797/1653
f 1646/1799/1655 1647/2878/1739 1601/1800/1656
f 1604/1802/1658 1570/1864/1704 1703/1803/1659
f 1578/1804/1661 1626/1845/1678 1693/1805/1662
f 1583/1807/1664 1608/1865/1693 1697/1808/1665
f 1599/1810/1667 1691/1969/1772 1694/1811/1668
f 1571/1813/1639 1604/1814/1658 1688/1814/1660
f 1622/1812/1669 1694/1811/1668 1702/1816/1671
f 1600/1818/1673 1651/1904/1646 1635/1819/1648
f 1622/1812/1669 1636/2879/1652 1652/1821/1654
f 1599/1810/1667 1647/1899/1739 1646/1822/1655
f 2029/1823/1675 2024/1829/1681 1582/1824/1676
f 1626/1826/1678 1578/1830/1661 2030/1827/1679
f 2024/1829/1681 2030/1827/1679 1578/1830/1661
f 1620/1773/1631 1596/1769/1627 2043/1831/1682
f 2043/1831/1682 1596/1769/1627 1614/1771/1629
f 2046/1834/1685 2045/1857/1703 1565/1767/1625
f 2048/1835/1686 2047/1841/1691 1598/1836/1687
f 2049/1838/1688 1594/1760/1618 1564/1762/1620
f 2051/1840/1690 1615/2880/1615 1598/1836/1687
f 2050/1839/1689 1564/1762/1620 1615/1757/1615
f 2049/1838/1688 2044/1833/1684 1614/1771/1629
f 1580/1843/1692 1698/1966/1776 1697/1844/1665
f 1572/1804/1634 1686/1970/1777 1687/1805/1694
f 1933/1846/1695 1574/1863/1708 1606/1847/1696
f 1940/1848/1697 1938/1787/1643 1607/1789/1645
f 2026/1850/1699 1570/1859/1704 1604/1851/1658
f 2028/1781/1637 1605/1780/1636 1573/1853/1700
f 1602/1855/1616 1603/2881/1628 1569/1775/1632
f 1614/1771/1629 1603/1770/1628 1566/1761/1619
f 2045/1857/1703 2048/2882/1686 1621/1763/1621
f 2046/1834/1685 1597/1766/1624 1620/1773/1631
f 1573/1853/1700 1626/1826/1678 2025/1828/1680
f 2026/1850/1699 2029/2883/1675 1627/1858/1677
f 1940/1848/1697 1577/1849/1698 1624/1860/1705
f 1933/1846/1695 1934/1887/1726 1625/1862/1707
f 1627/1802/1677 1695/1802/1773 1703/1803/1659
f 1583/1807/1664 1704/1809/1666 1696/1808/1709
f 1565/1767/1625 1616/1765/1623 1617/1772/1630
f 1568/1768/1626 1617/1772/1630 1620/1773/1631
f 1630/1866/1710 1636/2879/1652 1622/1812/1669
f 1623/1865/1674 1635/2884/1648 1631/1867/1711
f 1631/1869/1711 1634/2884/1717 1608/1865/1693
f 1609/1870/1712 1633/1873/1716 1630/1871/1710
f 1629/1822/1713 1632/1899/1722 1579/1872/1714
f 1609/1870/1712 1579/1872/1714 1643/1821/1715
f 1634/1819/1717 1641/1886/1725 1580/1843/1692
f 1586/1874/1718 1639/1916/1750 1636/1796/1652
f 1631/1875/1711 1635/1792/1648 1628/1791/1647
f 1631/1869/1711 1587/1923/1719 1610/1877/1720
f 1633/1879/1716 1611/1885/1724 1586/1880/1718
f 1629/1881/1713 1585/2885/1747 1584/1882/1721
f 1633/1879/1716 1643/2886/1715 1645/1884/1723
f 1610/1877/1720 1642/1894/1733 1641/1886/1725
f 1934/1887/1726 1935/1903/1738 1650/1888/1727
f 1941/1861/1706 1624/1860/1705 1653/1889/1728
f 1943/1891/1730 1936/2145/2014 1637/1892/1731
f 1642/1894/1733 1585/2885/1747 1629/1881/1713
f 1939/1795/1651 1640/1794/1650 1575/1895/1734
f 1643/1896/1715 1632/1883/1722 1584/1882/1721
f 1657/1900/1735 1645/1897/1723 1584/1882/1721
f 1646/1799/1655 1648/1801/1657 1649/1902/1737
f 1935/1903/1738 1943/1891/1730 1638/1893/1732
f 1601/1800/1656 1647/2878/1739 1652/1798/1654
f 1666/1905/1740 1667/1907/1742 1601/1800/1656
f 1681/1906/1741 1675/1936/1760 1667/1907/1742
f 1648/1801/1657 1668/1914/1748 1665/1908/1743
f 1670/1909/1744 1657/1945/1735 1656/1901/1736
f 1660/1911/1746 1655/1926/1756 1585/1912/1747
f 1601/1800/1656 1667/2887/1742 1668/1914/1748
f 1663/1915/1749 1666/1905/1740 1654/1797/1653
f 1649/1902/1737 1665/1908/1743 1664/1917/1751
f 1628/1791/1647 1664/1917/1751 1661/1918/1752
f 1662/1920/1753 1663/1942/1749 1639/1916/1750
f 1611/1885/1724 1658/1925/1755 1662/1921/1753
f 1661/1922/1752 1659/1924/1754 1610/1877/1720
f 1659/1924/1754 1660/1944/1746 1642/1894/1733
f 1645/1884/1723 1657/1945/1735 1658/1925/1755
f 1655/1926/1756 1656/1948/1736 1584/1927/1721
f 1952/1928/1757 1670/2888/1744 1676/1929/1745
f 1949/1931/1759 1957/2169/2030 1675/1932/1760
f 1668/1914/1748 1682/1937/1763 1674/1934/1761
f 1678/1935/1762 1669/2889/2021 1655/1926/1756
f 1668/1914/1748 1667/2887/1742 1675/1936/1760
f 1680/1938/1764 1681/1906/1741 1666/1905/1740
f 1665/1908/1743 1674/1934/1761 1673/1939/1765
f 1664/1917/1751 1673/1939/1765 1672/1940/1766
f 1679/1941/1767 1680/1938/1764 1663/1942/1749
f 1658/1925/1755 1677/1946/1769 1679/1941/1767
f 1672/1940/1766 1671/1943/1768 1659/1924/1754
f 1671/1943/1768 1678/2890/1762 1660/1944/1746
f 1657/1945/1735 1670/1909/1744 1677/1946/1769
f 1655/1926/1756 1669/2889/2021 1676/1947/1745
f 1690/1949/1663 1691/1953/1772 1692/1950/1770
f 1693/1952/1662 1694/1959/1668 1691/1953/1772
f 1689/1951/1771 1692/1950/1770 1696/1954/1709
f 1697/1954/1665 1698/1950/1776 1685/1956/1670
f 1687/1957/1694 1686/1960/1777 1699/1958/1774
f 1698/1950/1776 1699/1958/1774 1686/1960/1777
f 1687/1957/1694 1700/1959/1775 1702/1961/1671
f 1704/1963/1666 1697/2891/1665 1688/1964/1660
f 1695/1964/1773 1696/2891/1709 1704/1963/1666
f 1702/1961/1671 1694/1959/1668 1693/1952/1662
f 1579/1872/1714 1609/1870/1712 1700/1811/1775
f 1582/1813/1676 1689/1815/1771 1695/1814/1773
f 1582/1813/1676 1578/1804/1661 1690/1806/1663
f 1600/1818/1673 1623/1820/1674 1696/1844/1709
f 1605/1845/1636 1687/1805/1694 1701/1967/1778
f 1579/1872/1714 1699/1965/1774 1698/1966/1776
f 1599/1810/1667 1600/1818/1673 1692/1966/1770
f 1609/1870/1712 1581/1817/1672 1702/1816/1671
f 1626/1845/1678 1573/1968/1700 1701/1967/1778
f 1571/1813/1639 1685/1815/1670 1686/1970/1777
f 2127/1971/1779 2093/2712/2185 2090/1972/1176
f 1705/1974/922 875/880/911 872/899/930
f 1706/1975/1096 1004/1093/1101 997/1091/1099
f 1707/895/926 884/1978/924 1003/1976/1097
f 1707/895/926 881/892/923 883/1977/935
f 1283/1979/1781 1684/1300/1250 1269/1336/1275
f 1734/1983/1782 1735/2006/1805 1713/1984/1783
f 1721/1986/1785 1716/2005/1804 1722/1987/1786
f 1709/1989/1788 1711/2008/1807 1729/1990/1789
f 1734/1983/1782 1710/1985/1784 1712/1992/1791
f 1730/1994/1793 1708/2892/3157 1714/1995/1794
f 1733/1991/1790 1731/1996/1795 1714/1995/1794
f 1712/1992/1791 1708/2892/3157 1730/1994/1793
f 1725/1997/1796 1723/2009/1808 1715/1998/1797
f 1719/2000/1799 1717/2003/1802 1724/2001/1800
f 1715/1998/1797 1723/2009/1808 1724/2001/1800
f 1720/2004/1803 1727/2007/1806 1725/1997/1796
f 1726/2002/1801 1722/1987/1786 1716/2005/1804
f 1728/1988/1787 1722/1987/1786 1729/1990/1789
f 1720/2004/1803 1721/1986/1785 1728/1988/1787
f 1735/2006/1805 1729/1990/1789 1711/2008/1807
f 1732/1993/1792 1730/1994/1793 1723/2009/1808
f 1726/2002/1801 1724/2001/1800 1731/1996/1795
f 1723/2009/1808 1730/1994/1793 1731/1996/1795
f 1727/2007/1806 1734/1983/1782 1732/1993/1792
f 1733/1991/1790 1729/1990/1789 1722/1987/1786
f 1727/2007/1806 1728/1988/1787 1735/2006/1805
f 1763/2010/1809 1741/2035/1834 1738/2011/1810
f 1756/2013/1812 1749/2087/3158 1744/2014/1813
f 1737/2016/1815 1739/2034/1833 1757/2017/1816
f 1762/2012/1811 1738/2011/1810 1740/2019/1818
f 1758/2021/1820 1736/2024/1823 1742/2022/1821
f 1761/2018/1817 1759/2023/1822 1742/2022/1821
f 1760/2020/1819 1740/2019/1818 1736/2024/1823
f 1753/2025/1824 1751/2036/1835 1743/2026/1825
f 1745/2028/1827 1752/2031/1830 1754/2029/1828
f 1743/2026/1825 1751/2036/1835 1752/2031/1830
f 1748/2032/1831 1755/2033/1832 1753/2025/1824
f 1754/2029/1828 1750/2015/1814 1744/2014/1813
f 1763/2010/1809 1756/2013/1812 1750/2015/1814
f 1748/2032/1831 1749/2087/3158 1756/2013/1812
f 1763/2010/1809 1757/2017/1816 1739/2034/1833
f 1753/2025/1824 1760/2020/1819 1758/2021/1820
f 1752/2031/1830 1759/2023/1822 1761/2018/1817
f 1751/2036/1835 1758/2021/1820 1759/2023/1822
f 1755/2033/1832 1762/2012/1811 1760/2020/1819
f 1754/2029/1828 1761/2018/1817 1757/2017/1816
f 1756/2013/1812 1763/2010/1809 1762/2012/1811
f 1778/2037/1836 1779/2098/3159 1765/2038/1837
f 1777/2040/1839 1768/2043/1842 1766/2041/1840
f 1778/2037/1836 1770/2039/1838 1768/2043/1842
f 1782/2044/1843 1783/2050/1849 1775/2045/1844
f 1782/2044/1843 1774/2046/1845 1773/2047/1846
f 1780/2049/1848 1772/2058/1857 1775/2045/1844
f 1786/2051/1850 1787/2054/1853 1778/2037/1836
f 1785/2052/1851 1786/2051/1850 1777/2040/1839
f 1784/2053/1852 1779/2098/3159 1778/2037/1836
f 1771/2055/1854 1764/2104/3160 1780/2049/1848
f 1767/2056/1855 1769/2057/1856 1782/2044/1843
f 1769/2057/1856 1771/2055/1854 1783/2050/1849
f 1772/2058/1857 1784/2053/1852 1787/2054/1853
f 1774/2046/1845 1786/2051/1850 1785/2052/1851
f 1775/2045/1844 1787/2054/1853 1786/2051/1850
f 1802/2059/1858 1803/2106/3161 1789/2038/1859
f 1801/2060/1861 1792/2062/1864 1790/2041/1862
f 1801/2060/1861 1802/2059/1858 1794/2039/1860
f 1806/2063/1865 1807/2068/1871 1799/2064/1866
f 1806/2063/1865 1798/2065/1867 1797/2047/1868
f 1804/2067/1870 1796/2058/1879 1799/2064/1866
f 1811/2069/1872 1802/2059/1858 1801/2060/1861
f 1809/2052/1874 1810/2070/1873 1801/2060/1861
f 1808/2071/1875 1803/2106/3161 1802/2059/1858
f 1795/2072/1876 1788/2104/3162 1804/2067/1870
f 1791/2056/1877 1793/2073/1878 1806/2063/1865
f 1793/2073/1878 1795/2072/1876 1807/2068/1871
f 1796/2058/1879 1808/2071/1875 1811/2069/1872
f 1798/2065/1867 1810/2070/1873 1809/2052/1874
f 1799/2064/1866 1811/2069/1872 1810/2070/1873
f 1838/2074/1880 1814/1985/1890 1817/1984/1881
f 1826/2076/1883 1820/2005/1903 1825/1986/1884
f 1833/2077/1886 1815/2008/1905 1813/1989/1887
f 1838/2074/1880 1836/2081/1894 1816/1992/1889
f 1818/1995/1891 1812/2892/3163 1834/2079/1892
f 1837/2078/1888 1813/1989/1887 1818/1995/1891
f 1834/2079/1892 1812/2892/3163 1816/1992/1889
f 1819/1998/1895 1827/2009/1906 1829/2082/1896
f 1823/2000/1898 1830/2084/1904 1828/2001/1899
f 1828/2001/1899 1827/2009/1906 1819/1998/1895
f 1824/2004/1901 1822/1999/1897 1829/2082/1896
f 1820/2005/1903 1826/2076/1883 1830/2084/1904
f 1833/2077/1886 1826/2076/1883 1832/1988/1885
f 1824/2004/1901 1831/2083/1902 1832/1988/1885
f 1815/2008/1905 1833/2077/1886 1839/2075/1882
f 1827/2009/1906 1834/2079/1892 1836/2081/1894
f 1830/2084/1904 1837/2078/1888 1835/2080/1893
f 1835/2080/1893 1834/2079/1892 1827/2009/1906
f 1831/2083/1902 1829/2082/1896 1836/2081/1894
f 1826/2076/1883 1833/2077/1886 1837/2078/1888
f 1831/2083/1902 1838/2074/1880 1839/2075/1882
f 1842/2011/1907 1845/2035/1933 1867/2085/1908
f 1860/2086/1910 1854/2096/1931 1848/2014/1911
f 1861/2017/1913 1843/2034/1932 1841/2016/1914
f 1866/2012/1909 1864/2091/1920 1844/2019/1916
f 1846/2022/1917 1840/2024/1921 1862/2089/1918
f 1865/2088/1915 1841/2016/1914 1846/2022/1917
f 1864/2091/1920 1862/2089/1918 1840/2024/1921
f 1847/2026/1922 1855/2097/1934 1857/2092/1923
f 1858/2093/1925 1856/2094/1928 1849/2028/1926
f 1856/2094/1928 1855/2097/1934 1847/2026/1922
f 1852/2032/1929 1850/2027/1924 1857/2092/1923
f 1848/2014/1911 1854/2096/1931 1858/2093/1925
f 1867/2085/1908 1861/2017/1913 1854/2096/1931
f 1852/2032/1929 1859/2095/1930 1860/2086/1910
f 1843/2034/1932 1861/2017/1913 1867/2085/1908
f 1857/2092/1923 1855/2097/1934 1862/2089/1918
f 1865/2088/1915 1863/2090/1919 1856/2094/1928
f 1863/2090/1919 1862/2089/1918 1855/2097/1934
f 1859/2095/1930 1857/2092/1923 1864/2091/1920
f 1858/2093/1925 1854/2096/1931 1861/2017/1913
f 1866/2012/1909 1867/2085/1908 1860/2086/1910
f 1882/2059/1935 1874/2039/3164 1869/2038/1936
f 1870/2041/1938 1872/2043/1941 1881/2099/1939
f 1872/2043/1941 1874/2039/3164 1882/2059/1935
f 1886/2100/1942 1878/2105/1957 1879/2101/1943
f 1877/2047/1945 1878/2105/1957 1886/2100/1942
f 1879/2101/1943 1876/2058/1956 1884/2049/1947
f 1890/2051/1948 1881/2099/1939 1882/2059/1935
f 1889/2052/1950 1880/2042/1940 1881/2099/1939
f 1882/2059/1935 1883/2098/1937 1888/2053/1951
f 1875/2055/1952 1887/2102/1944 1884/2049/1947
f 1871/2056/1954 1885/2048/1946 1886/2100/1942
f 1873/2057/1955 1886/2100/1942 1887/2102/1944
f 1891/2103/1949 1888/2053/1951 1876/2058/1956
f 1889/2052/1950 1890/2051/1948 1878/2105/1957
f 1890/2051/1948 1891/2103/1949 1879/2101/1943
f 1906/2059/1958 1898/2039/1964 1893/2038/1959
f 1894/2041/1961 1896/2062/3165 1905/2040/1962
f 1905/2040/1962 1896/2062/3165 1898/2039/1964
f 1910/2107/1965 1902/2111/1980 1903/2108/1966
f 1901/2047/1968 1902/2111/1980 1910/2107/1965
f 1903/2108/1966 1900/2058/1979 1908/2067/1970
f 1905/2040/1962 1906/2059/1958 1915/2109/1971
f 1913/2052/1973 1904/2061/1963 1905/2040/1962
f 1906/2059/1958 1907/2106/1960 1912/2071/1974
f 1899/2072/1975 1911/2050/1967 1908/2067/1970
f 1895/2056/1977 1909/2066/1969 1910/2107/1965
f 1897/2073/1978 1910/2107/1965 1911/2050/1967
f 1915/2109/1971 1912/2071/1974 1900/2058/1979
f 1913/2052/1973 1914/2110/1972 1902/2111/1980
f 1914/2110/1972 1915/2109/1971 1903/2108/1966
f 1977/2112/1981 1985/2176/2036 1922/2113/1982
f 1980/2115/1984 1917/2172/2032 1923/2116/1985
f 1971/2118/1987 1929/2124/1993 1921/2119/1988
f 1925/2121/1990 1916/2175/2035 1958/2122/1991
f 1971/2118/1987 1964/2173/2033 1922/2113/1982
f 1927/2125/1994 1928/2114/1983 1970/2126/1995
f 1963/2120/1989 1921/2119/1988 1920/2128/1997
f 1962/2129/1998 1920/2128/1997 1919/2130/1999
f 1926/2132/2001 1927/2125/1994 1969/2127/1996
f 1966/2134/2003 1924/2138/2007 1926/2132/2001
f 1919/2130/1999 1918/2136/2005 1960/2135/2004
f 1918/2136/2005 1925/2121/1990 1967/2123/1992
f 1959/2137/2006 1917/2172/2032 1924/2138/2007
f 1958/2122/1991 1916/2175/2035 1923/2116/1985
f 1931/2140/2009 1937/1786/1642 1576/1785/1641
f 1637/1892/1731 1936/2145/2014 1942/1890/1729
f 1984/2141/2010 1978/2144/2013 1943/1891/1730
f 1974/2142/2011 1939/1795/1651 1930/1784/1640
f 1978/2144/2013 1985/2176/2036 1936/2145/2014
f 1976/2146/2015 1941/1861/1706 1942/1890/1729
f 1983/2147/2016 1984/2141/2010 1935/1903/1738
f 1982/2148/2017 1983/2147/2016 1934/1887/1726
f 1975/2149/2018 1940/1848/1697 1941/1861/1706
f 1975/2149/2018 1973/2151/2020 1938/1787/1643
f 1982/2148/2017 1933/1846/1695 1932/1793/1649
f 1981/2150/2019 1932/1793/1649 1939/1795/1651
f 1973/2151/2020 1980/2115/1984 1931/2140/2009
f 1979/2143/2012 1930/1784/1640 1937/1786/1642
f 1669/2152/2021 1951/2174/2034 1944/1930/1758
f 1677/2153/1769 1670/2888/1744 1952/1928/1757
f 1671/2155/1768 1953/2159/2024 1946/2156/2023
f 1672/2158/1766 1954/2165/2028 1953/2159/2024
f 1679/2160/1767 1677/2153/1769 1945/2154/2022
f 1679/2160/1767 1947/2161/2025 1948/2162/2026
f 1672/2158/1766 1673/2166/1765 1955/2164/2027
f 1673/2166/1765 1674/2171/1761 1956/2167/2029
f 1680/2163/1764 1948/2162/2026 1949/1931/1759
f 1682/2168/1763 1675/1932/1760 1957/2169/2030
f 1946/2156/2023 1951/2174/2034 1669/2152/2021
f 1682/2168/1763 1950/2170/2031 1956/2167/2029
f 1970/2126/1995 1964/2173/2033 1957/2169/2030
f 1959/2137/2006 1952/1928/1757 1944/1930/1758
f 1917/2172/2032 1959/2137/2006 1965/2139/2008
f 1928/2114/1983 1922/2113/1982 1964/2173/2033
f 1951/2174/2034 1958/2122/1991 1965/2139/2008
f 1952/1928/1757 1959/2137/2006 1966/2134/2003
f 1953/2159/2024 1960/2135/2004 1967/2123/1992
f 1954/2165/2028 1961/2131/2000 1960/2135/2004
f 1947/2161/2025 1945/2154/2022 1966/2134/2003
f 1947/2161/2025 1968/2133/2002 1969/2127/1996
f 1954/2165/2028 1955/2164/2027 1962/2129/1998
f 1955/2164/2027 1956/2167/2029 1963/2120/1989
f 1969/2127/1996 1970/2126/1995 1949/1931/1759
f 1950/2170/2031 1957/2169/2030 1964/2173/2033
f 1967/2123/1992 1958/2122/1991 1951/2174/2034
f 1950/2170/2031 1971/2118/1987 1963/2120/1989
f 1916/2175/2035 1979/2143/2012 1972/2117/1986
f 1924/2138/2007 1917/2172/2032 1980/2115/1984
f 1918/2136/2005 1981/2150/2019 1974/2142/2011
f 1919/2130/1999 1982/2148/2017 1981/2150/2019
f 1926/2132/2001 1924/2138/2007 1973/2151/2020
f 1926/2132/2001 1975/2149/2018 1976/2146/2015
f 1919/2130/1999 1920/2128/1997 1983/2147/2016
f 1920/2128/1997 1921/2119/1988 1984/2141/2010
f 1927/2125/1994 1976/2146/2015 1977/2112/1981
f 1929/2124/1993 1922/2113/1982 1985/2176/2036
f 1974/2142/2011 1979/2143/2012 1916/2175/2035
f 1929/2124/1993 1978/2144/2013 1984/2141/2010
f 1980/2115/1984 1972/2117/1986 1937/1786/1642
f 1936/2145/2014 1985/2176/2036 1977/2112/1981
f 2004/2189/2049 1997/2180/2040 1993/2182/2042
f 1989/2187/2047 1991/2178/2038 2001/2177/2037
f 1990/2191/2051 1996/2184/2044 1994/2183/2043
f 1992/2193/2053 1987/2194/2054 1995/2181/2041
f 1999/2186/2046 2000/2188/2048 1990/2191/2051
f 1992/2193/2053 2001/2177/2037 1998/2179/2039
f 2007/2195/2055 2002/2827/2050 1988/2185/2045
f 2009/2198/2057 2005/2202/2061 2006/2199/2058
f 2011/2201/2060 2008/2826/2847 2005/2202/2061
f 2007/2195/2055 2011/2201/2060 2009/2198/2057
f 2003/2196/2056 2009/2198/2057 2010/2200/2059
f 2041/2203/2062 2034/2893/2076 2017/2204/2063
f 2021/2206/2065 2018/2215/2074 2040/2207/2066
f 2033/2209/2068 2014/2223/2079 2021/2206/2065
f 2041/2203/2062 2020/2205/2064 2015/2210/2069
f 2039/2212/2071 2035/2216/2075 2019/2213/2072
f 2018/2215/2074 2019/2213/2072 2035/2216/2075
f 2039/2212/2071 2016/2214/2073 2017/2217/2063
f 2015/2219/2069 2012/2230/2081 2037/2220/2077
f 2032/2222/2078 2013/2224/2080 2014/2223/2079
f 2037/2220/2077 2012/2230/2081 2013/2224/2080
f 2020/2225/2064 2017/2894/2063 2029/2226/1675
f 2031/1854/1701 2025/1828/1680 2018/2215/2074
f 2014/2223/2079 2028/1781/1637 2031/1854/1701
f 2020/2225/2064 2026/2227/1699 2023/2228/1638
f 2016/2214/2073 2019/2213/2072 2030/1827/1679
f 2025/1828/1680 2030/1827/1679 2019/2213/2072
f 2016/2214/2073 2024/1829/1681 2029/1823/1675
f 2023/1782/1638 2022/1777/1633 2012/2230/2081
f 2013/2224/2080 2027/1779/1635 2028/1781/1637
f 2012/2230/2081 2022/1777/1633 2027/1779/1635
f 1588/2231/2082 2037/2220/2077 2032/2222/2078
f 1590/2232/2083 2032/2222/2078 2033/2209/2068
f 2038/2221/2070 2037/2220/2077 1588/2231/2082
f 1589/2235/2086 2039/2212/2071 2034/2218/2076
f 2040/2207/2066 2035/2216/2075 1593/2237/2088
f 1589/2235/2086 1593/2237/2088 2035/2216/2075
f 2041/2239/2062 2038/2895/2070 1613/2240/2085
f 1612/2233/2084 2033/2209/2068 2036/2208/2067
f 2036/2208/2067 2040/2207/2066 1618/2238/2089
f 1619/2243/2087 2034/2896/2076 2041/2239/2062
f 1593/2237/2088 2046/1834/1685 2042/1832/1683
f 1619/2236/2087 2048/2882/1686 2045/1857/1703
f 1590/2232/2083 1612/2233/2084 2044/1833/1684
f 2050/1839/1689 2051/1842/1690 1613/2234/2085
f 1613/2244/2085 2051/2897/1690 2047/2245/1691
f 1590/2232/2083 2049/1838/1688 2050/1839/1689
f 1619/2247/2087 1591/2246/2090 2047/2245/1691
f 1593/2237/2088 1589/2235/2086 2045/1857/1703
f 1592/2242/2091 2043/1831/1682 2044/1833/1684
f 2042/1832/1683 2043/1831/1682 1592/2242/2091
f 2052/2249/1617 1602/1855/1616 1567/1856/1702
f 2053/2254/1622 1595/2250/2092 1567/1856/1702
f 1092/2258/2093 2121/2898/2180 2127/1971/1779
f 2281/2259/2094 2055/2899/3166 2278/2260/2095
f 2271/2262/2097 2057/2900/3167 2295/2263/2098
f 1101/2265/2100 2100/2321/2148 2130/2266/2101
f 1102/1220/1197 2061/2836/2853 2294/2268/2103
f 2798/2270/2105 2793/2272/2107 2059/1207/1184
f 2800/2271/2106 1100/1205/1182 2059/1207/1184
f 2056/2273/2108 1093/2276/2111 1103/1216/1193
f 2088/2274/2109 2084/2277/2112 2081/1213/1190
f 2799/2275/2110 2056/2273/2108 2065/1218/1195
f 2799/2275/2110 2798/2270/2105 2069/1208/1185
f 2056/2273/2108 2069/1208/1185 1094/1206/1183
f 2088/2274/2109 2091/1201/1178 2082/1200/1177
f 2792/1203/1180 2791/2364/2181 2080/2282/2115
f 2273/2284/2117 2070/2368/2184 1096/2285/2118
f 2153/860/893 2071/862/895 2078/2287/2120
f 2154/2289/2122 2150/2430/2224 2073/2290/2123
f 2154/2289/2122 2063/2291/2124 2079/861/894
f 2790/2293/2126 2075/2426/2220 2296/2294/2127
f 2284/2296/2129 2076/2429/2223 2796/2297/2130
f 2800/2271/2106 2073/2290/2123 2077/2299/2132
f 2078/2287/2120 2074/2837/2854 2151/2301/2134
f 2151/2301/2134 2074/2837/2854 2067/2283/2116
f 1094/2303/1183 2102/2322/2149 2101/2304/2136
f 2083/2306/2137 2098/2310/2140 2132/2307/2138
f 2081/2309/1190 2094/2318/2146 2098/2310/2140
f 2086/2311/2141 2095/2901/2390 2287/2312/2142
f 2082/2314/1177 2087/2371/2186 2097/2315/2144
f 2084/2317/2112 2096/2319/2147 2094/2318/2146
f 2084/2317/2112 2082/2314/1177 2099/2316/2145
f 2101/2304/2136 2105/2346/2163 1103/2320/1193
f 1103/2320/1193 2105/2346/2163 2100/2321/2148
f 1094/2303/1183 1092/2258/2093 2104/1973/1780
f 2129/2323/2150 2092/1214/1191 2083/2324/2137
f 2054/2326/2151 2086/2902/2141 2289/2327/2143
f 2132/2307/2138 2098/2310/2140 1099/2329/2153
f 2096/2319/2147 1090/2333/2157 1098/2331/2155
f 2098/2310/2140 2094/2318/2146 1098/2331/2155
f 2096/2319/2147 2099/2316/2145 853/2332/2156
f 2287/2312/2142 2095/2901/2390 1091/2334/2158
f 2097/2315/2144 1095/2344/2162 853/2332/2156
f 2288/2336/2160 2103/2382/2195 2054/2337/2151
f 2100/2321/2148 2105/2346/2163 2089/2339/1192
f 2130/2266/2101 2100/2321/2148 2092/2340/1191
f 2104/1973/1780 2090/1972/1176 2091/2342/1178
f 2126/2343/2161 2085/2713/2483 1095/2344/2162
f 2101/2304/2136 2102/2322/2149 2091/2342/1178
f 2101/2304/2136 2088/2345/2109 2089/2339/1192
f 2116/2347/2164 2115/2358/2175 2112/2348/2165
f 2114/2350/2167 2107/2354/2171 2109/2351/2168
f 2113/2353/2170 2110/2355/2172 2107/2354/2171
f 2113/2353/2170 2116/2347/2164 2108/2349/2166
f 2106/2356/2173 2117/2352/2169 2109/2351/2168
f 2106/2356/2173 2111/2357/2174 2112/2348/2165
f 2797/2300/2133 2077/2299/2132 2120/2359/2176
f 2277/1211/1188 2066/2855/3155 2118/2361/2178
f 2062/2279/2113 2119/2835/2485 2121/2363/2180
f 2791/2364/2181 2802/2834/2487 2124/2365/2182
f 2125/2366/2102 2122/2903/2488 2072/2281/2114
f 2273/2284/2117 2274/2569/2359 2123/2367/2183
f 2093/2369/2185 2128/2904/2484 2087/2370/2186
f 2087/2371/2186 2128/2716/2484 2126/2343/2161
f 2379/2372/2187 2344/2668/2442 2407/2373/2188
f 2130/2266/2101 2129/2341/2150 2399/2375/2190
f 2132/2307/2138 2131/2330/2154 2406/2377/2192
f 2399/2379/2190 2129/2323/2150 2133/2325/2139
f 2288/2336/2160 2285/2584/1198 1102/2381/1197
f 2299/2383/2196 2103/2382/2195 1102/2381/1197
f 2621/2385/2197 2137/2807/2200 2136/2386/2198
f 2142/2387/2199 2143/2406/1395 2137/2388/2200
f 2134/2390/2202 2136/2407/2198 2145/2391/1396
f 2135/2389/2201 2134/2390/2202 2144/2392/2203
f 2597/1119/1118 2600/2806/2695 2140/2393/2204
f 2146/2395/2206 2139/2401/2209 2141/2396/2205
f 2149/2398/1396 2140/2411/2204 2138/2399/2207
f 2148/2400/2208 2138/2399/2207 2139/2401/2209
f 2142/2402/2199 2144/2405/2203 1318/2403/1394
f 2144/2405/2203 2145/1429/1396 1316/1428/1370
f 1317/2404/1393 1315/2865/1369 2143/1427/1395
f 2143/2406/1395 2145/2391/1396 2136/2407/2198
f 1080/2408/1164 2148/2405/2208 2146/2409/2206
f 1078/1189/1167 2149/2854/1396 2148/2405/2208
f 1079/2410/1165 2146/2409/2206 2147/1188/1166
f 2140/2411/2204 2149/2398/1396 2147/2397/1166
f 2080/2282/2115 2124/2365/2182 2162/2412/2210
f 2077/2299/2132 2156/2905/2342 2161/2414/2212
f 2151/2415/2134 2160/2552/2135 2266/2416/2213
f 2158/2418/2121 2151/2415/2134 2262/2417/2214
f 2257/2420/2216 2154/2424/2122 2152/2421/2125
f 2255/2423/2218 2150/2557/2224 2154/2424/2122
f 2256/2425/2219 2153/2431/893 2158/2418/2121
f 2080/2282/2115 2159/2413/2211 2160/2302/2135
f 2075/2426/2220 2155/2553/2344 2302/2427/2221
f 2290/2428/2222 2157/2556/2347 2076/2429/2223
f 2150/2430/2224 2156/2905/2342 2077/2299/2132
f 2256/2425/2219 2263/2422/2217 2152/2421/2125
f 2176/2432/2225 2188/2462/2247 2183/2433/2226
f 2182/2435/2228 2187/2496/2305 2174/2436/2229
f 2173/2438/2231 2186/2467/2252 2179/2439/2232
f 2839/2441/2234 2177/2799/2254 2164/2442/2235
f 2838/2444/2237 2172/2451/2243 2166/2445/2238
f 2824/2447/2240 2181/2463/2248 2168/2448/2241
f 2838/2444/2237 2834/2484/2236 2164/2450/2235
f 2172/2454/2243 2164/2450/2235 2163/2458/2246
f 2175/2457/2245 2168/2788/2241 2167/2459/2230
f 2165/2460/2233 2166/2445/2238 2172/2454/2243
f 2169/2461/2227 2170/2490/2251 2175/2457/2245
f 2174/2436/2229 2187/2496/2305 2188/2462/2247
f 2181/2463/2248 2182/2435/2228 2167/2437/2230
f 2180/2464/2249 2166/2906/2238 2165/2440/2233
f 2169/2434/2227 2183/2433/2226 2184/2465/2250
f 2186/2467/2252 2173/2438/2231 2171/2468/2244
f 2163/2470/2246 2164/2442/2235 2177/2471/2254
f 2178/2472/2255 2185/2469/2253 2171/2468/2244
f 2219/2473/2256 2220/2531/2320 2224/2474/2257
f 2202/2432/2259 2195/2434/2289 2209/2433/2260
f 2200/2436/2262 2213/2496/2302 2208/2435/2263
f 2199/2438/2265 2191/2440/2288 2205/2439/2266
f 2190/2476/2268 2203/2822/2295 2842/2477/2269
f 2192/2445/2271 2198/2785/2285 2841/2479/2272
f 2218/2480/2274 2219/2473/2256 2230/2475/2258
f 2194/2448/2276 2207/2463/2291 2829/2482/2277
f 2841/2479/2272 2198/2785/2285 2190/2450/2268
f 2223/2481/2275 2235/2510/2315 2238/2485/2279
f 2222/2487/2281 2228/2532/2331 2226/2488/2282
f 2189/2458/2287 2190/2450/2268 2198/2454/2285
f 2193/2459/2264 2194/2788/2276 2201/2457/2286
f 2191/2460/2288 2199/2453/2265 2198/2454/2285
f 2195/2461/2289 2202/2456/2259 2201/2457/2286
f 2214/2462/2261 2213/2496/2302 2200/2436/2262
f 2207/2463/2291 2194/2448/2276 2193/2437/2264
f 2191/2440/2288 2192/2906/2271 2206/2464/2292
f 2210/2465/2293 2209/2433/2260 2195/2434/2289
f 2197/2468/2284 2199/2438/2265 2212/2467/2267
f 2189/2470/2287 2204/2472/2296 2203/2471/2295
f 2197/2468/2284 2211/2469/2294 2204/2472/2296
f 2827/2491/2297 2184/2465/2250 2210/2465/2293
f 2188/2462/2247 2187/2496/2305 2213/2496/2302
f 2178/2472/2255 2177/2471/2254 2203/2471/2295
f 2183/2433/2226 2188/2462/2247 2214/2462/2261
f 2179/2439/2232 2186/2467/2252 2212/2467/2267
f 2183/2433/2226 2209/2433/2260 2210/2465/2293
f 2182/2435/2228 2181/2463/2248 2207/2463/2291
f 2178/2472/2255 2204/2472/2296 2211/2469/2294
f 2833/2497/2303 2180/2786/2249 2206/2498/2292
f 2186/2467/2252 2185/2469/2253 2211/2469/2294
f 2187/2496/2305 2182/2435/2228 2208/2435/2263
f 2179/2439/2232 2205/2439/2266 2206/2464/2292
f 2249/2500/2306 2240/2494/2300 2246/2493/2299
f 2252/2502/2308 2251/2527/2328 2239/2495/2301
f 2226/2488/2282 2228/2532/2331 2232/2504/2310
f 2217/2506/2312 2218/2480/2274 2223/2481/2275
f 2217/2507/2312 2225/2511/2280 2227/2508/2313
f 2230/2475/2258 2237/2537/2332 2235/2510/2315
f 2225/2511/2280 2238/2907/2279 2234/2512/2316
f 2253/2513/2317 2243/2529/2329 2245/2514/2318
f 2216/2509/2314 2227/2508/2313 2229/2517/2321
f 2247/2519/2323 2244/2530/2330 2242/2520/2324
f 2231/2522/2311 2248/2521/2325 2249/2500/2306
f 2234/2524/2316 2253/2534/2317 2254/2515/2319
f 2238/2526/2279 2235/2538/2315 2251/2527/2328
f 2241/2503/2309 2239/2495/2301 2240/2494/2300
f 2227/2508/2313 2234/2512/2316 2236/2528/2327
f 2243/2529/2329 2241/2503/2309 2242/2520/2324
f 2220/2531/2320 2221/2489/2283 2226/2488/2282
f 2248/2521/2325 2242/2520/2324 2240/2494/2300
f 2253/2513/2317 2252/2502/2308 2241/2503/2309
f 2228/2532/2331 2229/2517/2321 2236/2528/2327
f 2233/2523/2326 2249/2500/2306 2250/2501/2307
f 2234/2524/2316 2238/2526/2279 2252/2502/2308
f 2232/2535/2310 2247/2519/2323 2248/2521/2325
f 2224/2474/2257 2226/2488/2282 2231/2505/2311
f 2216/2516/2314 2222/2516/2281 2221/2516/2283
f 2230/2475/2258 2224/2474/2257 2233/2536/2326
f 2251/2527/2328 2250/2501/2307 2246/2493/2299
f 2254/2515/2319 2245/2514/2318 2244/2530/2330
f 2236/2525/2327 2254/2515/2319 2247/2519/2323
f 2217/2516/2312 2221/2516/2283 2220/2516/2320
f 2215/2518/2322 2229/2517/2321 2228/2532/2331
f 2235/2538/2315 2237/2533/2332 2250/2501/2307
f 2372/2539/2333 2364/2543/2337 2263/2422/2217
f 2372/2539/2333 2256/2425/2219 2259/2419/2215
f 2371/2541/2335 2255/2423/2218 2257/2420/2216
f 2373/2542/2336 2257/2420/2216 2263/2422/2217
f 2259/2419/2215 2262/2417/2214 2363/2544/2338
f 2262/2417/2214 2266/2416/2213 2367/2545/2339
f 2159/2546/2211 2162/2908/2210 2261/2547/2340
f 2156/2549/2342 2264/2703/2477 2267/2550/2343
f 2159/2546/2211 2260/2548/2341 2266/2416/2213
f 2155/2553/2344 2258/2704/2478 2303/2554/2345
f 2291/2555/2346 2265/2705/2479 2157/2556/2347
f 2255/2423/2218 2264/2703/2477 2156/2549/2342
f 2275/2558/2348 2279/2286/2119 1096/2285/2118
f 2272/2560/2350 2275/2558/2348 1097/2559/2349
f 845/2562/2352 2270/2565/2355 2276/2563/2353
f 844/1210/1187 2268/1212/1189 2270/2565/2355
f 1085/2566/2356 2269/2567/2357 2272/2560/2350
f 1085/2566/2356 2068/2564/2354 2276/2563/2353
f 2351/2568/2358 2352/2624/2405 2274/2569/2359
f 2357/2570/2360 2277/1211/1188 2280/2362/2179
f 2351/2568/2358 2273/2284/2117 2279/2286/2119
f 2349/2573/2363 2271/2262/2097 2304/2264/2099
f 2292/2261/2096 2278/2260/2095 2358/2575/2365
f 2268/1212/1189 2277/1211/1188 2357/2570/2360
f 2420/2578/2368 2292/2261/2096 2361/2576/2366
f 2419/2580/2370 2291/2555/2346 2290/2428/2222
f 2418/2581/2371 2290/2428/2222 2284/2296/2129
f 2416/2583/2373 2414/2749/2381 2285/2584/1198
f 2416/2583/2373 2288/2336/2160 2283/2338/2152
f 2415/2586/2375 2287/2312/2142 2286/2335/2159
f 2283/2328/2152 2289/2327/2143 2417/2588/2377
f 2289/2313/2143 2287/2312/2142 2415/2586/2375
f 2413/2582/2372 2284/2296/2129 2803/2298/2131
f 2410/2592/2379 2281/2909/2094 2292/2261/2096
f 2411/2593/2380 2282/1219/1196 2285/1221/1198
f 2353/2574/2364 2304/2264/2099 2436/2595/2382
f 2302/2427/2221 2303/2554/2345 2435/2597/2384
f 2296/2294/2127 2302/2427/2221 2434/2598/2385
f 2431/2600/2387 2299/2383/2196 2297/2384/2104
f 2086/2602/2141 2301/2757/2391 2300/2603/2389
f 2054/2326/2151 2298/2759/2512 2301/2605/2391
f 2300/2603/2389 2293/2761/2514 1091/2607/2158
f 2299/2383/2196 2298/2762/2512 2054/2337/2151
f 2804/2295/2128 2296/2294/2127 2428/2599/2386
f 2297/2269/2104 2294/2268/2103 2426/2609/2393
f 2304/2264/2099 2295/2910/2098 2427/2611/2394
f 2309/2612/2395 2306/2773/2523 2395/2613/2396
f 2805/2615/2398 2308/2772/2522 2397/2616/2399
f 2400/2376/2191 2311/2627/2407 2309/2618/2395
f 2397/2616/2399 2308/2772/2522 2314/2620/2401
f 2314/2620/2401 2315/2698/2472 2404/2622/2403
f 2405/2623/2404 2274/2569/2359 2352/2624/2405
f 2402/2626/2194 2133/2308/2139 2132/2307/2138
f 2311/2627/2407 2310/2730/2489 2444/2628/2408
f 2312/2630/2410 2305/2729/2490 2454/2631/2411
f 2444/2633/2408 2310/2728/2489 2313/2634/2413
f 2447/2636/2414 2313/2720/2413 2312/2630/2410
f 2382/2637/2415 2319/2784/2529 2322/2638/2416
f 2381/2640/2418 2318/2783/2528 2328/2641/2419
f 2384/2643/2421 2321/2660/2434 2806/2644/2422
f 2325/2646/2424 2323/2780/2527 2386/2647/2425
f 2320/2649/2427 2325/2782/2424 2388/2650/2426
f 2386/2647/2425 2323/2780/2527 2317/2652/2429
f 2387/2654/2431 2324/2658/2432 2320/2655/2427
f 2387/2654/2431 2385/2711/2417 2322/2657/2416
f 2384/2643/2421 2389/2662/2436 2326/2659/2433
f 2390/2661/2435 2327/2706/2480 2326/2659/2433
f 2391/2642/2420 2328/2641/2419 2362/2663/2437
f 2392/2665/2439 2345/2697/2471 2370/2666/2440
f 2344/2668/2442 2354/2721/2486 2408/2625/2406
f 2378/2669/2443 2343/2680/2454 2437/2670/2444
f 2422/2672/2446 2342/2677/2451 2369/2673/2447
f 2335/2675/2449 2331/2699/2473 2365/2676/2450
f 2342/2677/2451 2332/2700/2474 2366/2678/2452
f 2374/2679/2453 2338/2701/2475 2343/2680/2454
f 2376/2681/2455 2340/2686/2460 2333/2682/2456
f 2365/2676/2450 2331/2699/2473 2334/2683/2457
f 2376/2681/2455 2377/2702/2476 2341/2685/2459
f 2329/2687/2461 2333/2682/2456 2359/2572/2362
f 2339/2689/2463 2329/2687/2461 2355/2688/2462
f 2348/2691/2465 2337/2694/2468 2330/2692/2466
f 2346/2577/2367 2335/2675/2449 2337/2694/2468
f 2347/2695/2469 2336/2696/2470 2339/2689/2463
f 2347/2695/2469 2356/2693/2467 2330/2692/2466
f 2269/2567/2357 2276/2563/2353 2356/2693/2467
f 2269/2567/2357 2347/2695/2469 2350/2690/2464
f 2268/1212/1189 2346/2577/2367 2348/2691/2465
f 2270/2565/2355 2348/2691/2465 2356/2693/2467
f 2350/2690/2464 2355/2688/2462 2275/2558/2348
f 2355/2688/2462 2359/2572/2362 2279/2286/2119
f 2393/2664/2438 2362/2663/2437 2345/2697/2471
f 2315/2698/2472 2379/2372/2187 2409/2374/2189
f 2343/2680/2454 2353/2574/2364 2438/2596/2383
f 2423/2579/2369 2361/2576/2366 2342/2677/2451
f 2346/2577/2367 2357/2570/2360 2331/2699/2473
f 2361/2576/2366 2358/2575/2365 2332/2700/2474
f 2338/2701/2475 2349/2573/2363 2353/2574/2364
f 2340/2686/2460 2351/2568/2358 2359/2572/2362
f 2331/2699/2473 2357/2570/2360 2360/2571/2361
f 2340/2686/2460 2341/2685/2459 2352/2624/2405
f 2260/2548/2341 2261/2547/2340 2377/2702/2476
f 2264/2703/2477 2365/2676/2450 2368/2684/2458
f 2260/2548/2341 2376/2681/2455 2367/2545/2339
f 2258/2704/2478 2374/2679/2453 2378/2669/2443
f 2369/2673/2447 2366/2678/2452 2265/2705/2479
f 2371/2541/2335 2365/2676/2450 2264/2703/2477
f 2424/2674/2448 2369/2673/2447 2291/2555/2346
f 2303/2554/2345 2378/2669/2443 2439/2671/2445
f 2394/2667/2441 2370/2666/2440 2327/2706/2480
f 2363/2544/2338 2367/2545/2339 2333/2682/2456
f 2375/2540/2334 2363/2544/2338 2329/2687/2461
f 2337/2694/2468 2373/2542/2336 2364/2543/2337
f 2335/2675/2449 2371/2541/2335 2373/2542/2336
f 2336/2696/2470 2372/2539/2333 2375/2540/2334
f 2336/2696/2470 2330/2692/2466 2364/2543/2337
f 2316/2707/2481 2307/2774/2524 2396/2708/2482
f 2267/2550/2343 2368/2684/2458 2394/2667/2441
f 2334/2683/2457 2360/2571/2361 2393/2664/2438
f 2368/2684/2458 2334/2683/2457 2392/2665/2439
f 2360/2571/2361 2280/2362/2179 2391/2642/2420
f 2161/2709/2212 2267/2911/2343 2390/2661/2435
f 2120/2710/2176 2161/2709/2212 2389/2662/2436
f 2127/1971/1779 2121/2898/2180 2385/2711/2417
f 2127/1971/1779 2387/2654/2431 2383/2656/2428
f 2126/2343/2161 2386/2647/2425 2380/2653/2430
f 2383/2651/2428 2388/2650/2426 2128/2714/2484
f 2388/2648/2426 2386/2647/2425 2126/2343/2161
f 2120/2710/2176 2384/2643/2421 2807/2645/2423
f 2280/2362/2179 2118/2361/2178 2381/2640/2418
f 2119/2718/2485 2382/2637/2415 2385/2639/2417
f 2274/2569/2359 2405/2623/2404 2396/2708/2482
f 2261/2547/2340 2404/2622/2403 2409/2374/2189
f 2341/2685/2459 2407/2373/2188 2408/2625/2406
f 2313/2720/2413 2402/2626/2194 2401/2378/2193
f 2354/2721/2486 2316/2707/2481 2405/2623/2404
f 2162/2722/2210 2403/2621/2402 2404/2622/2403
f 2124/2724/2182 2397/2616/2399 2403/2621/2402
f 2130/2266/2101 2400/2376/2191 2398/2619/2397
f 2808/2617/2400 2397/2616/2399 2124/2724/2182
f 2398/2614/2397 2395/2613/2396 2122/2726/2488
f 2310/2728/2489 2399/2379/2190 2402/2380/2194
f 2401/2378/2193 2406/2377/2192 2305/2729/2490
f 2400/2376/2191 2399/2375/2190 2310/2730/2489
f 2377/2702/2476 2409/2374/2189 2407/2373/2188
f 2469/2731/2491 2424/2674/2448 2419/2580/2370
f 2468/2733/2493 2423/2579/2369 2422/2734/2446
f 2467/2735/2494 2422/2734/2446 2424/2674/2448
f 2457/2736/2495 2411/2593/2380 2414/2594/2381
f 2456/2738/2497 2410/2592/2379 2420/2578/2368
f 2459/2740/2499 2413/2582/2372 2809/2591/2378
f 2417/2590/2377 2415/2586/2375 2461/2742/2501
f 2412/2589/2374 2417/2588/2377 2463/2744/2502
f 2461/2742/2501 2415/2586/2375 2421/2587/2376
f 2462/2747/2505 2416/2583/2373 2412/2585/2374
f 2462/2747/2505 2460/2779/2496 2414/2749/2381
f 2464/2750/2506 2418/2581/2371 2413/2582/2372
f 2465/2732/2492 2419/2580/2370 2418/2581/2371
f 2466/2739/2498 2420/2578/2368 2423/2579/2369
f 2435/2597/2384 2439/2671/2445 2453/2752/2507
f 2437/2754/2444 2438/2596/2383 2452/2755/2509
f 2439/2671/2445 2437/2754/2444 2451/2756/2510
f 2301/2757/2391 2433/2775/2513 2432/2758/2511
f 2298/2759/2512 2430/2776/2525 2433/2760/2513
f 2432/2758/2511 2425/2777/2526 2293/2761/2514
f 2431/2600/2387 2430/2778/2525 2298/2762/2512
f 2436/2595/2382 2427/2611/2394 2441/2763/2515
f 2429/2610/2388 2426/2609/2393 2440/2765/2517
f 2810/2608/2392 2428/2599/2386 2442/2767/2519
f 2445/2629/2409 2431/2600/2387 2429/2601/2388
f 2428/2599/2386 2434/2598/2385 2448/2770/2521
f 2434/2598/2385 2435/2597/2384 2449/2753/2508
f 2438/2596/2383 2436/2595/2382 2450/2764/2516
f 2452/2771/2509 2450/2764/2516 2316/2707/2481
f 2448/2770/2521 2449/2753/2508 2315/2698/2472
f 2442/2767/2519 2448/2770/2521 2314/2620/2401
f 2311/2627/2407 2445/2629/2409 2443/2769/2518
f 2811/2768/2520 2442/2767/2519 2308/2772/2522
f 2443/2766/2518 2440/2765/2517 2306/2773/2523
f 2450/2764/2516 2441/2763/2515 2307/2774/2524
f 2453/2752/2507 2451/2756/2510 2344/2668/2442
f 2451/2756/2510 2452/2755/2509 2354/2721/2486
f 2449/2753/2508 2453/2752/2507 2379/2372/2187
f 2433/2775/2513 2447/2636/2414 2446/2632/2412
f 2430/2776/2525 2444/2633/2408 2447/2635/2414
f 2446/2632/2412 2454/2631/2411 2425/2777/2526
f 2445/2629/2409 2444/2628/2408 2430/2778/2525
f 2328/2641/2419 2466/2739/2498 2468/2751/2493
f 2327/2706/2480 2465/2732/2492 2464/2750/2506
f 2326/2659/2433 2464/2750/2506 2459/2740/2499
f 2324/2658/2432 2322/2657/2416 2460/2779/2496
f 2324/2658/2432 2462/2747/2505 2458/2748/2503
f 2323/2780/2527 2461/2742/2501 2455/2746/2504
f 2458/2781/2503 2463/2912/2502 2325/2782/2424
f 2463/2743/2502 2461/2742/2501 2323/2780/2527
f 2321/2660/2434 2459/2740/2499 2812/2741/2500
f 2318/2783/2528 2456/2738/2497 2466/2739/2498
f 2319/2784/2529 2457/2736/2495 2460/2737/2496
f 2345/2697/2471 2467/2735/2494 2469/2731/2491
f 2362/2663/2437 2468/2733/2493 2467/2735/2494
f 2370/2666/2440 2469/2731/2491 2465/2732/2492
f 2483/2432/2530 2476/2434/2553 2490/2433/2531
f 2481/2436/2533 2494/2496/2594 2489/2435/2534
f 2480/2438/2536 2472/2440/2552 2486/2439/2537
f 2471/2442/2539 2484/2799/2559 2819/2441/2540
f 2473/2445/2542 2479/2451/2549 2818/2444/2543
f 2475/2448/2545 2488/2463/2555 2781/2447/2546
f 2818/2444/2543 2479/2451/2549 2471/2450/2539
f 2470/2458/2551 2471/2450/2539 2479/2454/2549
f 2474/2459/2535 2475/2788/2545 2482/2457/2550
f 2472/2460/2552 2480/2453/2536 2479/2454/2549
f 2476/2461/2553 2483/2456/2530 2482/2457/2550
f 2495/2462/2532 2494/2496/2594 2481/2436/2533
f 2488/2463/2555 2475/2448/2545 2474/2437/2535
f 2472/2440/2552 2473/2906/2542 2487/2464/2556
f 2491/2465/2557 2490/2433/2531 2476/2434/2553
f 2478/2468/2548 2480/2438/2536 2493/2467/2538
f 2470/2470/2551 2485/2472/2560 2484/2471/2559
f 2478/2468/2548 2492/2469/2558 2485/2472/2560
f 2509/2432/2561 2521/2462/2583 2516/2433/2562
f 2515/2435/2564 2520/2496/2593 2507/2436/2565
f 2506/2438/2567 2519/2467/2588 2512/2439/2568
f 2822/2477/2570 2510/2822/2590 2497/2476/2571
f 2821/2479/2573 2505/2785/2579 2499/2445/2574
f 2786/2482/2576 2514/2463/2584 2501/2448/2577
f 2821/2479/2573 2816/2484/2572 2497/2450/2571
f 2505/2454/2579 2497/2450/2571 2496/2458/2582
f 2508/2457/2581 2501/2788/2577 2500/2459/2566
f 2498/2460/2569 2499/2445/2574 2505/2454/2579
f 2502/2461/2563 2503/2490/2587 2508/2457/2581
f 2507/2436/2565 2520/2496/2593 2521/2462/2583
f 2514/2463/2584 2515/2435/2564 2500/2437/2566
f 2513/2464/2585 2499/2906/2574 2498/2440/2569
f 2502/2434/2563 2516/2433/2562 2517/2465/2586
f 2519/2467/2588 2506/2438/2567 2504/2468/2580
f 2496/2470/2582 2497/2442/2571 2510/2471/2590
f 2511/2472/2591 2518/2469/2589 2504/2468/2580
f 2784/2491/2592 2789/2492/2848 2517/2465/2586
f 2495/2462/2532 2521/2462/2583 2520/2496/2593
f 2485/2472/2560 2511/2472/2591 2510/2471/2590
f 2490/2433/2531 2516/2433/2562 2521/2462/2583
f 2486/2439/2537 2512/2439/2568 2519/2467/2588
f 2517/2465/2586 2516/2433/2562 2490/2433/2531
f 2489/2435/2534 2515/2435/2564 2514/2463/2584
f 2518/2469/2589 2511/2472/2591 2485/2472/2560
f 2813/2497/2595 2815/2499/2850 2513/2498/2585
f 2493/2467/2538 2519/2467/2588 2518/2469/2589
f 2494/2496/2594 2520/2496/2593 2515/2435/2564
f 2513/2464/2585 2512/2439/2568 2486/2439/2537
f 2535/2432/2596 2528/2434/2618 2542/2433/2597
f 2533/2436/2599 2546/2496/2671 2541/2435/2600
f 2532/2438/2602 2524/2440/2617 2538/2439/2603
f 2529/2466/2605 2626/2814/2703 2623/2787/2606
f 2527/2788/2608 2625/2817/2705 2629/2789/2609
f 2525/2790/2611 2633/2820/2708 2632/2791/2612
f 2629/2789/2609 2626/2813/2703 2529/2490/2605
f 2522/2458/2616 2523/2450/2622 2531/2454/2615
f 2526/2459/2601 2527/2788/2608 2534/2457/2610
f 2524/2460/2617 2532/2453/2602 2531/2454/2615
f 2528/2461/2618 2535/2456/2596 2534/2457/2610
f 2547/2462/2598 2546/2496/2671 2533/2436/2599
f 2540/2463/2619 2527/2448/2608 2526/2437/2601
f 2524/2440/2617 2525/2906/2611 2539/2464/2613
f 2543/2465/2607 2542/2433/2597 2528/2434/2618
f 2530/2468/2614 2532/2438/2602 2545/2467/2604
f 2522/2470/2616 2537/2472/2623 2536/2471/2621
f 2530/2468/2614 2544/2469/2620 2537/2472/2623
f 2561/2432/2627 2573/2462/2657 2568/2433/2628
f 2567/2435/2630 2572/2496/2670 2559/2436/2631
f 2558/2438/2633 2571/2467/2661 2564/2439/2634
f 2555/2466/2636 2569/2465/2660 2628/2792/2637
f 2553/2788/2639 2560/2457/2648 2624/2794/2640
f 2589/2475/2642 2596/2537/2700 2592/2536/2643
f 2551/2796/2645 2565/2498/2659 2637/2797/2646
f 2555/2490/2636 2631/2824/2638 2624/2794/2640
f 2585/2488/2649 2590/2505/2694 2591/2504/2650
f 2576/2516/2652 2577/2516/2626 2579/2516/2625
f 2557/2454/2655 2549/2450/2707 2548/2458/2656
f 2560/2457/2648 2553/2788/2639 2552/2459/2632
f 2550/2460/2635 2551/2445/2645 2557/2454/2655
f 2554/2461/2629 2555/2490/2636 2560/2457/2648
f 2559/2436/2631 2572/2496/2670 2573/2462/2657
f 2566/2463/2658 2567/2435/2630 2552/2437/2632
f 2565/2464/2659 2551/2906/2645 2550/2440/2635
f 2554/2434/2629 2568/2433/2628 2569/2465/2660
f 2571/2467/2661 2558/2438/2633 2556/2468/2654
f 2548/2470/2656 2549/2442/2707 2562/2471/2663
f 2563/2472/2664 2570/2469/2662 2556/2468/2654
f 2536/2799/2621 2562/2822/2663 2634/2800/2665
f 2593/2512/2667 2599/2907/2692 2584/2511/2668
f 2547/2462/2598 2573/2462/2657 2572/2496/2670
f 2563/2472/2664 2562/2471/2663 2536/2471/2621
f 2542/2433/2597 2568/2433/2628 2573/2462/2657
f 2538/2439/2603 2564/2439/2634 2571/2467/2661
f 2569/2465/2660 2568/2433/2628 2542/2433/2597
f 2541/2435/2600 2567/2435/2630 2566/2463/2658
f 2570/2469/2662 2563/2472/2664 2537/2472/2623
f 2540/2463/2619 2566/2463/2658 2627/2802/2672
f 2545/2467/2604 2571/2467/2661 2570/2469/2662
f 2546/2496/2671 2572/2496/2670 2567/2435/2630
f 2565/2464/2659 2564/2439/2634 2538/2439/2603
f 2575/2516/2676 2576/2516/2652 2580/2516/2653
f 2594/2510/2677 2596/2537/2700 2589/2475/2642
f 2588/2517/2679 2586/2508/2669 2575/2509/2676
f 2581/2487/2674 2587/2532/2651 2588/2517/2679
f 2583/2474/2644 2585/2488/2649 2580/2489/2653
f 2577/2480/2626 2582/2481/2678 2589/2475/2642
f 2586/2508/2669 2584/2511/2668 2576/2507/2652
f 2580/2489/2653 2585/2488/2649 2587/2532/2651
f 2589/2475/2642 2583/2474/2644 2579/2531/2625
f 2576/2506/2652 2584/2486/2668 2582/2481/2678
f 2605/2520/2680 2607/2530/2698 2610/2519/2681
f 2609/2493/2683 2603/2494/2696 2612/2500/2684
f 2615/2502/2686 2604/2503/2697 2602/2495/2687
f 2608/2514/2689 2606/2529/2699 2616/2513/2690
f 2599/2485/2692 2594/2510/2677 2582/2481/2678
f 2595/2528/2693 2593/2512/2667 2586/2508/2669
f 2587/2532/2651 2591/2504/2650 2595/2528/2693
f 2583/2474/2644 2592/2536/2643 2590/2505/2694
f 2139/2804/2209 2138/2805/2207 2601/1118/1117
f 2138/2805/2207 2140/2393/2204 2600/2806/2695
f 2598/1112/1111 2597/1119/1118 2141/2394/2205
f 1026/1116/1115 2600/2806/2695 2597/1119/1118
f 2604/2503/2697 2605/2520/2680 2603/2494/2696
f 2606/2529/2699 2607/2530/2698 2605/2520/2680
f 2607/2530/2698 2608/2514/2689 2617/2515/2691
f 2603/2494/2696 2605/2520/2680 2611/2521/2682
f 2614/2527/2688 2602/2495/2687 2609/2493/2683
f 2616/2513/2690 2606/2529/2699 2604/2503/2697
f 2593/2524/2667 2616/2534/2690 2615/2502/2686
f 2594/2538/2677 2614/2527/2688 2613/2501/2685
f 2612/2500/2684 2611/2521/2682 2590/2522/2694
f 2610/2519/2681 2617/2515/2691 2595/2525/2693
f 2617/2515/2691 2616/2534/2690 2593/2524/2667
f 2599/2526/2692 2615/2502/2686 2614/2527/2688
f 2613/2501/2685 2612/2500/2684 2592/2523/2643
f 2611/2521/2682 2610/2519/2681 2591/2535/2650
f 2621/2385/2197 2619/1409/1382 1306/1407/1380
f 2137/2807/2200 2621/2385/2197 2620/1403/1376
f 2134/2809/2202 2618/1405/1378 2619/1409/1382
f 2135/2808/2201 2620/1403/1376 2618/1405/1378
f 2630/2795/2641 2624/2794/2640 2635/2810/2701
f 2622/2803/2673 2625/2823/2705 2527/2448/2608
f 2627/2802/2672 2637/2797/2646 2632/2791/2612
f 2629/2789/2609 2640/2818/2706 2636/2812/2702
f 2626/2814/2703 2636/2825/2702 2639/2801/2666
f 2628/2792/2637 2569/2465/2660 2543/2465/2607
f 2631/2793/2638 2628/2792/2637 2634/2800/2665
f 2627/2802/2672 2566/2463/2658 2553/2448/2639
f 2625/2817/2705 2633/2821/2708 2640/2818/2706
f 2624/2794/2640 2631/2824/2638 2641/2819/2704
f 2635/2810/2701 2641/2819/2704 2549/2450/2707
f 2633/2820/2708 2625/2823/2705 2622/2803/2673
f 2640/2818/2706 2531/2451/2615 2523/2450/2622
f 2634/2800/2665 2562/2822/2663 2549/2476/2707
f 2638/2811/2647 2635/2810/2701 2557/2785/2655
f 2639/2801/2666 2636/2825/2702 2523/2442/2622
f 2639/2801/2666 2634/2800/2665 2628/2792/2637
f 2633/2821/2708 2525/2445/2611 2531/2451/2615
f 2638/2798/2647 2637/2797/2646 2627/2802/2672
f 2637/2797/2646 2565/2498/2659 2539/2786/2613
f 2655/2432/2709 2667/2462/2731 2662/2433/2710
f 2661/2435/2712 2666/2496/2783 2653/2436/2713
f 2652/2438/2715 2665/2467/2735 2658/2439/2716
f 2649/2466/2718 2663/2465/2734 2735/2787/2719
f 2647/2788/2721 2654/2457/2727 2741/2789/2722
f 2645/2790/2724 2659/2786/2733 2744/2791/2725
f 2649/2490/2718 2738/2813/2720 2741/2789/2722
f 2651/2454/2729 2643/2450/2819 2642/2458/2730
f 2654/2457/2727 2647/2788/2721 2646/2459/2714
f 2644/2460/2717 2645/2445/2724 2651/2454/2729
f 2648/2461/2711 2649/2490/2718 2654/2457/2727
f 2653/2436/2713 2666/2496/2783 2667/2462/2731
f 2660/2463/2732 2661/2435/2712 2646/2437/2714
f 2659/2464/2733 2645/2906/2724 2644/2440/2717
f 2648/2434/2711 2662/2433/2710 2663/2465/2734
f 2665/2467/2735 2652/2438/2715 2650/2468/2728
f 2642/2470/2730 2643/2442/2819 2656/2471/2737
f 2657/2472/2738 2664/2469/2736 2650/2468/2728
f 2681/2432/2742 2674/2434/2771 2688/2433/2743
f 2679/2436/2745 2692/2496/2781 2687/2435/2746
f 2678/2438/2748 2670/2440/2770 2684/2439/2749
f 2675/2466/2751 2743/2793/2816 2740/2792/2752
f 2673/2788/2754 2742/2795/2811 2736/2794/2755
f 2709/2475/2757 2703/2474/2792 2712/2536/2758
f 2671/2796/2760 2750/2798/2820 2749/2797/2761
f 2736/2794/2755 2743/2824/2816 2675/2490/2751
f 2705/2488/2763 2707/2532/2791 2711/2504/2764
f 2696/2516/2766 2700/2516/2787 2699/2516/2741
f 2668/2458/2769 2669/2450/2775 2677/2454/2768
f 2672/2459/2747 2673/2788/2754 2680/2457/2756
f 2670/2460/2770 2678/2453/2748 2677/2454/2768
f 2674/2461/2771 2681/2456/2742 2680/2457/2756
f 2693/2462/2744 2692/2496/2781 2679/2436/2745
f 2686/2463/2772 2673/2448/2754 2672/2437/2747
f 2670/2440/2770 2671/2906/2760 2685/2464/2762
f 2689/2465/2753 2688/2433/2743 2674/2434/2771
f 2676/2468/2767 2678/2438/2748 2691/2467/2750
f 2668/2470/2769 2683/2472/2776 2682/2471/2774
f 2676/2468/2767 2690/2469/2773 2683/2472/2776
f 2656/2799/2737 2751/2801/2815 2746/2800/2777
f 2704/2511/2778 2717/2907/2805 2713/2512/2779
f 2667/2462/2731 2666/2496/2783 2692/2496/2781
f 2656/2471/2737 2682/2471/2774 2683/2472/2776
f 2662/2433/2710 2667/2462/2731 2693/2462/2744
f 2658/2439/2716 2665/2467/2735 2691/2467/2750
f 2662/2433/2710 2688/2433/2743 2689/2465/2753
f 2661/2435/2712 2660/2463/2732 2686/2463/2772
f 2657/2472/2738 2683/2472/2776 2690/2469/2773
f 2660/2463/2732 2734/2803/2813 2739/2802/2782
f 2665/2467/2735 2664/2469/2736 2690/2469/2773
f 2666/2496/2783 2661/2435/2712 2687/2435/2746
f 2658/2439/2716 2684/2439/2749 2685/2464/2762
f 2695/2516/2785 2701/2516/2784 2700/2516/2787
f 2709/2475/2757 2716/2537/2759 2714/2510/2788
f 2695/2509/2785 2706/2508/2780 2708/2517/2790
f 2701/2487/2784 2694/2518/2786 2708/2517/2790
f 2700/2489/2787 2705/2488/2763 2703/2474/2792
f 2697/2480/2740 2698/2473/2739 2709/2475/2757
f 2696/2507/2766 2704/2511/2778 2706/2508/2780
f 2700/2489/2787 2701/2487/2784 2707/2532/2791
f 2699/2531/2741 2703/2474/2792 2709/2475/2757
f 2696/2506/2766 2697/2480/2740 2702/2481/2789
f 2726/2519/2793 2723/2530/2808 2721/2520/2794
f 2728/2500/2796 2719/2494/2807 2725/2493/2797
f 2731/2502/2799 2730/2527/2810 2718/2495/2800
f 2732/2513/2802 2722/2529/2809 2724/2514/2803
f 2702/2481/2789 2714/2510/2788 2717/2485/2805
f 2706/2508/2780 2713/2512/2779 2715/2528/2806
f 2707/2532/2791 2708/2517/2790 2715/2528/2806
f 2703/2474/2792 2705/2488/2763 2710/2505/2765
f 2720/2503/2801 2718/2495/2800 2719/2494/2807
f 2722/2529/2809 2720/2503/2801 2721/2520/2794
f 2733/2515/2804 2724/2514/2803 2723/2530/2808
f 2727/2521/2795 2721/2520/2794 2719/2494/2807
f 2730/2527/2810 2729/2501/2798 2725/2493/2797
f 2732/2513/2802 2731/2502/2799 2720/2503/2801
f 2713/2524/2779 2717/2526/2805 2731/2502/2799
f 2714/2538/2788 2716/2533/2759 2729/2501/2798
f 2710/2522/2765 2727/2521/2795 2728/2500/2796
f 2715/2525/2806 2733/2515/2804 2726/2519/2793
f 2713/2524/2779 2732/2534/2802 2733/2515/2804
f 2717/2526/2805 2714/2538/2788 2730/2527/2810
f 2712/2523/2758 2728/2500/2796 2729/2501/2798
f 2711/2535/2764 2726/2519/2793 2727/2521/2795
f 2742/2795/2811 2750/2811/2820 2747/2810/2812
f 2734/2803/2813 2660/2463/2732 2647/2448/2721
f 2744/2791/2725 2749/2797/2761 2739/2802/2782
f 2748/2812/2814 2752/2818/2817 2741/2789/2722
f 2751/2801/2815 2748/2825/2814 2738/2814/2720
f 2663/2465/2734 2689/2465/2753 2740/2792/2752
f 2743/2793/2816 2753/2815/2818 2746/2800/2777
f 2673/2448/2754 2686/2463/2772 2739/2802/2782
f 2752/2818/2817 2745/2821/2726 2737/2817/2723
f 2736/2794/2755 2747/2810/2812 2753/2819/2818
f 2747/2810/2812 2677/2785/2768 2669/2450/2775
f 2734/2803/2813 2737/2823/2723 2745/2820/2726
f 2643/2450/2819 2651/2451/2729 2752/2818/2817
f 2669/2476/2775 2682/2822/2774 2746/2800/2777
f 2750/2811/2820 2671/2445/2760 2677/2785/2768
f 2751/2801/2815 2656/2799/2737 2643/2442/2819
f 2751/2801/2815 2735/2787/2719 2740/2792/2752
f 2651/2451/2729 2645/2445/2724 2745/2821/2726
f 2750/2798/2820 2742/2816/2811 2739/2802/2782
f 2659/2786/2733 2685/2498/2762 2749/2797/2761
f 2772/2189/2833 2770/2190/2839 2761/2182/2825
f 2769/2177/2821 2759/2178/2823 2757/2187/2832
f 2762/2183/2827 2764/2184/2829 2758/2191/2834
f 2760/2193/2836 2765/2180/2824 2763/2181/2826
f 2758/2191/2834 2768/2188/2831 2767/2186/2830
f 2760/2193/2836 2755/2194/2837 2766/2179/2822
f 2756/2185/2828 2770/2827/2839 2775/2195/2838
f 2777/2198/2841 2778/2200/2846 2774/2199/2842
f 2779/2201/2844 2777/2198/2841 2773/2202/2843
f 2775/2195/2838 2771/2196/2840 2777/2198/2841
f 2771/2196/2840 2772/2189/2833 2778/2200/2846
f 2001/2177/2037 2769/2177/2821 2768/2188/2831
f 2007/2195/2055 2775/2195/2838 2779/2201/2844
f 1997/2180/2040 2004/2189/2049 2772/2189/2833
f 2006/2199/2058 2005/2202/2061 2773/2202/2843
f 1991/2178/2038 1989/2187/2047 2757/2187/2832
f 1999/2186/2046 1986/2192/2052 2754/2192/2835
f 2005/2202/2061 2008/2826/2847 2776/2826/2845
f 1988/2185/2045 2756/2185/2828 2762/2183/2827
f 2004/2189/2049 2010/2200/2059 2778/2200/2846
f 1994/2183/2043 2762/2183/2827 2754/2192/2835
f 1997/2180/2040 2765/2180/2824 2760/2193/2836
f 1989/2187/2047 1999/2186/2046 2767/2186/2830
f 2008/2826/2847 2011/2201/2060 2779/2201/2844
f 1995/2181/2041 1987/2194/2054 2755/2194/2837
f 1998/2179/2039 2766/2179/2822 2755/2194/2837
f 2007/2195/2055 1996/2184/2044 2764/2184/2829
f 2006/2199/2058 2774/2199/2842 2778/2200/2846
f 1991/2178/2038 2759/2178/2823 2766/2179/2822
f 1993/2182/2042 2761/2182/2825 2770/2190/2839
f 1993/2182/2042 1995/2181/2041 2763/2181/2826
f 2000/2188/2048 2768/2188/2831 2758/2191/2834
f 2002/2827/2050 2770/2827/2839 2756/2185/2828
f 1996/2184/2044 1990/2191/2051 2758/2191/2834
f 2001/2177/2037 1992/2193/2053 2760/2193/2836
f 2514/2463/2584 2786/2482/2576 2781/2447/2546
f 2819/2441/2540 2822/2477/2570 2789/2492/2848
f 2503/2490/2587 2788/2838/2851 2787/2828/2849
f 2815/2499/2850 2786/2482/2576 2785/2483/2578
f 2501/2788/2577 2508/2457/2581 2787/2828/2849
f 2503/2466/2587 2517/2465/2586 2789/2492/2848
f 2782/2832/2852 2783/2838/2855 2477/2490/2554
f 2780/2449/2547 2781/2447/2546 2813/2497/2595
f 2475/2788/2545 2780/2830/2547 2782/2832/2852
f 2477/2466/2554 2783/2839/2855 2784/2491/2592
f 2806/2644/2422 2812/2741/2500 2457/2736/2495
f 2440/2765/2517 2811/2768/2520 2805/2615/2398
f 2426/2609/2393 2810/2608/2392 2811/2768/2520
f 2812/2741/2500 2809/2591/2378 2411/2593/2380
f 2395/2613/2396 2808/2617/2400 2802/2725/2487
f 2801/2717/2177 2807/2645/2423 2382/2637/2415
f 2807/2645/2423 2806/2644/2422 2319/2784/2529
f 2306/2773/2523 2805/2615/2398 2808/2617/2400
f 2294/2268/2103 2804/2295/2128 2810/2608/2392
f 2809/2591/2378 2803/2298/2131 2282/1219/1196
f 2072/2281/2114 2122/2903/2488 2802/2834/2487
f 2062/2279/2113 2797/2300/2133 2801/2360/2177
f 1100/1205/1182 2800/2271/2106 2797/2300/2133
f 2803/2298/2131 2796/2297/2130 2061/2836/2853
f 2061/2836/2853 2790/2293/2126 2804/2295/2128
f 2060/1217/1194 2072/2281/2114 2791/2364/2181
f 2071/862/895 2079/861/894 2798/2270/2105
f 2071/862/895 2799/2275/2110 2795/1209/1186
f 2073/2290/2123 2800/2271/2106 2793/2272/2107
f 2079/861/894 2063/2291/2124 2793/2272/2107
f 2078/2287/2120 2795/1209/1186 2794/1204/1181
f 2794/1204/1181 2792/1203/1180 2067/2283/2116
f 2817/2833/2544 2813/2497/2595 2487/2786/2556
f 2513/2498/2585 2815/2499/2850 2820/2829/2575
f 2510/2822/2590 2822/2477/2570 2819/2441/2540
f 2786/2482/2576 2815/2499/2850 2813/2497/2595
f 2788/2838/2851 2816/2484/2572 2821/2479/2573
f 2787/2828/2849 2821/2479/2573 2820/2446/2575
f 2789/2492/2848 2822/2477/2570 2816/2478/2572
f 2818/2444/2543 2814/2484/2541 2783/2838/2855
f 2817/2446/2544 2818/2444/2543 2782/2832/2852
f 2814/2443/2541 2819/2441/2540 2784/2491/2592
f 2824/2447/2240 2829/2482/2277 2207/2463/2291
f 2839/2441/2234 2827/2491/2297 2832/2492/2298
f 2830/2828/2856 2831/2838/2859 2196/2490/2290
f 2828/2483/2278 2829/2482/2277 2835/2499/2304
f 2194/2788/2276 2828/2830/2278 2830/2828/2856
f 2196/2466/2290 2831/2831/2859 2832/2492/2298
f 2170/2490/2251 2826/2838/2858 2825/2832/2857
f 2833/2497/2303 2824/2447/2240 2823/2449/2242
f 2168/2788/2241 2175/2457/2245 2825/2832/2857
f 2170/2466/2251 2184/2465/2250 2827/2491/2297
f 2180/2786/2249 2833/2497/2303 2837/2833/2239
f 2840/2829/2273 2835/2499/2304 2206/2498/2292
f 2839/2441/2234 2842/2477/2269 2203/2822/2295
f 2833/2497/2303 2835/2499/2304 2829/2482/2277
f 2841/2479/2272 2836/2484/2270 2831/2838/2859
f 2840/2446/2273 2841/2479/2272 2830/2828/2856
f 2836/2478/2270 2842/2477/2269 2832/2492/2298
f 2826/2838/2858 2834/2484/2236 2838/2444/2237
f 2825/2832/2857 2838/2444/2237 2837/2446/2239
f 2827/2491/2297 2839/2441/2234 2834/2443/2236
f 2863/2524/2860 2859/2526/2880 2845/2502/2861
f 2856/2503/2863 2858/2495/2884 2857/2494/2864
f 2869/2532/2866 2868/2517/2892 2861/2528/2867
f 2866/2522/2869 2849/2521/2879 2848/2500/2870
f 2873/2474/2872 2871/2488/2897 2866/2505/2869
f 2864/2523/2871 2848/2500/2870 2847/2501/2873
f 2863/2524/2860 2844/2534/2862 2843/2515/2875
f 2865/2535/2868 2850/2519/2882 2849/2521/2879
f 2859/2526/2880 2862/2538/2885 2846/2527/2881
f 2849/2521/2879 2855/2520/2865 2857/2494/2864
f 2844/2513/2862 2845/2502/2861 2856/2503/2863
f 2861/2525/2867 2843/2515/2875 2850/2519/2882
f 2843/2515/2875 2852/2514/2877 2853/2530/2876
f 2846/2527/2881 2847/2501/2873 2851/2493/2883
f 2862/2538/2885 2860/2533/2874 2847/2501/2873
f 2880/2516/2886 2876/2516/2890 2877/2516/2887
f 2881/2516/2889 2875/2516/2891 2876/2516/2890
f 2875/2487/2891 2882/2518/2898 2868/2517/2892
f 2867/2475/2893 2873/2474/2872 2864/2536/2871
f 2854/2529/2878 2856/2503/2863 2855/2520/2865
f 2870/2508/2894 2863/2512/2860 2861/2528/2867
f 2874/2481/2895 2862/2510/2885 2859/2485/2880
f 2876/2489/2890 2871/2488/2897 2873/2474/2872
f 2879/2480/2888 2878/2473/2899 2867/2475/2893
f 2871/2488/2897 2869/2532/2866 2865/2504/2868
f 2867/2475/2893 2860/2537/2874 2862/2510/2885
f 2881/2509/2889 2870/2508/2894 2868/2517/2892
f 2872/2511/2896 2859/2907/2880 2863/2512/2860
f 2877/2531/2887 2873/2474/2872 2867/2475/2893
f 2850/2519/2882 2853/2530/2876 2855/2520/2865
f 2876/2489/2890 2875/2487/2891 2869/2532/2866
f 2844/2513/2862 2854/2529/2878 2852/2514/2877
f 2845/2502/2861 2846/2527/2881 2858/2495/2884
f 2880/2507/2886 2872/2511/2896 2870/2508/2894
f 2848/2500/2870 2857/2494/2864 2851/2493/2883
f 2880/2506/2886 2879/2480/2888 2874/2481/2895
f 2903/2524/2900 2884/2534/2924 2885/2502/2901
f 2896/2503/2903 2895/2520/2934 2897/2494/2904
f 2909/2532/2906 2905/2504/2921 2901/2528/2907
f 2888/2500/2909 2889/2521/2920 2906/2522/2910
f 2913/2474/2912 2904/2536/2911 2906/2505/2910
f 2887/2501/2914 2888/2500/2909 2904/2523/2911
f 2883/2515/2916 2884/2534/2924 2903/2524/2900
f 2889/2521/2920 2890/2519/2925 2905/2535/2921
f 2899/2526/2902 2885/2502/2901 2886/2527/2922
f 2897/2494/2904 2895/2520/2934 2889/2521/2920
f 2884/2513/2924 2894/2529/2918 2896/2503/2903
f 2890/2519/2925 2883/2515/2916 2901/2525/2907
f 2893/2530/2917 2892/2514/2919 2883/2515/2916
f 2886/2527/2922 2898/2495/2905 2891/2493/2926
f 2902/2538/2923 2886/2527/2922 2887/2501/2914
f 2920/2516/2927 2919/2516/2938 2917/2516/2928
f 2921/2516/2930 2920/2516/2927 2916/2516/2929
f 2915/2487/2931 2909/2532/2906 2908/2517/2908
f 2907/2475/2933 2900/2537/2915 2904/2536/2911
f 2894/2529/2918 2893/2530/2917 2895/2520/2934
f 2901/2528/2907 2903/2512/2900 2910/2508/2935
f 2899/2485/2902 2902/2510/2923 2914/2481/2936
f 2913/2474/2912 2911/2488/2913 2916/2489/2929
f 2919/2480/2938 2914/2481/2936 2907/2475/2933
f 2911/2488/2913 2906/2505/2910 2905/2504/2921
f 2902/2510/2923 2900/2537/2915 2907/2475/2933
f 2908/2517/2908 2910/2508/2935 2921/2509/2930
f 2903/2512/2900 2899/2907/2902 2912/2511/2937
f 2907/2475/2933 2913/2474/2912 2917/2531/2928
f 2895/2520/2934 2893/2530/2917 2890/2519/2925
f 2916/2489/2929 2911/2488/2913 2909/2532/2906
f 2892/2514/2919 2894/2529/2918 2884/2513/2924
f 2885/2502/2901 2896/2503/2903 2898/2495/2905
f 2910/2508/2935 2912/2511/2937 2920/2507/2927
f 2891/2493/2926 2897/2494/2904 2888/2500/2909
f 2920/2506/2927 2912/2486/2937 2914/2481/2936
f 3102/1434/2940 3104/1459/2963 3083/1433/2941
f 3086/1436/2943 3095/1438/2947 3103/1437/2944
f 3087/1439/2946 3096/1440/3109 3095/1438/2947
f 3099/1442/2948 3106/1637/2954 3085/1441/2949
f 3088/1444/2951 3097/1446/2960 3105/1445/2952
f 3106/1447/2954 3102/1434/2940 3094/1435/2942
f 3084/1449/2953 3105/1445/2952 3107/1450/2955
f 3098/1452/2957 3096/2842/3109 3087/1451/2946
f 3092/1454/2959 3101/1455/2964 3097/1446/2960
f 3100/1456/2961 3098/1452/2957 3089/1453/2958
f 3107/1450/2955 3099/1442/2948 3090/1443/2950
f 3104/1459/2963 3100/1456/2961 3091/1457/2962
f 3082/1460/2945 3103/1437/2944 3101/1455/2964
f 2961/1461/2965 2956/1463/2969 2955/1462/2966
f 2960/1464/2968 2957/1465/2992 2956/1463/2969
f 2958/1466/2970 2957/1465/2992 2960/1464/2968
f 2954/1474/2977 2958/1602/2970 2959/1473/2971
f 2962/1476/2967 2955/1462/2966 2952/1477/2976
f 2974/1478/2979 2966/1471/2975 2964/1468/2972
f 2976/1479/2980 2964/1468/2972 2965/1469/2974
f 2981/1480/2982 2959/1467/2971 2960/1464/2968
f 2980/1481/2983 2960/1464/2968 2961/1461/2965
f 2979/1482/2984 2961/1461/2965 2962/1476/2967
f 2978/1483/2985 2962/1476/2967 2966/1484/2975
f 3050/1486/2986 3049/1554/3050 3116/1485/2987
f 3002/1488/2989 3003/1583/3070 2953/1470/2973
f 2954/1474/2977 2984/1490/3030 3122/1489/2990
f 2958/1466/2970 2982/1492/3083 2983/1491/2991
f 2986/1494/2993 2985/2866/2996 2988/1493/2994
f 2985/1497/2996 2986/2867/2993 3012/1496/2997
f 2988/1493/2994 2985/2866/2996 3013/1499/2998
f 2990/1501/3000 2991/1606/3084 2956/1463/2969
f 2995/1503/3001 2994/2868/3004 2992/1502/3002
f 2994/1506/3004 2995/2869/3001 3015/1505/3005
f 2996/1508/3007 2997/1607/3085 2955/1462/2966
f 3000/1510/3008 3001/2870/3131 3021/1509/3009
f 3004/1512/3011 3002/1608/2989 2952/1477/2976
f 3025/1513/3012 3006/1515/3136 3007/1514/3013
f 3008/1517/3015 3006/2871/3136 3025/1516/3012
f 3010/1500/2999 3013/1499/2998 3041/1519/3017
f 3013/1498/2998 3012/1496/2997 3039/1521/3019
f 3066/1523/3020 3016/1507/3006 3015/1505/3005
f 3020/1511/3010 3021/1509/3009 3069/1524/3022
f 3022/1518/3016 3025/1516/3012 3075/1526/3024
f 3075/1528/3024 3025/1513/3012 3024/1529/3014
f 3123/1530/3027 3026/1532/3047 3027/1531/3028
f 3062/1535/3033 3029/1537/3058 3028/1536/3034
f 3034/1539/3036 3035/1573/3064 3072/1538/3037
f 3036/1542/3039 3038/1578/3026 3081/1541/3040
f 3037/1545/3042 3036/1579/3039 3077/1544/3041
f 3041/1522/3017 3039/1521/3019 3047/1547/3044
f 3043/1552/3046 3045/1553/3048 3027/1531/3028
f 3044/1534/3031 3046/1520/3018 3048/1549/3045
f 3048/1548/3045 3047/1547/3044 3045/1553/3048
f 3054/1555/3049 3053/1563/3055 3049/1554/3050
f 3051/1557/3051 3050/1566/2986 3117/1556/2988
f 3052/1560/3053 3051/1565/3051 3118/1559/3052
f 3053/1563/3055 3054/1555/3049 3055/1562/3056
f 3056/1564/3057 3055/1562/3056 3051/1565/3051
f 3055/1567/3056 3054/2872/3049 3050/1566/2986
f 3029/1537/3058 3059/1569/3062 3058/1568/3059
f 3062/1535/3033 3061/2841/3035 3127/1570/3060
f 3059/1569/3062 3066/1523/3020 3065/1572/3021
f 3064/1574/3063 3063/1575/3065 3035/1573/3064
f 3068/1525/3023 3069/1524/3022 3063/1575/3065
f 3071/1540/3038 3072/1538/3037 3131/1576/3066
f 3073/1527/3025 3075/1526/3024 3036/1579/3039
f 3078/1546/3043 3077/1544/3041 3079/1580/3068
f 3079/1582/3068 3081/1541/3040 3003/1583/3070
f 3080/1581/3069 3079/1580/3068 3134/1585/3071
f 3109/1588/3073 3108/1593/3076 3113/1587/3074
f 3111/1594/3078 3110/1601/3079 3108/1593/3076
f 3110/1595/3079 3117/1556/2988 3112/1591/3077
f 3117/1487/2988 3116/1485/2987 3115/1596/3080
f 2959/1473/2971 3112/1597/3077 3115/1596/3080
f 3113/1590/3074 3112/1591/3077 2959/1467/2971
f 3114/1589/3075 3113/1587/3074 2973/1599/3081
f 3119/1561/3054 3118/1559/3052 3110/1601/3079
f 3123/1604/3027 2982/1603/3083 3122/1489/2990
f 3026/1550/3047 3123/1604/3027 3126/1533/3032
f 2982/1492/3083 3123/1530/3027 3124/1605/3029
f 3128/1571/3061 3127/1570/3060 2991/1606/3084
f 3130/1577/3067 3131/1576/3066 2997/1607/3085
f 3135/1586/3072 3134/1585/3071 3002/1608/2989
f 2947/1609/3086 2929/1611/3108 2933/1610/3087
f 2924/1613/3089 2925/1619/3095 2946/1612/3090
f 2932/1616/3092 2927/1631/3105 2944/1615/3093
f 2925/1619/3095 2926/1623/3099 2942/1618/3096
f 2948/1620/3088 2933/1610/3087 2935/1621/3097
f 2926/1623/3099 2930/1650/3106 2940/1622/3100
f 2939/1624/3101 2934/1625/3119 2932/1616/3092
f 2937/1626/3102 2931/1628/3118 2923/1627/3103
f 2935/1621/3097 2934/1625/3119 2939/1624/3101
f 2927/1631/3105 2931/2873/3118 2937/1630/3102
f 2930/1633/3106 2928/1635/3120 2936/1632/3107
f 2936/1632/3107 2928/1635/3120 2929/1611/3108
f 2938/1636/3104 2923/1627/3103 2924/1613/3089
f 3103/1437/2944 2947/1609/3086 2948/1620/3088
f 3104/1459/2963 2945/1614/3091 2946/1612/3090
f 2943/1617/3094 2944/1615/3093 3099/1442/2948
f 3100/1456/2961 2946/1612/3090 2942/1618/3096
f 3101/1455/2964 2948/1620/3088 2941/1629/3098
f 3098/1452/2957 2942/1618/3096 2940/1622/3100
f 2939/1624/3101 2943/1617/3094 3107/1450/2955
f 2937/1626/3102 2938/1636/3104 3102/1434/2940
f 3097/1446/2960 2941/1629/3098 2939/1624/3101
f 2944/1615/3093 2937/1630/3102 3106/1637/2954
f 3096/1440/3109 2940/1634/3100 2936/1632/3107
f 3095/1438/2947 2936/1632/3107 2947/1609/3086
f 3102/1434/2940 2938/1636/3104 2945/1614/3091
f 2953/1470/2973 2951/1657/3121 2967/1638/3110
f 2949/1640/3111 2950/1661/3124 3121/1639/3112
f 2975/1642/2981 2965/1469/2974 2967/1638/3110
f 2972/1643/3115 3120/1644/3152 2963/1475/2978
f 2967/1638/3110 2968/1641/3113 2969/1645/3116
f 3121/1639/3112 3120/1644/3152 2972/1643/3115
f 2931/1628/3118 2973/1598/3081 2981/1480/2982
f 2968/1641/3113 3121/1639/3112 2970/1647/3117
f 2977/1600/3082 2973/1599/3081 2931/1648/3118
f 2969/1645/3116 2970/1647/3117 2934/1625/3119
f 2970/1647/3117 2972/1643/3115 2932/1616/3092
f 2978/1483/2985 2974/2840/2979 2930/1650/3106
f 2933/1610/3087 2971/1651/3114 2969/1645/3116
f 2925/1619/3095 2979/1482/2984 2978/1483/2985
f 2972/1643/3115 2977/1600/3082 2927/1649/3105
f 2924/1613/3089 2980/1481/2983 2979/1482/2984
f 2929/1611/3108 2975/1652/2981 2971/1651/3114
f 2923/1627/3103 2981/1480/2982 2980/1481/2983
f 2928/1635/3120 2976/1653/2980 2975/1652/2981
f 2974/1654/2979 2976/1653/2980 2928/1635/3120
f 2991/1655/3084 3129/1668/3126 2949/1640/3111
f 2951/1657/3121 3132/1659/3151 3133/1658/3122
f 3011/1660/3123 2987/1495/2995 2988/1493/2994
f 2950/1661/3124 3125/1662/3143 2984/1490/3030
f 2983/1491/2991 3125/1662/3143 2950/1661/3124
f 3012/1664/2997 2986/1494/2993 2987/1495/2995
f 3015/1665/3005 2995/1503/3001 2993/1504/3003
f 2950/1661/3124 2989/1667/3150 2990/1666/3000
f 3129/1668/3126 2989/1667/3150 2950/1661/3124
f 2992/1502/3002 2994/2868/3004 3016/1669/3006
f 3014/1671/3125 2993/1504/3003 2992/1502/3002
f 3019/1672/3128 2998/1674/3132 2999/1673/3129
f 2949/1640/3111 3133/1658/3122 2996/1675/3007
f 2997/1676/3085 3132/1659/3151 2951/1657/3121
f 3001/1678/3131 3000/1679/3008 2999/1673/3129
f 2999/1673/3129 3000/1679/3008 3020/1680/3010
f 3021/1682/3009 3001/1678/3131 2998/1674/3132
f 3009/1684/3133 3008/2874/3015 3022/1683/3016
f 2953/1470/2973 3003/1583/3070 3005/1686/3135
f 2951/1657/3121 3005/1686/3135 3004/1687/3011
f 3006/1515/3136 3008/2874/3015 3009/1684/3133
f 3024/1529/3014 3007/1514/3013 3009/1684/3133
f 3012/1664/2997 3011/1660/3123 3040/1688/3137
f 3040/1688/3137 3011/1660/3123 3010/1500/2999
f 3014/1671/3125 3017/1670/3127 3060/1690/3138
f 3017/1670/3127 3016/1669/3006 3066/1692/3020
f 3065/1693/3021 3015/1665/3005 3014/1671/3125
f 3069/1694/3022 3021/1682/3009 3019/1672/3128
f 3018/1681/3130 3020/1680/3010 3068/1695/3023
f 3070/1697/3140 3019/1672/3128 3018/1681/3130
f 3038/1578/3026 3024/1529/3014 3023/1685/3134
f 3023/1685/3134 3022/1683/3016 3073/1698/3025
f 3125/1662/3143 3042/1700/3149 3044/1534/3031
f 3027/1701/3028 3042/1700/3149 3125/1662/3143
f 3033/1708/3146 3067/1696/3141 3064/1709/3063
f 3076/1715/3148 3074/1699/3142 3037/1716/3042
f 3081/1541/3040 3038/1578/3026 3074/1699/3142
f 3047/1717/3044 3040/1688/3137 3042/1700/3149
f 3042/1700/3149 3040/1688/3137 3046/1520/3018
f 3116/1485/2987 3049/1554/3050 3052/1560/3053
f 3049/1554/3050 3053/1563/3055 3056/1564/3057
f 3058/1719/3059 3057/1691/3139 3031/1703/3144
f 3030/1705/3145 3060/1690/3138 3059/1720/3062
f 3057/1691/3139 3060/1690/3138 3030/1705/3145
f 3031/1703/3144 3030/1705/3145 2989/1667/3150
f 2989/1667/3150 3030/1705/3145 3062/1706/3033
f 3061/1702/3035 3031/1703/3144 3129/1668/3126
f 3032/1713/3147 3070/1697/3140 3067/1696/3141
f 3063/1722/3065 3070/1697/3140 3032/1713/3147
f 3072/1712/3037 3032/1713/3147 3132/1659/3151
f 3133/1658/3122 3033/1708/3146 3071/1710/3038
f 3132/1659/3151 3032/1713/3147 3033/1708/3146
f 3005/1686/3135 3076/1715/3148 3080/1724/3069
f 3003/1583/3070 3081/1541/3040 3076/1715/3148
f 3115/1596/3080 3116/1485/2987 3111/1594/3078
f 2963/1475/2978 3115/1596/3080 3114/1589/3075
f 2950/1661/3124 2954/1474/2977 3120/1644/3152
f 2951/1657/3121 2949/1640/3111 2968/1641/3113
o hair
v 0.000000 1.341201 -0.062708
v 0.000000 1.311307 -0.024233
v 0.000000 1.474652 -0.114638
v 0.000000 1.513158 -0.074105
v 0.000000 1.532619 -0.020893
v 0.000000 1.523940 0.023731
v 0.000000 1.491956 0.089854
v -0.083624 1.373554 0.045836
v -0.058160 1.324350 0.013626
v -0.089711 1.384585 0.035764
v -0.059953 1.326655 0.003582
v -0.033314 1.484855 0.077370
v -0.034357 1.520008 0.007811
v -0.040695 1.523736 -0.029041
v -0.036828 1.476058 0.084551
v -0.069422 1.497644 -0.011671
v 0.000000 1.375040 -0.100819
v 0.000000 1.314746 -0.005576
v 0.000000 1.509245 0.070098
v -0.063403 1.495430 -0.082127
v 0.000000 1.308948 -0.018857
v -0.060564 1.464826 0.073078
v 0.000000 1.493841 0.087837
v -0.075691 1.442470 -0.092760
v -0.082815 1.408575 0.058802
v -0.098564 1.400135 -0.059958
v 0.000000 1.313614 -0.007166
v -0.073634 1.420562 -0.095755
v -0.076525 1.361291 0.050988
v -0.080292 1.349794 -0.021212
v -0.081664 1.359883 -0.057260
v -0.057394 1.391524 -0.097249
v -0.057251 1.330426 0.016296
v -0.045838 1.328085 -0.025747
v -0.045153 1.346638 -0.056465
v -0.037010 1.378296 -0.099044
v -0.089511 1.405570 0.048642
v -0.047417 1.483276 0.074500
v -0.025456 1.489182 0.081909
v -0.046408 1.473804 0.079997
v -0.077035 1.497565 -0.043473
v -0.054321 1.490398 0.056398
v -0.051079 1.479301 0.072147
v -0.093120 1.475260 -0.050344
v -0.087848 1.472067 -0.016599
v -0.068109 1.474546 0.048986
v -0.072114 1.456807 0.060537
v -0.070997 1.448635 0.070383
v -0.078555 1.429036 0.067157
v -0.102330 1.433910 -0.016723
v -0.103205 1.432665 -0.056077
v -0.086534 1.436591 0.037254
v -0.078322 1.440999 0.053676
v -0.080926 1.384056 0.051837
v -0.084314 1.418669 0.052296
v -0.105627 1.394388 -0.017324
v -0.061576 1.471405 0.066118
v -0.075670 1.474839 -0.087698
v -0.093946 1.403254 0.038301
v -0.014137 1.487991 0.084198
v -0.011588 1.479657 0.092830
v -0.034523 1.510220 -0.077379
v -0.029981 1.504254 0.061311
v -0.083595 1.428593 0.051746
v 0.083624 1.373554 0.045836
v 0.058160 1.324350 0.013626
v 0.089711 1.384585 0.035764
v 0.059953 1.326655 0.003582
v 0.033314 1.484855 0.077370
v 0.034357 1.520008 0.007811
v 0.040695 1.523736 -0.029041
v 0.036828 1.476058 0.084551
v 0.069422 1.497644 -0.011671
v 0.063403 1.495430 -0.082127
v 0.060564 1.464826 0.073078
v 0.075691 1.442470 -0.092760
v 0.082815 1.408575 0.058802
v 0.098564 1.400135 -0.059958
v 0.073634 1.420562 -0.095755
v 0.076525 1.361291 0.050988
v 0.080292 1.349794 -0.021212
v 0.081664 1.359883 -0.057260
v 0.057394 1.391524 -0.097249
v 0.057251 1.330426 0.016296
v 0.045838 1.328085 -0.025747
v 0.045153 1.346638 -0.056465
v 0.037010 1.378296 -0.099044
v 0.089511 1.405570 0.048642
v 0.047417 1.483276 0.074500
v 0.025456 1.489182 0.081909
v 0.046408 1.473804 0.079997
v 0.077035 1.497565 -0.043473
v 0.054321 1.490398 0.056398
v 0.051079 1.479301 0.072147
v 0.093120 1.475260 -0.050344
v 0.087848 1.472067 -0.016599
v 0.068109 1.474546 0.048986
v 0.072114 1.456807 0.060537
v 0.070997 1.448635 0.070383
v 0.078555 1.429036 0.067157
v 0.102330 1.433910 -0.016723
v 0.103205 1.432665 -0.056077
v 0.086534 1.436591 0.037254
v 0.078322 1.440999 0.053676
v 0.080926 1.384056 0.051837
v 0.084314 1.418669 0.052296
v 0.105627 1.394388 -0.017324
v 0.061576 1.471405 0.066118
v 0.075670 1.474839 -0.087698
v 0.093946 1.403254 0.038301
v 0.014137 1.487991 0.084198
v 0.011588 1.479657 0.092830
v 0.034523 1.510220 -0.077379
v 0.029981 1.504254 0.061311
v 0.083595 1.428593 0.051746
v 0.000000 1.512584 0.074100
v 0.000000 1.526061 0.040758
v 0.059698 1.329580 0.096910
v 0.107062 1.370294 0.044647
v 0.104753 1.415975 0.037318
v 0.081717 1.425718 0.087116
v 0.092055 1.459461 0.022163
v 0.073046 1.453453 0.077602
v 0.066390 1.371102 0.104939
v 0.099082 1.347258 0.048571
v 0.092881 1.350698 0.060181
v 0.082341 1.335755 0.055461
v 0.103760 1.371381 0.052755
v 0.076246 1.387866 0.099951
v 0.086659 1.341366 0.056456
v 0.090722 1.339556 0.051936
v 0.070769 1.350444 0.095747
v 0.084091 1.339572 0.074656
v 0.045354 1.516227 0.023437
v 0.032676 1.506650 0.074633
v 0.085026 1.382576 0.089342
v 0.077220 1.364193 0.092532
v 0.052117 1.353347 0.111770
v 0.067158 1.356341 0.102711
v 0.059221 1.360247 0.108722
v 0.000000 1.493090 0.094163
v 0.000000 1.513481 0.055736
v -0.082682 1.398658 0.072862
v -0.082653 1.399058 0.074955
v -0.078918 1.435706 0.077196
v -0.060175 1.409586 0.100075
v -0.033893 1.503054 0.065236
v -0.005492 1.469988 0.105673
v 0.000000 1.505146 0.079005
v -0.073427 1.430240 0.091307
v -0.082682 1.398658 0.072862
v -0.026888 1.495401 0.094527
v 0.080942 1.399336 0.077202
v 0.078918 1.435706 0.077196
v 0.060175 1.409586 0.100075
v 0.033893 1.503054 0.065236
v 0.005492 1.469988 0.105673
v 0.073427 1.430240 0.091307
v 0.082653 1.399058 0.074955
v 0.026888 1.495401 0.094527
v -0.021908 1.444946 0.115551
v -0.060018 1.478676 0.069359
v -0.049910 1.470955 0.096816
v 0.021908 1.444946 0.115551
v 0.060018 1.478676 0.069359
v 0.049910 1.470955 0.096816
v 0.058875 1.484049 0.071909
v 0.074324 1.491718 0.017083
v -0.077659 1.470585 -0.061362
v -0.125080 1.487660 -0.071628
v -0.067068 1.473825 -0.095076
v -0.113331 1.490457 -0.111396
v -0.077830 1.494818 -0.053803
v -0.109702 1.508495 -0.060522
v -0.064773 1.497839 -0.091933
v -0.095095 1.510462 -0.100824
v -0.090395 1.274770 -0.060255
v -0.098130 1.310896 -0.003419
v -0.164047 1.301810 -0.004231
v -0.157933 1.275915 -0.065222
v -0.057721 1.114265 0.155701
v -0.069885 1.111240 0.184753
v -0.100361 1.108177 0.175499
v -0.087974 1.104758 0.152028
v -0.089836 1.021877 0.153796
v -0.064905 1.273408 0.003546
v -0.127222 1.260244 0.005575
v -0.138893 1.276951 0.034567
v -0.078993 1.285865 0.045186
v 0.077659 1.470585 -0.061362
v 0.125080 1.487660 -0.071628
v 0.067068 1.473825 -0.095076
v 0.113331 1.490457 -0.111396
v 0.077830 1.494818 -0.053803
v 0.109702 1.508495 -0.060522
v 0.064773 1.497839 -0.091933
v 0.095095 1.510462 -0.100824
v 0.090395 1.274770 -0.060255
v 0.098130 1.310896 -0.003419
v 0.164047 1.301810 -0.004231
v 0.157933 1.275915 -0.065222
v 0.057721 1.114265 0.155701
v 0.069885 1.111240 0.184753
v 0.100361 1.108177 0.175499
v 0.087974 1.104758 0.152028
v 0.089836 1.021877 0.153796
v -0.057238 1.173664 0.131447
v 0.064905 1.273408 0.003546
v 0.127222 1.260244 0.005575
v 0.138893 1.276951 0.034567
v 0.078993 1.285865 0.045186
v 0.137183 1.396150 -0.128271
v 0.141428 1.409078 -0.070046
v 0.088419 1.401348 -0.061929
v 0.084573 1.385686 -0.118845
v -0.137183 1.396150 -0.128271
v -0.141428 1.409078 -0.070046
v -0.088419 1.401348 -0.061929
v -0.084573 1.385686 -0.118845
v 0.120135 1.045404 0.153102
v 0.103884 1.227669 0.078210
v 0.085225 1.216907 0.124793
v 0.134561 1.100533 0.149290
v 0.126060 1.151182 0.139678
v 0.117931 1.070642 0.161912
v 0.134852 1.071015 0.152968
v 0.090255 1.158105 0.158793
v 0.105331 1.107796 0.164839
v -0.120135 1.045404 0.153102
v -0.103884 1.227669 0.078210
v -0.085225 1.216907 0.124793
v -0.134561 1.100533 0.149290
v -0.126060 1.151182 0.139678
v -0.117931 1.070642 0.161912
v -0.134852 1.071015 0.152968
v -0.090255 1.158105 0.158793
v -0.105331 1.107796 0.164839
v 0.058428 1.227429 0.092235
v 0.119923 1.222271 0.119578
v 0.103444 1.215829 0.085572
v 0.075025 1.227179 0.133891
v -0.058428 1.227429 0.092235
v -0.119923 1.222271 0.119578
v -0.103444 1.215829 0.085572
v -0.075025 1.227179 0.133891
v -0.107139 1.166393 0.155031
v -0.093193 1.162165 0.127375
v -0.070890 1.170087 0.165708
v 0.057238 1.173664 0.131447
v 0.107139 1.166393 0.155031
v 0.093193 1.162165 0.127375
v 0.070890 1.170087 0.165708
v 0.082159 1.341303 0.077856
v 0.105601 1.394328 0.044735
v 0.102139 1.372349 0.055942
v 0.091420 1.351956 0.063219
v 0.106291 1.397839 0.042562
v 0.065618 1.357100 0.103934
v 0.074472 1.366163 0.096184
v -0.059698 1.329580 0.096910
v -0.107062 1.370294 0.044647
v -0.104753 1.415975 0.037318
v -0.081717 1.425718 0.087116
v -0.092055 1.459461 0.022163
v -0.073046 1.453453 0.077602
v -0.066390 1.371102 0.104939
v -0.099082 1.347258 0.048571
v -0.092881 1.350698 0.060181
v -0.082341 1.335755 0.055461
v -0.103760 1.371381 0.052755
v -0.076246 1.387866 0.099951
v -0.086659 1.341366 0.056456
v -0.090722 1.339556 0.051936
v -0.070769 1.350444 0.095747
v -0.084091 1.339572 0.074656
v -0.045354 1.516227 0.023437
v -0.032676 1.506650 0.074633
v -0.085026 1.382576 0.089342
v -0.077220 1.364193 0.092532
v -0.052117 1.353347 0.111770
v -0.067158 1.356341 0.102711
v -0.059221 1.360247 0.108722
v -0.058875 1.484049 0.071909
v -0.074324 1.491718 0.017083
v -0.082159 1.341303 0.077856
v -0.105601 1.394328 0.044735
v -0.102139 1.372349 0.055942
v -0.091420 1.351956 0.063219
v -0.106291 1.397839 0.042562
v -0.065618 1.357100 0.103934
v -0.074472 1.366163 0.096184
v 0.100897 1.439735 0.030432
v 0.116848 1.419286 0.026589
v 0.103970 1.411798 0.033526
v 0.140269 1.406225 0.026623
v 0.090059 1.433218 0.035096
v 0.127755 1.409163 0.028710
v 0.129756 1.411477 0.025999
v 0.092621 1.457517 0.036736
v 0.093209 1.461710 0.036711
v -0.089810 1.457010 0.018930
v -0.111054 1.419116 0.031334
v -0.122375 1.425704 0.031186
v -0.110833 1.376554 0.040591
v -0.098831 1.461918 0.018097
v -0.123686 1.396797 0.034426
v -0.114369 1.395118 0.033839
v -0.066155 1.489808 0.015958
v 0.041036 1.427256 0.111113
v 0.071995 1.453389 0.073028
v 0.064724 1.445502 0.101203
v -0.041036 1.427256 0.111113
v -0.071995 1.453389 0.073028
v -0.064724 1.445502 0.101203
v 0.082933 1.493552 -0.040499
v -0.062446 1.494845 -0.083042
v -0.058569 1.498259 -0.081218
v -0.070153 1.496603 -0.066939
v -0.108628 1.397981 -0.043977
v 0.000000 1.419109 -0.106933
v 0.017032 1.376538 -0.100002
v 0.099607 1.398799 -0.050046
v 0.000000 1.494873 0.087629
v -0.062283 1.408481 0.094140
v -0.005575 1.470969 0.099636
v 0.062283 1.408481 0.094140
v 0.005575 1.470969 0.099636
v -0.022649 1.445081 0.109811
v 0.022649 1.445081 0.109811
v 0.042429 1.426751 0.105203
v -0.042429 1.426751 0.105203
vn -0.8325 0.4698 0.2936
vn -0.7141 0.6718 0.1967
vn -0.8713 0.4433 0.2105
vn -0.8975 0.4159 -0.1469
vn -0.6305 0.7187 -0.2931
vn -0.6606 0.3052 -0.6860
vn -0.7101 0.7036 -0.0264
vn -0.2137 0.5064 -0.8354
vn -0.2608 0.3281 -0.9079
vn -0.7627 0.4503 0.4642
vn -0.6560 0.6622 0.3621
vn -0.6574 0.3748 0.6537
vn -0.7018 0.3945 0.5932
vn -0.1753 0.2894 0.9410
vn -0.0868 0.7037 0.7051
vn -0.4028 0.4721 0.7841
vn -0.2352 -0.2050 0.9501
vn -0.5742 0.4680 0.6718
vn -0.3248 0.5721 0.7531
vn -0.7396 -0.1925 0.6449
vn -0.8787 -0.0239 0.4768
vn -0.8753 -0.3395 0.3442
vn 0.2074 -0.4513 0.8679
vn -0.3483 -0.8142 0.4645
vn 0.0848 -0.7331 0.6748
vn -0.0000 -0.7857 0.6186
vn -0.6010 -0.7954 -0.0788
vn -0.0000 -0.9442 0.3295
vn -0.9125 -0.3374 0.2314
vn -0.3780 0.8217 0.4266
vn -0.1513 0.8686 0.4718
vn -0.3807 0.9228 -0.0592
vn -0.0948 0.8593 -0.5026
vn -0.1829 0.8366 -0.5164
vn -0.1732 0.9678 0.1827
vn -0.4066 0.8878 0.2156
vn -0.1748 0.9799 -0.0957
vn -0.5118 0.6759 -0.5302
vn -0.3274 0.7780 -0.5362
vn -0.4055 -0.3419 -0.8477
vn -0.5499 -0.0919 -0.8302
vn -0.9585 -0.2014 -0.2017
vn -0.5828 -0.6711 -0.4582
vn -0.7290 -0.6791 -0.0862
vn -0.7767 -0.2151 -0.5920
vn -0.9640 -0.2294 0.1346
vn -0.2808 -0.7975 -0.5340
vn -0.3907 -0.8339 -0.3898
vn -0.2373 -0.4882 -0.8398
vn -0.1121 -0.6734 -0.7307
vn -0.0000 -0.5734 -0.8193
vn -0.0000 -0.9972 -0.0753
vn -0.0000 -0.2713 -0.9625
vn -0.9253 0.2337 0.2989
vn -0.8851 0.3315 0.3266
vn -0.9013 0.2484 0.3550
vn -0.9151 0.2825 0.2878
vn -0.8064 0.1129 0.5805
vn -0.9154 0.2254 0.3335
vn -0.9456 -0.0398 0.3228
vn -0.9345 0.1367 -0.3287
vn -0.9638 0.2183 0.1528
vn -0.6147 0.1110 -0.7810
vn -0.8796 -0.4623 0.1117
vn -0.8344 -0.0044 0.5511
vn -0.7883 0.3858 0.4794
vn -0.2586 0.5410 0.8003
vn -0.9253 0.2373 0.2958
vn 0.8325 0.4698 0.2936
vn 0.7116 0.6725 0.2035
vn 0.6560 0.6622 0.3621
vn 0.8987 0.4084 -0.1597
vn 0.6623 0.3180 -0.6784
vn 0.7851 0.6177 0.0460
vn 0.8706 0.4456 0.2084
vn 0.4916 0.6751 -0.5501
vn 0.7627 0.4503 0.4642
vn 0.7018 0.3945 0.5932
vn 0.6574 0.3748 0.6537
vn 0.1753 0.2894 0.9410
vn 0.0294 0.6952 0.7182
vn 0.5742 0.4680 0.6718
vn 0.2352 -0.2050 0.9501
vn 0.3248 0.5721 0.7531
vn 0.7396 -0.1925 0.6449
vn 0.8787 -0.0239 0.4768
vn 0.8344 -0.0044 0.5511
vn -0.2074 -0.4513 0.8679
vn 0.8753 -0.3395 0.3442
vn 0.8796 -0.4623 0.1117
vn 0.3483 -0.8142 0.4645
vn 0.6010 -0.7954 -0.0788
vn 0.9125 -0.3374 0.2314
vn 0.3780 0.8217 0.4266
vn 0.4028 0.4721 0.7841
vn 0.3868 0.9196 -0.0689
vn 0.2050 0.8377 -0.5063
vn 0.4066 0.8878 0.2156
vn 0.5934 0.7918 -0.1445
vn 0.4055 -0.3419 -0.8477
vn 0.5499 -0.0919 -0.8302
vn 0.6273 -0.6507 -0.4280
vn 0.9614 -0.2438 -0.1276
vn 0.7440 -0.6602 -0.1030
vn 0.8790 -0.2439 -0.4097
vn 0.9757 -0.2189 -0.0021
vn 0.9456 -0.0398 0.3228
vn 0.2770 -0.7958 -0.5385
vn 0.3907 -0.8339 -0.3898
vn 0.2280 -0.5007 -0.8350
vn 0.1230 -0.5202 -0.8451
vn 0.9253 0.2337 0.2989
vn 0.9013 0.2484 0.3550
vn 0.8851 0.3315 0.3266
vn 0.9151 0.2825 0.2878
vn 0.8064 0.1129 0.5805
vn 0.9154 0.2254 0.3335
vn 0.9253 0.2373 0.2958
vn 0.9542 0.0776 -0.2890
vn 0.9750 0.1861 0.1215
vn 0.6147 0.1110 -0.7810
vn 0.7883 0.3858 0.4794
vn 0.2586 0.5410 0.8003
vn -0.0954 0.9916 0.0872
vn 0.4290 0.8500 0.3058
vn 0.5308 0.8010 0.2767
vn 0.7818 -0.3644 0.5060
vn 0.8942 -0.1034 0.4356
vn 0.8026 -0.3012 0.5149
vn 0.8882 0.2766 0.3669
vn 0.8507 0.4077 0.3318
vn 0.8840 0.2401 0.4012
vn 0.5110 -0.5408 0.6682
vn 0.5709 -0.5431 0.6157
vn 0.4792 -0.5521 0.6823
vn 0.9181 -0.0895 0.3862
vn 0.9065 0.0927 0.4118
vn 0.8752 -0.0837 0.4765
vn 0.8375 -0.2002 0.5084
vn 0.8264 -0.1031 0.5535
vn 0.7503 -0.0488 0.6593
vn 0.7607 -0.0789 0.6443
vn 0.8259 -0.0705 0.5594
vn 0.6918 -0.3000 0.6568
vn 0.7216 -0.3755 0.5816
vn 0.7664 -0.2168 0.6047
vn 0.7442 0.5925 0.3083
vn 0.7458 0.5979 0.2938
vn 0.7523 -0.2479 0.6104
vn 0.6020 -0.0594 0.7963
vn 0.6461 -0.0775 0.7593
vn 0.4837 -0.0614 0.8731
vn 0.4354 -0.2180 0.8734
vn -0.2758 0.6840 0.6753
vn -0.0000 0.5105 0.8599
vn -0.0000 0.9083 0.4183
vn -0.9710 0.1797 0.1575
vn -0.8188 0.0210 0.5738
vn -0.4065 0.9134 -0.0192
vn -0.5301 0.4917 0.6908
vn 0.6945 -0.0884 0.7140
vn -0.7135 0.5752 0.3999
vn -0.3927 0.8590 0.3285
vn -0.2371 0.9666 0.0972
vn -0.8979 0.2270 0.3773
vn -0.0000 0.9414 0.3372
vn 0.2758 0.6840 0.6753
vn -0.6945 -0.0884 0.7140
vn 0.7875 -0.0870 0.6102
vn 0.5301 0.4917 0.6908
vn -0.4873 -0.3034 0.8189
vn 0.7135 0.5752 0.3999
vn 0.3927 0.8590 0.3285
vn -0.8149 0.4512 0.3639
vn -0.6472 0.2527 0.7192
vn 0.4873 -0.3034 0.8189
vn 0.8149 0.4512 0.3639
vn 0.6472 0.2527 0.7192
vn -0.2617 -0.5935 0.7611
vn 0.8418 0.4328 0.3226
vn -0.8111 0.3238 0.4871
vn -0.6263 -0.6137 -0.4808
vn -0.8519 0.1319 0.5068
vn 0.8933 -0.0314 -0.4483
vn 0.0251 0.8434 -0.5367
vn 0.8288 0.4645 -0.3121
vn 0.4348 0.2981 0.8498
vn -0.8524 0.3049 0.4247
vn 0.5345 -0.1536 0.8311
vn -0.3980 0.6784 0.6175
vn -0.3871 -0.5099 -0.7682
vn 0.9140 -0.2145 -0.3443
vn -0.4514 -0.1847 -0.8730
vn 0.6823 0.1146 0.7220
vn 0.6186 -0.6241 -0.4774
vn 0.6831 -0.1847 -0.7066
vn -0.5374 0.0087 -0.8433
vn 0.5008 0.7262 0.4709
vn -0.8567 -0.0792 0.5097
vn -0.1099 -0.9831 -0.1467
vn 0.3883 0.3713 0.8434
vn 0.4076 -0.0378 0.9124
vn -0.8950 0.0730 0.4401
vn 0.9279 -0.1737 -0.3299
vn 0.9376 -0.1676 -0.3048
vn -0.3851 -0.9107 -0.1494
vn -0.8430 0.2276 0.4874
vn 0.4089 0.8148 0.4109
vn 0.8111 0.3238 0.4871
vn 0.6263 -0.6137 -0.4808
vn 0.5374 0.0087 -0.8433
vn -0.8933 -0.0314 -0.4483
vn -0.0251 0.8434 -0.5367
vn 0.4081 0.4374 -0.8013
vn -0.4348 0.2981 0.8498
vn -0.8288 0.4645 -0.3121
vn 0.8524 0.3049 0.4247
vn 0.3980 0.6784 0.6175
vn -0.5345 -0.1536 0.8311
vn 0.3871 -0.5099 -0.7682
vn -0.9140 -0.2145 -0.3443
vn -0.9279 -0.1737 -0.3299
vn -0.6186 -0.6241 -0.4774
vn -0.6823 0.1146 0.7220
vn -0.6831 -0.1847 -0.7066
vn -0.5008 0.7262 0.4709
vn 0.8567 -0.0792 0.5097
vn 0.1099 -0.9831 -0.1467
vn 0.4514 -0.1847 -0.8730
vn -0.3883 0.3713 0.8434
vn 0.8950 0.0730 0.4401
vn -0.4076 -0.0378 0.9124
vn -0.9376 -0.1676 -0.3048
vn 0.8519 0.1319 0.5068
vn 0.3851 -0.9107 -0.1494
vn 0.8430 0.2276 0.4874
vn -0.4081 0.4374 -0.8013
vn 0.6792 0.5356 0.5017
vn 0.5377 0.3755 0.7549
vn 0.7266 0.5459 0.4172
vn 0.4811 0.1683 0.8604
vn 0.4366 -0.1066 0.8933
vn 0.4601 -0.0278 0.8874
vn 0.5034 -0.2560 0.8253
vn 0.4468 0.1687 0.8786
vn 0.4934 0.3719 0.7863
vn -0.5393 0.3656 0.7587
vn -0.6792 0.5356 0.5017
vn -0.7266 0.5459 0.4172
vn -0.4820 0.1565 0.8621
vn -0.4172 -0.0198 0.9086
vn -0.4409 0.1873 0.8778
vn -0.4574 -0.0388 0.8884
vn -0.4104 -0.2441 0.8786
vn -0.9691 -0.1412 -0.2021
vn -0.4089 0.8148 0.4109
vn 0.3328 -0.7764 -0.5352
vn 0.8950 0.2316 0.3812
vn 0.9691 -0.1412 -0.2021
vn -0.3328 -0.7764 -0.5352
vn -0.8950 0.2316 0.3812
vn 0.3299 0.6300 0.7031
vn -0.3299 0.6300 0.7031
vn 0.7733 0.2169 0.5958
vn 0.6541 -0.0876 0.7513
vn -0.4290 0.8500 0.3058
vn -0.5308 0.8010 0.2767
vn -0.7818 -0.3644 0.5060
vn -0.8940 -0.1036 0.4360
vn -0.9181 -0.0895 0.3862
vn -0.8882 0.2766 0.3669
vn -0.8507 0.4077 0.3318
vn -0.8418 0.4328 0.3226
vn -0.5008 -0.5242 0.6888
vn -0.4878 -0.5398 0.6861
vn -0.5709 -0.5431 0.6157
vn -0.9076 0.0972 0.4084
vn -0.7733 0.2169 0.5958
vn -0.8277 -0.0683 0.5570
vn -0.8836 0.2410 0.4015
vn -0.8200 -0.1083 0.5620
vn -0.8690 -0.1891 0.4573
vn -0.7959 -0.2921 0.5302
vn -0.7503 -0.0488 0.6593
vn -0.6667 -0.1158 0.7363
vn -0.5928 -0.0755 0.8018
vn -0.7316 -0.2187 0.6457
vn -0.7623 -0.2390 0.6015
vn -0.6913 -0.3001 0.6572
vn -0.7442 0.5925 0.3083
vn -0.7458 0.5979 0.2938
vn -0.7511 -0.2454 0.6129
vn -0.5195 -0.0987 0.8487
vn -0.4723 -0.0754 0.8782
vn -0.4454 -0.2495 0.8599
vn -0.8738 -0.0916 0.4776
vn -0.6387 -0.0947 0.7636
vn 0.4029 0.0199 0.9150
vn 0.3453 0.2327 0.9092
vn 0.3141 0.3263 0.8916
vn 0.2893 0.6294 0.7212
vn 0.3155 0.5941 0.7399
vn 0.3117 0.5332 0.7865
vn 0.4989 -0.0768 0.8632
vn 0.3769 0.0398 0.9254
vn 0.0251 0.1988 0.9797
vn 0.1002 0.1848 0.9777
vn 0.0880 0.1662 0.9822
vn 0.1430 0.3474 0.9268
vn 0.1045 0.2427 0.9644
vn 0.0725 0.1750 0.9819
vn -0.0326 0.1103 0.9934
vn 0.0279 0.2126 0.9767
vn -0.0451 -0.7708 0.6355
vn 0.8184 0.0228 0.5741
vn 0.8960 0.2344 0.3771
vn 0.0411 -0.7732 0.6328
vn 0.4763 -0.8793 -0.0054
vn 0.2617 -0.5935 0.7611
vn 0.7521 -0.6496 -0.1115
vn 0.9255 -0.3715 -0.0742
vn 0.6528 -0.2628 0.7105
vn -0.5004 -0.8657 -0.0165
vn 0.7008 -0.7055 -0.1058
vn -0.9255 -0.3715 -0.0742
vn -0.7008 -0.7055 -0.1058
vn -0.7521 -0.6496 -0.1115
vn -0.0000 -0.9647 -0.2632
vn -0.1145 0.8057 0.5811
vn 0.9238 0.0515 0.3794
vn -0.4925 0.3766 0.7846
vn 0.5102 -0.0665 0.8575
vt 0.661620 0.671701
vt 0.686435 0.721672
vt 0.685493 0.714177
vt 0.697545 0.700249
vt 0.704978 0.688895
vt 0.707231 0.615206
vt 0.698228 0.707972
vt 0.707231 0.642101
vt 0.708787 0.614265
vt 0.713210 0.675090
vt 0.653357 0.654051
vt 0.660738 0.673832
vt 0.651596 0.652165
vt 0.653106 0.656379
vt 0.651849 0.655442
vt 0.651960 0.657519
vt 0.651836 0.657229
vt 0.652498 0.656106
vt 0.652765 0.656261
vt 0.650817 0.652088
vt 0.665651 0.605769
vt 0.665086 0.619127
vt 0.667805 0.598252
vt 0.676360 0.567535
vt 0.677051 0.566404
vt 0.680163 0.556300
vt 0.680389 0.555719
vt 0.680247 0.565724
vt 0.686797 0.554498
vt 0.670820 0.603126
vt 0.658632 0.673337
vt 0.658640 0.672071
vt 0.697256 0.712656
vt 0.704500 0.691427
vt 0.704915 0.685918
vt 0.685157 0.720129
vt 0.687161 0.722996
vt 0.696841 0.709953
vt 0.708659 0.601397
vt 0.707943 0.602155
vt 0.708787 0.601192
vt 0.708833 0.604874
vt 0.707671 0.625537
vt 0.692952 0.609945
vt 0.698215 0.582614
vt 0.688642 0.577408
vt 0.697172 0.611879
vt 0.685916 0.606720
vt 0.698370 0.572960
vt 0.690574 0.563851
vt 0.709770 0.597123
vt 0.699352 0.571865
vt 0.710091 0.595712
vt 0.689360 0.556715
vt 0.711471 0.628771
vt 0.653358 0.642867
vt 0.656937 0.650702
vt 0.659541 0.646259
vt 0.665543 0.656546
vt 0.662409 0.630157
vt 0.661425 0.643428
vt 0.668840 0.615553
vt 0.696680 0.661831
vt 0.684802 0.666747
vt 0.707068 0.646940
vt 0.666350 0.592645
vt 0.661616 0.622553
vt 0.651235 0.648371
vt 0.649618 0.650804
vt 0.656846 0.637977
vt 0.661620 0.671703
vt 0.685433 0.721557
vt 0.660738 0.674546
vt 0.696963 0.623547
vt 0.700450 0.604412
vt 0.698068 0.707340
vt 0.685493 0.714176
vt 0.686410 0.721473
vt 0.708659 0.680026
vt 0.653357 0.654051
vt 0.653106 0.656379
vt 0.651596 0.652165
vt 0.651849 0.655743
vt 0.651353 0.656801
vt 0.652765 0.656647
vt 0.652498 0.656467
vt 0.650817 0.652088
vt 0.665085 0.619125
vt 0.667805 0.598252
vt 0.677051 0.566404
vt 0.680246 0.565723
vt 0.670820 0.603127
vt 0.658632 0.673337
vt 0.651836 0.657584
vt 0.697256 0.712656
vt 0.704915 0.693795
vt 0.687161 0.722995
vt 0.686435 0.721671
vt 0.698228 0.708847
vt 0.708833 0.604875
vt 0.707671 0.625537
vt 0.698215 0.582614
vt 0.694556 0.582003
vt 0.688642 0.577408
vt 0.697173 0.611881
vt 0.685915 0.606720
vt 0.668840 0.615553
vt 0.698370 0.572960
vt 0.690574 0.563852
vt 0.709771 0.597124
vt 0.709944 0.570008
vt 0.711471 0.602417
vt 0.653358 0.642867
vt 0.659542 0.646262
vt 0.656937 0.650701
vt 0.665543 0.656550
vt 0.662409 0.630157
vt 0.661425 0.643431
vt 0.656846 0.637978
vt 0.696680 0.661831
vt 0.684802 0.666748
vt 0.707068 0.642656
vt 0.694556 0.610681
vt 0.649618 0.650915
vt 0.641696 0.696782
vt 0.648449 0.705806
vt 0.644870 0.686110
vt 0.681573 0.635926
vt 0.675874 0.637353
vt 0.680790 0.644006
vt 0.664486 0.635399
vt 0.658812 0.677301
vt 0.666735 0.661951
vt 0.684749 0.648170
vt 0.683936 0.644017
vt 0.683763 0.646447
vt 0.675611 0.629584
vt 0.672386 0.636755
vt 0.675958 0.638647
vt 0.709202 0.606184
vt 0.705806 0.584997
vt 0.711869 0.606664
vt 0.677089 0.656177
vt 0.680607 0.656016
vt 0.676839 0.652307
vt 0.682794 0.657571
vt 0.686347 0.661207
vt 0.682747 0.650318
vt 0.652273 0.694184
vt 0.649060 0.672014
vt 0.680773 0.645066
vt 0.680608 0.655953
vt 0.680601 0.656379
vt 0.680606 0.656071
vt 0.680601 0.656378
vt 0.447015 0.609826
vt 0.456003 0.616168
vt 0.476575 0.596369
vt 0.394798 0.557302
vt 0.398590 0.600462
vt 0.394922 0.555377
vt 0.425482 0.610341
vt 0.422100 0.615948
vt 0.450651 0.557874
vt 0.471007 0.558109
vt 0.419455 0.554603
vt 0.470234 0.620881
vt 0.487238 0.573464
vt 0.447015 0.609826
vt 0.393067 0.561610
vt 0.394798 0.557303
vt 0.425482 0.610341
vt 0.403010 0.616143
vt 0.435053 0.556239
vt 0.412036 0.605402
vt 0.435053 0.556239
vt 0.412036 0.605401
vt 0.395868 0.614260
vt 0.656118 0.652170
vt 0.684801 0.700369
vt 0.695970 0.595877
vt 0.682732 0.649377
vt 0.686514 0.714402
vt 0.685989 0.724857
vt 0.684470 0.720238
vt 0.676578 0.717742
vt 0.681323 0.717511
vt 0.679901 0.712079
vt 0.678072 0.722461
vt 0.658134 0.655597
vt 0.654930 0.630899
vt 0.656130 0.629205
vt 0.683584 0.698438
vt 0.695027 0.595465
vt 0.695603 0.698184
vt 0.696943 0.700720
vt 0.682134 0.651381
vt 0.651325 0.628709
vt 0.659914 0.612751
vt 0.650170 0.653106
vt 0.649345 0.628852
vt 0.652463 0.653356
vt 0.656757 0.660914
vt 0.677097 0.669457
vt 0.677293 0.669180
vt 0.670735 0.667745
vt 0.668194 0.668607
vt 0.689035 0.720047
vt 0.334592 0.850186
vt 0.344332 0.831221
vt 0.332943 0.829105
vt 0.349247 0.838423
vt 0.352048 0.853992
vt 0.351196 0.843770
vt 0.354804 0.857046
vt 0.349065 0.851357
vt 0.345296 0.847411
vt 0.661818 0.661637
vt 0.663712 0.659679
vt 0.656676 0.659255
vt 0.653605 0.659511
vt 0.668936 0.633073
vt 0.707111 0.619377
vt 0.709810 0.619750
vt 0.704522 0.631837
vt 0.702609 0.583634
vt 0.687944 0.544814
vt 0.677839 0.587992
vt 0.677030 0.576859
vt 0.680844 0.577205
vt 0.672420 0.570866
vt 0.668396 0.557436
vt 0.673909 0.571517
vt 0.667893 0.636088
vt 0.681228 0.643636
vt 0.673133 0.643038
vt 0.684661 0.648245
vt 0.680706 0.646739
vt 0.683130 0.646981
vt 0.675507 0.634125
vt 0.675505 0.637664
vt 0.678479 0.668248
vt 0.684797 0.635907
vt 0.678714 0.649028
vt 0.684613 0.608056
vt 0.681960 0.616055
vt 0.683960 0.612756
vt 0.683504 0.694490
vt 0.683188 0.679024
vt 0.388726 0.612378
vt 0.419455 0.554603
vt 0.388726 0.612378
vt 0.686873 0.721417
vt 0.696680 0.596410
vt 0.697172 0.575061
vt 0.709944 0.596361
vt 0.696680 0.604548
vt 0.395868 0.614260
vt 0.645006 0.727366
vt 0.672463 0.630101
s 1
usemtl colors
f 3181/2913/3168 3151/2914/3169 3180/2915/3170
f 3179/2916/3171 3453/2917/3172 3193/2918/3173
f 3180/2915/3170 3176/2919/3174 3179/2916/3171
f 3193/2920/3173 3451/2921/3175 3138/2922/3176
f 3192/2923/3177 3177/2924/3178 3181/2913/3168
f 3192/2923/3177 3175/2925/3179 3178/2926/3180
f 3195/2927/3181 3158/2928/3182 3174/2929/3183
f 3147/2930/3184 3173/2931/3185 3150/2932/3186
f 3178/2926/3180 3150/2932/3186 3173/2931/3185
f 3189/2933/3187 3172/2934/3188 3143/2935/3189
f 3168/2936/3190 3143/2935/3189 3144/2937/3191
f 3153/2938/3192 3144/2937/3191 3162/2939/3193
f 3162/2939/3193 3146/2940/3194 3156/2941/3195
f 3143/2935/3189 3146/2940/3194 3144/2937/3191
f 3172/2934/3188 3145/2942/3196 3143/2935/3189
f 3178/2926/3180 3173/2931/3185 3177/2924/3178
f 3173/2931/3185 3198/2943/3197 3177/2924/3178
f 3174/2929/3183 3154/2944/3198 3198/2943/3197
f 3149/2945/3199 3139/2946/3200 3197/2947/3201
f 3198/2943/3197 3141/2948/3202 3148/2949/3203
f 3197/2947/3201 3139/2946/3200 3138/2922/3176
f 3148/2949/3203 3140/2950/3204 3149/2945/3199
f 3155/2951/3205 3452/2952/3206 3451/2953/3175
f 3151/2914/3169 3149/2945/3199 3176/2919/3174
f 3176/2919/3174 3149/2945/3199 3453/2917/3172
f 3177/2924/3178 3148/2949/3203 3151/2914/3169
f 3167/2954/3207 3163/2955/3208 3138/2922/3176
f 3454/2956/3209 3166/2957/3210 3165/2958/3211
f 3161/2959/3212 3167/2954/3207 3166/2957/3210
f 3145/2942/3196 3191/2960/3213 3165/2958/3211
f 3165/2958/3211 3170/2961/3214 3169/2962/3215
f 3170/2961/3214 3167/2954/3207 3171/2963/3216
f 3146/2940/3194 3165/2958/3211 3169/2962/3215
f 3171/2963/3216 3167/2954/3207 3138/2922/3176
f 3136/2964/3217 3171/2963/3216 3152/2965/3218
f 3156/2941/3195 3169/2962/3215 3137/2966/3219
f 3152/2965/3218 3171/2963/3216 3455/2967/3220
f 3169/2962/3215 3136/2964/3217 3137/2966/3219
f 3183/2968/3221 3182/2969/3222 3188/2970/3223
f 3188/2970/3223 3182/2969/3222 3187/2971/3224
f 3190/2972/3225 3199/2973/3226 3172/2934/3188
f 3199/2973/3226 3194/2974/3227 3172/2934/3188
f 3186/2975/3228 3163/2955/3208 3161/2959/3212
f 3194/2974/3227 3185/2976/3229 3191/2960/3213
f 3163/2955/3208 3159/2977/3230 3138/2922/3176
f 3185/2976/3229 3454/2956/3209 3191/2960/3213
f 3164/2978/3231 3189/2933/3187 3143/2935/3189
f 3160/2979/3232 3190/2972/3225 3172/2934/3188
f 3182/2969/3222 3157/2980/3233 3192/2923/3177
f 3182/2969/3222 3181/2913/3168 3187/2971/3224
f 3179/2916/3171 3159/2977/3230 3186/2975/3228
f 3187/2971/3224 3180/2915/3170 3185/2976/3229
f 3159/2977/3230 3193/2920/3173 3138/2922/3176
f 3185/2976/3229 3179/2916/3171 3186/2975/3228
f 3196/2981/3234 3195/2927/3181 3174/2929/3183
f 3147/2930/3184 3196/2981/3234 3174/2929/3183
f 3199/2973/3226 3188/2970/3223 3187/2971/3224
f 3184/2982/3235 3188/2970/3223 3199/2973/3226
f 3232/2983/3236 3208/2984/3237 3228/2985/3238
f 3230/2986/3239 3244/2987/3240 3450/2988/3241
f 3231/2989/3242 3230/2986/3239 3208/2990/3237
f 3244/2987/3240 3138/2922/3176 3209/2991/3243
f 3243/2992/3244 3228/2985/3238 3229/2993/3245
f 3243/2992/3244 3229/2993/3245 3226/2994/3246
f 3246/2995/3247 3158/2928/3182 3142/2996/3248
f 3224/2997/3249 3204/2998/3250 3207/2999/3251
f 3229/2993/3245 3224/2997/3249 3207/2999/3251
f 3240/2933/3252 3223/3000/3253 3212/2979/3254
f 3219/2936/3255 3200/3001/3256 3215/2978/3257
f 3153/2938/3192 3201/3002/3258 3219/2936/3255
f 3162/2939/3193 3203/3003/3259 3201/3002/3258
f 3203/3003/3259 3200/3001/3256 3201/3002/3258
f 3202/3004/3260 3223/3000/3253 3200/3001/3256
f 3229/2993/3245 3228/2985/3238 3224/2997/3249
f 3224/2997/3249 3249/3005/3261 3225/3006/3262
f 3225/3006/3262 3154/2944/3198 3158/2928/3182
f 3206/3007/3263 3139/2946/3200 3140/2950/3204
f 3249/3005/3261 3141/2948/3202 3154/2944/3198
f 3248/3008/3264 3138/2922/3176 3139/2946/3200
f 3205/3009/3265 3140/2950/3204 3141/2948/3202
f 3209/2991/3243 3138/2922/3176 3248/3008/3264
f 3208/3010/3237 3206/3007/3263 3205/3009/3265
f 3227/3011/3266 3248/3008/3264 3206/3007/3263
f 3228/2985/3238 3205/3009/3265 3249/3005/3261
f 3218/3012/3267 3138/2922/3176 3214/3013/3268
f 3217/3014/3269 3457/3015/3270 3216/3016/3271
f 3218/3012/3267 3213/3017/3272 3217/3014/3269
f 3202/3004/3260 3242/3018/3273 3245/3019/3274
f 3221/3020/3275 3216/3016/3271 3220/3021/3276
f 3221/3020/3275 3218/3012/3267 3217/3014/3269
f 3203/3003/3259 3216/3016/3271 3202/3004/3260
f 3222/3022/3277 3138/2922/3176 3218/3012/3267
f 3136/2964/3217 3456/3023/3278 3221/3020/3275
f 3156/2941/3195 3220/3021/3276 3203/3003/3259
f 3152/2965/3218 3455/3024/3220 3456/3023/3278
f 3136/2964/3217 3220/3021/3276 3137/2966/3219
f 3234/3025/3279 3239/3026/3280 3233/3027/3281
f 3239/3026/3280 3238/3028/3282 3233/3027/3281
f 3241/3029/3283 3250/3030/3284 3235/3031/3285
f 3245/3019/3274 3250/3030/3284 3223/3000/3253
f 3214/3013/3268 3237/3032/3286 3213/3017/3272
f 3245/3019/3274 3236/3033/3287 3238/3028/3282
f 3214/3013/3268 3138/2922/3176 3211/3034/3288
f 3457/3035/3270 3236/3033/3287 3242/3018/3273
f 3215/2978/3257 3200/3001/3256 3240/2933/3252
f 3212/2979/3254 3223/3000/3253 3241/3029/3283
f 3233/3027/3281 3243/2992/3244 3210/2980/3289
f 3233/3027/3281 3232/2983/3236 3243/2992/3244
f 3211/3034/3288 3230/2986/3239 3237/3032/3286
f 3238/3028/3282 3231/2989/3242 3232/2983/3236
f 3211/3034/3288 3138/2922/3176 3244/2987/3240
f 3236/3033/3287 3230/2986/3239 3231/2989/3242
f 3247/3036/3290 3225/3006/3262 3246/2995/3247
f 3204/2998/3250 3225/3006/3262 3247/3036/3290
f 3250/3030/3284 3238/3028/3282 3239/3026/3280
f 3235/3031/3285 3250/3030/3284 3239/3026/3280
f 3252/3037/3291 3270/3038/3292 3269/3039/3293
f 3260/3040/3294 3263/3041/3295 3261/3042/3296
f 3255/3043/3297 3258/3044/3298 3256/3045/3299
f 3262/3046/3300 3266/3047/3301 3265/3048/3302
f 3254/3049/3303 3389/3050/3304 3263/3041/3295
f 3256/3045/3299 3390/3051/3305 3389/3050/3304
f 3391/3052/3306 3268/3053/3307 3261/3054/3296
f 3264/3055/3308 3394/3056/3309 3271/3057/3310
f 3266/3047/3301 3261/3042/3296 3265/3048/3302
f 3267/3058/3311 3253/3059/3312 3388/3060/3313
f 3269/3039/3293 3302/3061/3314 3303/3062/3315
f 3391/3063/3306 3271/3057/3310 3272/3064/3316
f 3256/3045/3299 3264/3055/3308 3271/3057/3310
f 3259/3065/3317 3393/3066/3318 3394/3056/3309
f 3275/3065/3319 3273/3067/3320 3393/3066/3318
f 3287/3068/3321 3276/3069/3322 3284/3070/3323
f 3279/3071/3324 3285/3072/3325 3286/3073/3326
f 3298/3074/3327 3283/3075/3328 3287/3068/3321
f 3297/3076/3329 3287/3068/3321 3282/3077/3330
f 3278/3073/3331 3285/3072/3325 3280/3078/3332
f 3282/3077/3330 3284/3079/3323 3277/3080/3333
f 3295/3081/3334 3276/3069/3322 3292/3075/3335
f 3293/3072/3336 3288/3082/3336 3294/3083/3336
f 3301/3084/3337 3292/3075/3335 3299/3085/3338
f 3300/3076/3339 3295/3081/3334 3301/3084/3337
f 3291/3077/3340 3284/3079/3323 3295/3081/3334
f 3448/3086/3341 3298/3074/3327 3297/3076/3329
f 3449/3087/3342 3296/3085/3343 3298/3074/3327
f 3445/3088/3344 3301/3084/3337 3446/3089/3345
f 3446/3089/3345 3299/3085/3338 3444/3090/3346
f 3257/3091/3347 3302/3061/3314 3258/3044/3298
f 3352/3092/3348 3315/3093/3349 3314/3094/3350
f 3306/3095/3351 3311/3096/3352 3310/3097/3353
f 3311/3096/3352 3308/3098/3354 3310/3097/3353
f 3308/3098/3354 3305/3099/3355 3304/3100/3356
f 3310/3097/3353 3304/3100/3356 3306/3095/3351
f 3311/3096/3352 3305/3099/3355 3309/3101/3357
f 3382/3102/3358 3316/3103/3359 3319/3104/3360
f 3353/3105/3361 3312/3106/3362 3354/3107/3363
f 3354/3107/3363 3315/3093/3349 3351/3108/3364
f 3352/3092/3348 3313/3109/3365 3353/3105/3361
f 3318/3110/3366 3319/3104/3360 3320/3111/3367
f 3383/3112/3368 3318/3110/3366 3317/3113/3369
f 3381/3114/3370 3319/3104/3360 3318/3110/3366
f 3383/3112/3368 3316/3103/3359 3342/3115/3371
f 3316/3103/3359 3317/3113/3369 3320/3111/3367
f 3319/3104/3360 3316/3103/3359 3320/3111/3367
f 3317/3113/3369 3318/3110/3366 3320/3111/3367
f 3313/3109/3365 3321/3116/3372 3312/3106/3362
f 3314/3094/3350 3322/3117/3373 3323/3118/3374
f 3313/3109/3365 3323/3118/3374 3324/3119/3375
f 3312/3106/3362 3322/3117/3373 3315/3093/3349
f 3348/3092/3376 3336/3093/3377 3347/3108/3378
f 3327/3095/3379 3332/3096/3380 3328/3120/3381
f 3329/3098/3382 3332/3096/3380 3331/3097/3383
f 3329/3098/3382 3326/3099/3384 3330/3101/3385
f 3325/3100/3386 3331/3097/3383 3327/3095/3379
f 3332/3096/3380 3326/3099/3384 3328/3120/3381
f 3386/3102/3387 3337/3103/3388 3384/3115/3389
f 3333/3106/3390 3349/3105/3391 3350/3107/3392
f 3336/3093/3377 3350/3107/3392 3347/3108/3378
f 3334/3109/3393 3348/3092/3376 3349/3105/3391
f 3339/3110/3394 3341/3111/3395 3340/3104/3396
f 3387/3112/3397 3339/3110/3394 3385/3114/3398
f 3385/3114/3398 3340/3104/3396 3386/3102/3387
f 3337/3103/3388 3387/3112/3397 3384/3115/3389
f 3337/3103/3388 3341/3111/3395 3338/3113/3399
f 3340/3104/3396 3341/3111/3395 3337/3103/3388
f 3338/3113/3399 3341/3111/3395 3339/3110/3394
f 3343/3116/3400 3334/3109/3393 3333/3106/3390
f 3335/3094/3401 3344/3117/3402 3336/3093/3377
f 3334/3109/3393 3345/3118/3403 3335/3094/3401
f 3344/3117/3402 3333/3106/3390 3336/3093/3377
f 3325/3100/3386 3348/3092/3376 3326/3099/3384
f 3347/3108/3378 3327/3095/3379 3328/3120/3381
f 3327/3095/3379 3349/3105/3391 3325/3100/3386
f 3348/3092/3376 3328/3120/3381 3326/3099/3384
f 3304/3100/3356 3352/3092/3348 3353/3105/3361
f 3306/3095/3351 3351/3108/3364 3307/3120/3404
f 3306/3095/3351 3353/3105/3361 3354/3107/3363
f 3307/3120/3404 3352/3092/3348 3305/3099/3355
f 3357/3121/3405 3359/3122/3406 3356/3123/3407
f 3358/3124/3408 3360/3125/3409 3361/3126/3410
f 3360/3125/3409 3355/3127/3411 3361/3126/3410
f 3363/3128/3412 3359/3122/3406 3362/3129/3413
f 3368/3122/3414 3366/3121/3415 3365/3123/3416
f 3367/3124/3417 3369/3125/3418 3372/3128/3419
f 3369/3125/3418 3370/3126/3420 3364/3127/3421
f 3372/3128/3419 3368/3122/3414 3367/3124/3417
f 3373/3130/3422 3346/3119/3423 3343/3116/3400
f 3345/3118/3403 3375/3131/3424 3344/3117/3402
f 3346/3119/3423 3374/3132/3425 3345/3118/3403
f 3375/3131/3424 3343/3116/3400 3344/3117/3402
f 3324/3119/3375 3377/3130/3426 3321/3116/3372
f 3323/3118/3374 3379/3131/3427 3378/3132/3428
f 3324/3119/3375 3378/3132/3428 3380/3133/3429
f 3321/3116/3372 3379/3131/3427 3322/3117/3373
f 3380/3133/3429 3342/3115/3371 3377/3130/3426
f 3378/3132/3428 3382/3102/3358 3381/3114/3370
f 3380/3133/3429 3381/3114/3370 3383/3112/3368
f 3379/3131/3427 3342/3115/3371 3382/3102/3358
f 3384/3115/3389 3376/3133/3430 3373/3130/3422
f 3374/3132/3425 3386/3102/3387 3375/3131/3424
f 3376/3133/3430 3385/3114/3398 3374/3132/3425
f 3375/3131/3424 3384/3115/3389 3373/3130/3422
f 3389/3050/3304 3392/3134/3431 3255/3043/3297
f 3390/3135/3305 3261/3054/3296 3263/3136/3295
f 3389/3137/3304 3390/3135/3305 3263/3136/3295
f 3388/3138/3313 3253/3139/3312 3268/3053/3307
f 3388/3060/3313 3272/3064/3316 3267/3058/3311
f 3271/3140/3310 3394/3141/3309 3272/3142/3316
f 3393/3143/3318 3273/3144/3320 3274/3145/3432
f 3394/3141/3309 3274/3145/3432 3272/3142/3316
f 3412/3038/3433 3252/3037/3291 3411/3039/3434
f 3402/3040/3435 3405/3041/3436 3396/3049/3437
f 3397/3043/3438 3400/3044/3439 3399/3091/3440
f 3404/3046/3441 3407/3048/3442 3408/3047/3443
f 3396/3049/3437 3421/3050/3444 3424/3134/3445
f 3421/3050/3444 3413/3057/3446 3398/3045/3447
f 3410/3053/3448 3423/3052/3449 3403/3054/3450
f 3406/3055/3451 3426/3056/3452 3401/3065/3453
f 3408/3047/3443 3403/3042/3450 3402/3040/3435
f 3409/3058/3454 3420/3060/3455 3395/3059/3456
f 3418/3061/3457 3411/3039/3434 3419/3062/3458
f 3413/3057/3446 3423/3063/3449 3414/3064/3459
f 3398/3045/3447 3413/3057/3446 3406/3055/3451
f 3401/3065/3453 3425/3066/3460 3417/3065/3461
f 3417/3065/3461 3425/3066/3460 3415/3067/3462
f 3399/3091/3440 3418/3061/3457 3419/3062/3458
f 3421/3050/3444 3397/3043/3438 3424/3134/3445
f 3422/3135/3463 3403/3054/3450 3423/3052/3449
f 3421/3137/3444 3405/3136/3436 3422/3135/3463
f 3420/3138/3455 3410/3053/3448 3395/3139/3456
f 3420/3060/3455 3414/3064/3459 3423/3063/3449
f 3413/3140/3446 3414/3142/3459 3426/3141/3452
f 3425/3143/3460 3416/3145/3464 3415/3144/3462
f 3426/3141/3452 3416/3145/3464 3425/3143/3460
f 3427/3146/3465 3429/3147/3466 3428/3148/3467
f 3430/3149/3468 3433/3150/3469 3432/3151/3470
f 3427/3146/3465 3434/3152/3471 3431/3153/3472
f 3428/3148/3467 3432/3151/3470 3433/3150/3469
f 3436/3154/3473 3438/3155/3474 3437/3156/3475
f 3439/3157/3476 3442/3158/3477 3441/3159/3478
f 3436/3154/3473 3443/3160/3479 3440/3161/3480
f 3437/3156/3475 3441/3159/3478 3442/3158/3477
f 3446/3089/3345 3290/3162/3481 3293/3072/3482
f 3289/3163/3483 3446/3089/3345 3293/3072/3482
f 3281/3164/3484 3449/3087/3342 3285/3072/3325
f 3280/3078/3332 3449/3087/3342 3448/3086/3341
f 3244/2987/3240 3227/3011/3266 3450/2988/3241
f 3208/3165/3237 3450/2988/3241 3227/3011/3266
f 3450/2988/3241 3208/3165/3237 3230/2986/3239
f 3452/2952/3206 3138/2922/3176 3451/2921/3175
f 3451/2953/3175 3193/2918/3173 3155/2951/3205
f 3452/2952/3206 3149/2945/3199 3197/2947/3201
f 3453/2917/3172 3452/2952/3206 3155/2951/3205
f 3193/2918/3173 3453/2917/3172 3155/2951/3205
f 3454/2956/3209 3186/3166/3228 3161/3167/3212
f 3454/2956/3209 3165/2958/3211 3191/2960/3213
f 3221/3020/3275 3456/3168/3278 3222/3022/3277
f 3455/2967/3220 3222/3022/3277 3456/3168/3278
f 3455/2967/3220 3171/2963/3216 3138/2922/3176
f 3457/3035/3270 3242/3018/3273 3216/3016/3271
f 3237/3169/3286 3457/3015/3270 3213/3017/3272
f 3281/3164/3484 3279/3071/3324 3459/3164/3485
f 3447/3170/3486 3463/3085/3487 3296/3085/3343
f 3283/3075/3328 3463/3085/3487 3460/3075/3488
f 3288/3082/3489 3290/3162/3481 3461/3082/3490
f 3281/3164/3484 3466/3170/3491 3447/3170/3486
f 3276/3069/3322 3462/3075/3492 3292/3075/3335
f 3290/3162/3481 3465/3090/3493 3461/3162/3490
f 3292/3075/3335 3464/3085/3494 3299/3085/3338
f 3444/3090/3346 3464/3085/3494 3465/3090/3493
f 3276/3069/3322 3460/3075/3488 3458/3069/3495
f 3181/2913/3168 3177/2924/3178 3151/2914/3169
f 3179/2916/3171 3176/2919/3174 3453/2917/3172
f 3180/2915/3170 3151/2914/3169 3176/2919/3174
f 3192/2923/3177 3178/2926/3180 3177/2924/3178
f 3195/2927/3181 3142/2996/3248 3158/2928/3182
f 3147/2930/3184 3174/2929/3183 3173/2931/3185
f 3189/2933/3187 3160/2979/3232 3172/2934/3188
f 3168/2936/3190 3164/2978/3231 3143/2935/3189
f 3153/2938/3192 3168/2936/3190 3144/2937/3191
f 3162/2939/3193 3144/2937/3191 3146/2940/3194
f 3143/2935/3189 3145/2942/3196 3146/2940/3194
f 3172/2934/3188 3194/2974/3227 3145/2942/3196
f 3173/2931/3185 3174/2929/3183 3198/2943/3197
f 3174/2929/3183 3158/2928/3182 3154/2944/3198
f 3149/2945/3199 3140/2950/3204 3139/2946/3200
f 3198/2943/3197 3154/2944/3198 3141/2948/3202
f 3148/2949/3203 3141/2948/3202 3140/2950/3204
f 3151/2914/3169 3148/2949/3203 3149/2945/3199
f 3177/2924/3178 3198/2943/3197 3148/2949/3203
f 3454/2956/3209 3161/3167/3212 3166/2957/3210
f 3161/2959/3212 3163/2955/3208 3167/2954/3207
f 3145/2942/3196 3194/2974/3227 3191/2960/3213
f 3165/2958/3211 3166/2957/3210 3170/2961/3214
f 3170/2961/3214 3166/2957/3210 3167/2954/3207
f 3146/2940/3194 3145/2942/3196 3165/2958/3211
f 3136/2964/3217 3170/2961/3214 3171/2963/3216
f 3156/2941/3195 3146/2940/3194 3169/2962/3215
f 3169/2962/3215 3170/2961/3214 3136/2964/3217
f 3190/2972/3225 3184/2982/3235 3199/2973/3226
f 3199/2973/3226 3187/2971/3224 3194/2974/3227
f 3186/2975/3228 3159/2977/3230 3163/2955/3208
f 3194/2974/3227 3187/2971/3224 3185/2976/3229
f 3185/2976/3229 3186/2975/3228 3454/2956/3209
f 3182/2969/3222 3192/2923/3177 3181/2913/3168
f 3179/2916/3171 3193/2918/3173 3159/2977/3230
f 3187/2971/3224 3181/2913/3168 3180/2915/3170
f 3185/2976/3229 3180/2915/3170 3179/2916/3171
f 3232/2983/3236 3231/2989/3242 3208/2984/3237
f 3243/2992/3244 3232/2983/3236 3228/2985/3238
f 3246/2995/3247 3225/3006/3262 3158/2928/3182
f 3224/2997/3249 3225/3006/3262 3204/2998/3250
f 3240/2933/3252 3200/3001/3256 3223/3000/3253
f 3219/2936/3255 3201/3002/3258 3200/3001/3256
f 3153/2938/3192 3162/2939/3193 3201/3002/3258
f 3162/2939/3193 3156/2941/3195 3203/3003/3259
f 3203/3003/3259 3202/3004/3260 3200/3001/3256
f 3202/3004/3260 3245/3019/3274 3223/3000/3253
f 3224/2997/3249 3228/2985/3238 3249/3005/3261
f 3225/3006/3262 3249/3005/3261 3154/2944/3198
f 3206/3007/3263 3248/3008/3264 3139/2946/3200
f 3249/3005/3261 3205/3009/3265 3141/2948/3202
f 3205/3009/3265 3206/3007/3263 3140/2950/3204
f 3208/3010/3237 3227/3011/3266 3206/3007/3263
f 3227/3011/3266 3209/2991/3243 3248/3008/3264
f 3228/2985/3238 3208/3010/3237 3205/3009/3265
f 3217/3014/3269 3213/3017/3272 3457/3015/3270
f 3218/3012/3267 3214/3013/3268 3213/3017/3272
f 3202/3004/3260 3216/3016/3271 3242/3018/3273
f 3221/3020/3275 3217/3014/3269 3216/3016/3271
f 3221/3020/3275 3222/3022/3277 3218/3012/3267
f 3203/3003/3259 3220/3021/3276 3216/3016/3271
f 3136/2964/3217 3152/2965/3218 3456/3023/3278
f 3156/2941/3195 3137/2966/3219 3220/3021/3276
f 3136/2964/3217 3221/3020/3275 3220/3021/3276
f 3241/3029/3283 3223/3000/3253 3250/3030/3284
f 3245/3019/3274 3238/3028/3282 3250/3030/3284
f 3214/3013/3268 3211/3034/3288 3237/3032/3286
f 3245/3019/3274 3242/3018/3273 3236/3033/3287
f 3457/3035/3270 3237/3032/3286 3236/3033/3287
f 3233/3027/3281 3238/3028/3282 3232/2983/3236
f 3211/3034/3288 3244/2987/3240 3230/2986/3239
f 3238/3028/3282 3236/3033/3287 3231/2989/3242
f 3236/3033/3287 3237/3032/3286 3230/2986/3239
f 3252/3037/3291 3251/3171/3496 3270/3038/3292
f 3260/3040/3294 3254/3049/3303 3263/3041/3295
f 3255/3043/3297 3257/3091/3347 3258/3044/3298
f 3254/3049/3303 3392/3134/3431 3389/3050/3304
f 3389/3050/3304 3255/3043/3297 3256/3045/3299
f 3256/3045/3299 3271/3057/3310 3390/3051/3305
f 3391/3052/3306 3388/3138/3313 3268/3053/3307
f 3264/3055/3308 3259/3065/3317 3394/3056/3309
f 3266/3047/3301 3260/3040/3294 3261/3042/3296
f 3269/3039/3293 3270/3038/3292 3302/3061/3314
f 3391/3063/3306 3390/3051/3305 3271/3057/3310
f 3259/3065/3317 3275/3065/3319 3393/3066/3318
f 3287/3068/3321 3283/3075/3328 3276/3069/3322
f 3279/3071/3324 3281/3164/3484 3285/3072/3325
f 3298/3074/3327 3296/3085/3343 3283/3075/3328
f 3297/3076/3329 3298/3074/3327 3287/3068/3321
f 3278/3073/3331 3286/3073/3326 3285/3072/3325
f 3282/3077/3330 3287/3068/3321 3284/3079/3323
f 3295/3081/3334 3284/3070/3323 3276/3069/3322
f 3293/3072/3482 3290/3162/3481 3288/3082/3489
f 3301/3084/3337 3295/3081/3334 3292/3075/3335
f 3300/3076/3339 3291/3077/3340 3295/3081/3334
f 3288/3082/3497 3289/3163/3483 3293/3072/3482
f 3291/3077/3340 3277/3080/3333 3284/3079/3323
f 3448/3086/3341 3449/3087/3342 3298/3074/3327
f 3449/3087/3342 3447/3170/3486 3296/3085/3343
f 3445/3088/3344 3300/3076/3339 3301/3084/3337
f 3446/3089/3345 3301/3084/3337 3299/3085/3338
f 3257/3091/3347 3303/3062/3315 3302/3061/3314
f 3352/3092/3348 3351/3108/3364 3315/3093/3349
f 3306/3095/3351 3307/3120/3404 3311/3096/3352
f 3311/3096/3352 3309/3101/3357 3308/3098/3354
f 3308/3098/3354 3309/3101/3357 3305/3099/3355
f 3310/3097/3353 3308/3098/3354 3304/3100/3356
f 3311/3096/3352 3307/3120/3404 3305/3099/3355
f 3382/3102/3358 3342/3115/3371 3316/3103/3359
f 3353/3105/3361 3313/3109/3365 3312/3106/3362
f 3354/3107/3363 3312/3106/3362 3315/3093/3349
f 3352/3092/3348 3314/3094/3350 3313/3109/3365
f 3383/3112/3368 3381/3114/3370 3318/3110/3366
f 3381/3114/3370 3382/3102/3358 3319/3104/3360
f 3383/3112/3368 3317/3113/3369 3316/3103/3359
f 3313/3109/3365 3324/3119/3375 3321/3116/3372
f 3314/3094/3350 3315/3093/3349 3322/3117/3373
f 3313/3109/3365 3314/3094/3350 3323/3118/3374
f 3312/3106/3362 3321/3116/3372 3322/3117/3373
f 3348/3092/3376 3335/3094/3401 3336/3093/3377
f 3327/3095/3379 3331/3097/3383 3332/3096/3380
f 3329/3098/3382 3330/3101/3385 3332/3096/3380
f 3329/3098/3382 3325/3100/3386 3326/3099/3384
f 3325/3100/3386 3329/3098/3382 3331/3097/3383
f 3332/3096/3380 3330/3101/3385 3326/3099/3384
f 3386/3102/3387 3340/3104/3396 3337/3103/3388
f 3333/3106/3390 3334/3109/3393 3349/3105/3391
f 3336/3093/3377 3333/3106/3390 3350/3107/3392
f 3334/3109/3393 3335/3094/3401 3348/3092/3376
f 3387/3112/3397 3338/3113/3399 3339/3110/3394
f 3385/3114/3398 3339/3110/3394 3340/3104/3396
f 3337/3103/3388 3338/3113/3399 3387/3112/3397
f 3343/3116/3400 3346/3119/3423 3334/3109/3393
f 3335/3094/3401 3345/3118/3403 3344/3117/3402
f 3334/3109/3393 3346/3119/3423 3345/3118/3403
f 3344/3117/3402 3343/3116/3400 3333/3106/3390
f 3325/3100/3386 3349/3105/3391 3348/3092/3376
f 3347/3108/3378 3350/3107/3392 3327/3095/3379
f 3327/3095/3379 3350/3107/3392 3349/3105/3391
f 3348/3092/3376 3347/3108/3378 3328/3120/3381
f 3304/3100/3356 3305/3099/3355 3352/3092/3348
f 3306/3095/3351 3354/3107/3363 3351/3108/3364
f 3306/3095/3351 3304/3100/3356 3353/3105/3361
f 3307/3120/3404 3351/3108/3364 3352/3092/3348
f 3357/3121/3405 3362/3129/3413 3359/3122/3406
f 3358/3124/3408 3363/3128/3412 3360/3125/3409
f 3363/3128/3412 3358/3124/3408 3359/3122/3406
f 3368/3122/3414 3371/3129/3498 3366/3121/3415
f 3367/3124/3417 3370/3126/3420 3369/3125/3418
f 3372/3128/3419 3371/3129/3498 3368/3122/3414
f 3373/3130/3422 3376/3133/3430 3346/3119/3423
f 3345/3118/3403 3374/3132/3425 3375/3131/3424
f 3346/3119/3423 3376/3133/3430 3374/3132/3425
f 3375/3131/3424 3373/3130/3422 3343/3116/3400
f 3324/3119/3375 3380/3133/3429 3377/3130/3426
f 3323/3118/3374 3322/3117/3373 3379/3131/3427
f 3324/3119/3375 3323/3118/3374 3378/3132/3428
f 3321/3116/3372 3377/3130/3426 3379/3131/3427
f 3380/3133/3429 3383/3112/3368 3342/3115/3371
f 3378/3132/3428 3379/3131/3427 3382/3102/3358
f 3380/3133/3429 3378/3132/3428 3381/3114/3370
f 3379/3131/3427 3377/3130/3426 3342/3115/3371
f 3384/3115/3389 3387/3112/3397 3376/3133/3430
f 3374/3132/3425 3385/3114/3398 3386/3102/3387
f 3376/3133/3430 3387/3112/3397 3385/3114/3398
f 3375/3131/3424 3386/3102/3387 3384/3115/3389
f 3390/3135/3305 3391/3052/3306 3261/3054/3296
f 3388/3060/3313 3391/3063/3306 3272/3064/3316
f 3394/3141/3309 3393/3143/3318 3274/3145/3432
f 3412/3038/3433 3251/3171/3496 3252/3037/3291
f 3402/3040/3435 3403/3042/3450 3405/3041/3436
f 3397/3043/3438 3398/3045/3447 3400/3044/3439
f 3396/3049/3437 3405/3041/3436 3421/3050/3444
f 3398/3045/3447 3397/3043/3438 3421/3050/3444
f 3421/3050/3444 3422/3051/3463 3413/3057/3446
f 3410/3053/3448 3420/3138/3455 3423/3052/3449
f 3406/3055/3451 3413/3057/3446 3426/3056/3452
f 3408/3047/3443 3407/3048/3442 3403/3042/3450
f 3418/3061/3457 3412/3038/3433 3411/3039/3434
f 3413/3057/3446 3422/3051/3463 3423/3063/3449
f 3401/3065/3453 3426/3056/3452 3425/3066/3460
f 3399/3091/3440 3400/3044/3439 3418/3061/3457
f 3422/3135/3463 3405/3136/3436 3403/3054/3450
f 3420/3060/3455 3409/3058/3454 3414/3064/3459
f 3426/3141/3452 3414/3142/3459 3416/3145/3464
f 3427/3146/3465 3431/3153/3472 3429/3147/3466
f 3427/3146/3465 3435/3172/3499 3434/3152/3471
f 3428/3148/3467 3429/3147/3466 3432/3151/3470
f 3436/3154/3473 3440/3161/3480 3438/3155/3474
f 3437/3156/3475 3438/3155/3474 3441/3159/3478
f 3446/3089/3345 3444/3090/3346 3290/3162/3481
f 3289/3163/3483 3445/3088/3344 3446/3089/3345
f 3281/3164/3484 3447/3170/3486 3449/3087/3342
f 3280/3078/3332 3285/3072/3325 3449/3087/3342
f 3244/2987/3240 3209/2991/3243 3227/3011/3266
f 3452/2952/3206 3197/2947/3201 3138/2922/3176
f 3453/2917/3172 3149/2945/3199 3452/2952/3206
f 3455/2967/3220 3138/2922/3176 3222/3022/3277
f 3447/3170/3486 3466/3170/3491 3463/3085/3487
f 3283/3075/3328 3296/3085/3343 3463/3085/3487
f 3281/3164/3484 3459/3164/3485 3466/3170/3491
f 3276/3069/3322 3458/3069/3495 3462/3075/3492
f 3290/3162/3481 3444/3090/3346 3465/3090/3493
f 3292/3075/3335 3462/3075/3492 3464/3085/3494
f 3444/3090/3346 3299/3085/3338 3464/3085/3494
f 3276/3069/3322 3283/3075/3328 3460/3075/3488
o staff
v -0.615192 1.210199 0.765625
v -0.623593 1.203458 0.778569
v -0.637857 1.210590 0.783980
v -0.643719 1.224463 0.776446
v -0.635318 1.231204 0.763501
v -0.621054 1.224072 0.758090
v -0.638914 1.178498 0.731026
v -0.647193 1.172464 0.749805
v -0.664114 1.182789 0.757846
v -0.672758 1.199146 0.747108
v -0.664479 1.205180 0.728328
v -0.647557 1.194855 0.720288
v -0.675710 1.141628 0.715067
v -0.678351 1.141244 0.736291
v -0.692454 1.154392 0.745554
v -0.703916 1.167926 0.733593
v -0.701275 1.168310 0.712369
v -0.687172 1.155162 0.703106
v -0.715130 1.104377 0.720198
v -0.711732 1.109699 0.740636
v -0.722815 1.125701 0.749506
v -0.737297 1.136381 0.737938
v -0.740695 1.131059 0.717500
v -0.729611 1.115057 0.708630
v -0.751173 1.072414 0.745638
v -0.742253 1.082633 0.762179
v -0.750576 1.101084 0.769100
v -0.767818 1.109315 0.759481
v -0.776739 1.099096 0.742940
v -0.768416 1.080645 0.736019
v -0.778353 1.050606 0.787515
v -0.765269 1.064167 0.797640
v -0.771509 1.084288 0.801353
v -0.790834 1.090849 0.794942
v -0.803918 1.077288 0.784817
v -0.797678 1.057167 0.781104
v -0.792531 1.042274 0.839453
v -0.777274 1.057111 0.841620
v -0.782429 1.077870 0.841355
v -0.802839 1.083793 0.838923
v -0.818096 1.068956 0.836755
v -0.812942 1.048196 0.837020
v -0.791548 1.048685 0.893544
v -0.776442 1.062540 0.887425
v -0.781672 1.082808 0.883016
v -0.802007 1.089221 0.884727
v -0.817113 1.075366 0.890847
v -0.811884 1.055098 0.895255
v -0.775555 1.068863 0.941555
v -0.762899 1.079627 0.928080
v -0.769354 1.098349 0.919993
v -0.788464 1.106308 0.925382
v -0.801120 1.095545 0.938857
v -0.794665 1.076823 0.946944
v -0.746986 1.099737 0.976175
v -0.738707 1.105771 0.957396
v -0.747350 1.122128 0.946658
v -0.764272 1.132452 0.954698
v -0.772551 1.126419 0.973477
v -0.763908 1.110062 0.984216
v -0.710190 1.136607 0.992135
v -0.707549 1.136991 0.970911
v -0.719011 1.150525 0.958949
v -0.733114 1.163673 0.968213
v -0.735755 1.163288 0.989437
v -0.724293 1.149755 1.001398
v -0.670770 1.173858 0.987004
v -0.674168 1.168536 0.966565
v -0.688650 1.179215 0.954998
v -0.699733 1.195217 0.963868
v -0.696335 1.200540 0.984306
v -0.681853 1.189860 0.995874
v -0.648136 1.201839 0.963045
v -0.652288 1.196601 0.950581
v -0.662815 1.202802 0.943457
v -0.669190 1.214241 0.948797
v -0.665038 1.219479 0.961261
v -0.654511 1.213279 0.968385
v -0.653408 1.189265 0.974861
v -0.673449 1.192672 0.944045
v -0.678973 1.215947 0.972163
v -0.658247 1.182643 0.955216
v -0.683812 1.209324 0.952518
v -0.663771 1.205918 0.983335
v -0.617744 1.201354 0.756463
v -0.645701 1.202732 0.780593
v -0.643309 1.228036 0.753766
v -0.627860 1.193379 0.773449
v -0.653425 1.220060 0.770751
v -0.625469 1.218682 0.746622
v -0.733152 1.088395 0.732918
v -0.736696 1.113393 0.759303
v -0.758717 1.115077 0.730220
v -0.726992 1.096166 0.751408
v -0.752558 1.122848 0.748710
v -0.749014 1.097851 0.722324
v -0.724141 1.096386 0.726558
v -0.729755 1.119547 0.754405
v -0.749709 1.123066 0.723861
v -0.719362 1.102933 0.746022
v -0.744927 1.129615 0.743324
v -0.739313 1.106454 0.715477
v -0.742163 1.080405 0.739278
v -0.743635 1.107238 0.764202
v -0.767728 1.107087 0.736580
v -0.734623 1.089400 0.756793
v -0.760188 1.116082 0.754095
v -0.758715 1.089248 0.729172
v -0.754036 1.065900 0.751040
v -0.752210 1.100287 0.776700
v -0.783892 1.097060 0.747889
v -0.742866 1.078438 0.769197
v -0.772722 1.109598 0.766046
v -0.774549 1.075211 0.740386
v -0.767995 1.058917 0.771556
v -0.763532 1.090689 0.789062
v -0.793560 1.085599 0.768858
v -0.756498 1.071204 0.784126
v -0.782063 1.097886 0.781428
v -0.786526 1.066115 0.763922
v -0.777471 1.073380 0.749971
v -0.774941 1.103601 0.770455
v -0.749376 1.076919 0.773152
v -0.785149 1.092348 0.755899
v -0.757054 1.095886 0.779081
v -0.759584 1.065666 0.758597
v -0.705275 1.113690 0.718915
v -0.715225 1.132874 0.748518
v -0.730840 1.140372 0.716217
v -0.703386 1.117585 0.739550
v -0.728952 1.144267 0.736852
v -0.719002 1.125083 0.707249
v -0.717988 1.097879 0.722054
v -0.725658 1.123535 0.755017
v -0.747476 1.128655 0.718942
v -0.713272 1.104724 0.745067
v -0.742760 1.135500 0.741955
v -0.735090 1.109844 0.708992
v -0.727104 1.089795 0.728489
v -0.732386 1.117568 0.759766
v -0.756593 1.120570 0.725377
v -0.720796 1.098052 0.750378
v -0.750284 1.128828 0.747266
v -0.745002 1.101054 0.715989
v -0.736221 1.081710 0.734924
v -0.739115 1.111602 0.764515
v -0.765709 1.112486 0.731812
v -0.728321 1.091379 0.755688
v -0.757809 1.122155 0.752577
v -0.754915 1.092263 0.722986
v -0.745338 1.073625 0.741359
v -0.745843 1.105636 0.769264
v -0.774826 1.104401 0.738247
v -0.735845 1.084707 0.760999
v -0.765333 1.115483 0.757888
v -0.764828 1.083473 0.729983
v -0.558278 1.185379 -0.411673
v -0.686651 1.166683 0.619866
v -0.548358 1.189305 -0.410368
v -0.676731 1.170608 0.621172
v -0.538573 1.185007 -0.409228
v -0.666945 1.166310 0.622312
v -0.534654 1.175003 -0.408921
v -0.663027 1.156306 0.622618
v -0.538899 1.165153 -0.409628
v -0.667271 1.146456 0.621911
v -0.548819 1.161228 -0.410934
v -0.677191 1.142531 0.620606
v -0.558604 1.165526 -0.412074
v -0.686977 1.146829 0.619466
v -0.562523 1.175530 -0.412380
v -0.690895 1.156833 0.619160
v -0.693426 1.160421 0.734163
v -0.689299 1.162054 0.734706
v -0.685229 1.160266 0.735180
v -0.683599 1.156105 0.735307
v -0.685364 1.152008 0.735013
v -0.689491 1.150375 0.734470
v -0.693561 1.152163 0.733996
v -0.695191 1.156324 0.733869
v -0.723510 1.156040 0.975906
v -0.719383 1.157673 0.976449
v -0.715313 1.155885 0.976923
v -0.713683 1.151723 0.977050
v -0.715449 1.147626 0.976756
v -0.719575 1.145994 0.976213
v -0.723645 1.147781 0.975739
v -0.725275 1.151943 0.975612
v -0.795353 1.073734 0.842690
v -0.793662 1.072576 0.838717
v -0.790601 1.069632 0.837319
v -0.787962 1.066627 0.839318
v -0.787291 1.065321 0.843541
v -0.788982 1.066478 0.847514
v -0.792043 1.069422 0.848911
v -0.794682 1.072428 0.846913
v -0.750632 1.117225 0.849044
v -0.748941 1.116068 0.845070
v -0.745880 1.113124 0.843673
v -0.743241 1.110118 0.845672
v -0.742571 1.108812 0.849895
v -0.744261 1.109970 0.853868
v -0.747323 1.112914 0.855265
v -0.749961 1.115919 0.853266
v -0.692594 1.150304 0.791785
v -0.711256 1.132669 0.794214
v -0.728319 1.117537 0.806258
v -0.741186 1.107214 0.826082
v -0.747898 1.103269 0.850670
v -0.747433 1.106304 0.876277
v -0.739861 1.115857 0.899005
v -0.726337 1.130472 0.915395
v -0.708917 1.147927 0.922950
v -0.690256 1.165562 0.920521
v -0.673192 1.180693 0.908477
v -0.660326 1.191017 0.888653
v -0.653614 1.194961 0.864065
v -0.654079 1.191926 0.838458
v -0.661650 1.182374 0.815730
v -0.675175 1.167758 0.799340
v -0.693878 1.150117 0.802097
v -0.709605 1.135255 0.804143
v -0.723985 1.122503 0.814294
v -0.734829 1.113802 0.831001
v -0.740486 1.110477 0.851723
v -0.740094 1.113035 0.873304
v -0.733713 1.121086 0.892459
v -0.722314 1.133404 0.906271
v -0.707634 1.148113 0.912639
v -0.691907 1.162976 0.910591
v -0.677526 1.175728 0.900442
v -0.666682 1.184429 0.883734
v -0.661026 1.187753 0.863012
v -0.661418 1.185195 0.841431
v -0.667799 1.177145 0.822276
v -0.679197 1.164827 0.808464
v -0.689354 1.143020 0.818840
v -0.700513 1.132475 0.820292
v -0.710716 1.123427 0.827494
v -0.718411 1.117253 0.839348
v -0.722424 1.114895 0.854051
v -0.722146 1.116709 0.869363
v -0.717618 1.122421 0.882954
v -0.709531 1.131161 0.892754
v -0.699115 1.141598 0.897272
v -0.687956 1.152143 0.895819
v -0.677753 1.161191 0.888618
v -0.670059 1.167365 0.876763
v -0.666045 1.169724 0.862061
v -0.666323 1.167909 0.846748
v -0.670851 1.162197 0.833158
v -0.678938 1.153457 0.823357
v -0.705493 1.145116 0.918088
v -0.688298 1.161364 0.915850
v -0.707648 1.131057 0.799472
v -0.723370 1.117116 0.810569
v -0.672577 1.175306 0.904753
v -0.735225 1.107603 0.828835
v -0.660721 1.184818 0.886487
v -0.741409 1.103969 0.851490
v -0.654537 1.188453 0.863832
v -0.740981 1.106765 0.875084
v -0.654966 1.185657 0.840238
v -0.734004 1.115567 0.896026
v -0.661942 1.176855 0.819297
v -0.721543 1.129034 0.911127
v -0.674403 1.163388 0.804196
v -0.690453 1.147306 0.797234
v -0.674832 1.153520 0.839787
v -0.688684 1.139848 0.835835
v -0.703021 1.126105 0.835782
v -0.676229 1.154277 0.860513
v -0.691485 1.139440 0.858346
v -0.706741 1.124603 0.856178
v -0.679949 1.152775 0.880909
v -0.694287 1.139032 0.880857
v -0.708139 1.125360 0.876904
v -0.700426 1.158478 0.790958
v -0.719088 1.140843 0.793387
v -0.736151 1.125711 0.805431
v -0.749018 1.115388 0.825256
v -0.755730 1.111443 0.849843
v -0.755265 1.114478 0.875450
v -0.747693 1.124030 0.898179
v -0.734169 1.138646 0.914568
v -0.716749 1.156100 0.922123
v -0.698088 1.173735 0.919694
v -0.681024 1.188867 0.907651
v -0.668157 1.199191 0.887826
v -0.661446 1.203135 0.863238
v -0.661911 1.200100 0.837631
v -0.669482 1.190548 0.814903
v -0.683007 1.175932 0.798514
v -0.701709 1.158291 0.801270
v -0.717437 1.143429 0.803317
v -0.731817 1.130676 0.813467
v -0.742661 1.121976 0.830175
v -0.748317 1.118652 0.850896
v -0.747926 1.121209 0.872477
v -0.741545 1.129260 0.891632
v -0.730146 1.141578 0.905445
v -0.715466 1.156287 0.911812
v -0.699738 1.171150 0.909765
v -0.685358 1.183902 0.899615
v -0.674514 1.192603 0.882907
v -0.668858 1.195927 0.862185
v -0.669250 1.193369 0.840604
v -0.675631 1.185318 0.821450
v -0.687029 1.173001 0.807637
v -0.710229 1.164806 0.816637
v -0.721388 1.154261 0.818089
v -0.731591 1.145213 0.825291
v -0.739285 1.139040 0.837145
v -0.743298 1.136681 0.851848
v -0.743020 1.138496 0.867160
v -0.738493 1.144208 0.880751
v -0.730405 1.152948 0.890551
v -0.719989 1.163385 0.895069
v -0.708830 1.173930 0.893617
v -0.698627 1.182978 0.886415
v -0.690933 1.189151 0.874560
v -0.686920 1.191510 0.859858
v -0.687198 1.189695 0.844546
v -0.691725 1.183983 0.830955
v -0.699813 1.175243 0.821154
v -0.718890 1.159098 0.916674
v -0.701696 1.175347 0.914436
v -0.721045 1.145040 0.798059
v -0.736767 1.131099 0.809156
v -0.685974 1.189289 0.903339
v -0.748622 1.121586 0.827422
v -0.674119 1.198801 0.885073
v -0.754806 1.117952 0.850076
v -0.667935 1.202436 0.862418
v -0.754378 1.120748 0.873670
v -0.668363 1.199639 0.838824
v -0.747402 1.129550 0.894612
v -0.675339 1.190838 0.817883
v -0.734940 1.143016 0.909713
v -0.687801 1.177371 0.802782
v -0.703850 1.161289 0.795821
v -0.701205 1.181044 0.837004
v -0.715057 1.167373 0.833052
v -0.729394 1.153630 0.832999
v -0.702602 1.181801 0.857730
v -0.717858 1.166965 0.855563
v -0.733114 1.152128 0.853395
v -0.706322 1.180299 0.878126
v -0.720659 1.166556 0.878074
v -0.734511 1.152885 0.874121
v -0.703589 1.150702 0.814577
v -0.713617 1.149242 0.895158
v -0.715247 1.153403 0.895030
v -0.705219 1.154864 0.814450
v -0.695393 1.150547 0.815594
v -0.705421 1.149087 0.896175
v -0.709547 1.147454 0.895632
v -0.699519 1.148915 0.815051
v -0.695257 1.158806 0.815761
v -0.705285 1.157345 0.896342
v -0.703655 1.153184 0.896469
v -0.693627 1.154644 0.815888
v -0.703454 1.158961 0.814744
v -0.713482 1.157500 0.895324
v -0.709355 1.159133 0.895868
v -0.699327 1.160594 0.815287
v -0.678242 1.170388 0.633319
v -0.688163 1.166463 0.632013
v -0.668457 1.166090 0.634458
v -0.664539 1.156086 0.634765
v -0.668783 1.146236 0.634058
v -0.678703 1.142311 0.632752
v -0.688489 1.146609 0.631612
v -0.692407 1.156613 0.631306
v -0.679754 1.170168 0.645465
v -0.689674 1.166242 0.644160
v -0.669969 1.165870 0.646605
v -0.666050 1.155866 0.646912
v -0.670294 1.146016 0.646205
v -0.680215 1.142091 0.644899
v -0.690000 1.146389 0.643759
v -0.693918 1.156393 0.643453
v -0.690688 1.168200 0.637900
v -0.678956 1.172842 0.639444
v -0.695707 1.156551 0.637064
v -0.679501 1.139637 0.638774
v -0.691074 1.144720 0.637426
v -0.662750 1.155928 0.641154
v -0.667769 1.144279 0.640318
v -0.667383 1.167759 0.640792
v -0.665514 1.168326 0.628696
v -0.660741 1.156138 0.629069
v -0.677998 1.139356 0.626617
v -0.689919 1.144593 0.625229
v -0.665911 1.144138 0.628208
v -0.694693 1.156781 0.624855
v -0.677436 1.173563 0.627307
v -0.689522 1.168781 0.625716
v -0.682875 1.169713 0.670547
v -0.692796 1.165788 0.669242
v -0.673090 1.165415 0.671687
v -0.669172 1.155411 0.671994
v -0.673416 1.145561 0.671287
v -0.683336 1.141636 0.669981
v -0.693122 1.145934 0.668841
v -0.697040 1.155938 0.668535
v -0.684367 1.169496 0.682536
v -0.694288 1.165570 0.681231
v -0.674582 1.165198 0.683676
v -0.670664 1.155194 0.683982
v -0.674908 1.145344 0.683276
v -0.684828 1.141419 0.681970
v -0.694614 1.145717 0.680830
v -0.698532 1.155721 0.680524
v -0.686016 1.169256 0.695787
v -0.695937 1.165330 0.694481
v -0.676231 1.164958 0.696927
v -0.672313 1.154954 0.697233
v -0.676557 1.145104 0.696527
v -0.686477 1.141178 0.695221
v -0.696263 1.145477 0.694081
v -0.700181 1.155481 0.693775
v -0.673523 1.142918 0.690134
v -0.685705 1.138098 0.688531
v -0.673123 1.167298 0.690626
v -0.668311 1.155014 0.691002
v -0.697321 1.167756 0.687623
v -0.685139 1.172577 0.689226
v -0.702533 1.155661 0.686755
v -0.697722 1.143376 0.687131
v -0.700963 1.155890 0.674135
v -0.695751 1.167985 0.675003
v -0.684135 1.138326 0.675911
v -0.696151 1.143605 0.674511
v -0.666741 1.155242 0.678382
v -0.671952 1.143147 0.677515
v -0.683569 1.172806 0.676607
v -0.671552 1.167527 0.678006
v -0.683794 1.171084 0.721255
v -0.696998 1.162772 0.719461
v -0.673832 1.169839 0.722472
v -0.672948 1.159765 0.722400
v -0.681660 1.146764 0.721080
v -0.694864 1.138452 0.719286
v -0.704825 1.139698 0.718069
v -0.705709 1.149772 0.718142
v -0.556792 1.185596 -0.423614
v -0.546872 1.189521 -0.422308
v -0.537087 1.185223 -0.421168
v -0.533169 1.175219 -0.420862
v -0.537413 1.165370 -0.421569
v -0.547333 1.161444 -0.422875
v -0.557118 1.165742 -0.424014
v -0.561036 1.175746 -0.424321
v -0.536537 1.163572 -0.415428
v -0.531584 1.175067 -0.414603
v -0.564107 1.175682 -0.418639
v -0.559534 1.164007 -0.418282
v -0.536157 1.186742 -0.414960
v -0.547577 1.191758 -0.416291
v -0.548114 1.158991 -0.416952
v -0.559154 1.187177 -0.417815
v -0.549175 1.186705 -0.484821
v -0.539255 1.190631 -0.483515
v -0.529470 1.186333 -0.482375
v -0.525552 1.176328 -0.482069
v -0.529796 1.166479 -0.482775
v -0.539716 1.162553 -0.484081
v -0.549501 1.166852 -0.485221
v -0.553420 1.176856 -0.485527
v -0.547507 1.186948 -0.498229
v -0.537587 1.190874 -0.496923
v -0.527801 1.186576 -0.495784
v -0.523883 1.176571 -0.495477
v -0.528127 1.166722 -0.496184
v -0.538047 1.162796 -0.497490
v -0.547833 1.167095 -0.498630
v -0.551751 1.177099 -0.498936
v -0.555146 1.177026 -0.492549
v -0.550508 1.165183 -0.492187
v -0.538924 1.160095 -0.490837
v -0.527181 1.164742 -0.489292
v -0.522157 1.176401 -0.488455
v -0.526795 1.188244 -0.488818
v -0.538379 1.193332 -0.490167
v -0.550122 1.188685 -0.491713
v -0.548094 1.194902 -0.548539
v -0.531254 1.201566 -0.546322
v -0.514642 1.194269 -0.544387
v -0.507990 1.177287 -0.543867
v -0.515195 1.160566 -0.545067
v -0.532036 1.153902 -0.547284
v -0.548647 1.161199 -0.549219
v -0.555299 1.178182 -0.549739
v -0.539199 1.187523 -0.560642
v -0.529825 1.191232 -0.559408
v -0.520579 1.187171 -0.558331
v -0.516877 1.177718 -0.558042
v -0.520887 1.168411 -0.558709
v -0.530261 1.164702 -0.559943
v -0.539507 1.168764 -0.561020
v -0.543209 1.178216 -0.561309
v -0.521119 1.189393 -0.531244
v -0.533083 1.194648 -0.532638
v -0.550401 1.177806 -0.535098
v -0.545610 1.165575 -0.534724
v -0.533646 1.160319 -0.533330
v -0.521517 1.165119 -0.531734
v -0.516328 1.177161 -0.530870
v -0.545212 1.189848 -0.534235
v -0.534392 1.192898 -0.522353
v -0.545779 1.166472 -0.524249
v -0.523880 1.166058 -0.521531
v -0.545417 1.188536 -0.523804
v -0.523518 1.188121 -0.521086
v -0.550133 1.177589 -0.524589
v -0.534904 1.161695 -0.522982
v -0.519163 1.177004 -0.520746
v -0.764854 1.118902 0.696691
v -0.754781 1.127730 0.688720
v -0.762796 1.124859 0.690872
v -0.769396 1.114702 0.668450
v -0.756979 1.125453 0.657539
v -0.767091 1.121856 0.660780
v -0.768060 1.049239 0.559533
v -0.768060 1.049239 0.559533
v -0.768060 1.049239 0.559533
v -0.771956 1.092353 0.600438
v -0.763954 1.094985 0.597046
v -0.773335 1.087107 0.607297
vn 0.7884 -0.4526 -0.4166
vn 0.5743 0.4835 -0.6606
vn 0.9222 -0.3213 -0.2154
vn 0.4417 -0.7706 0.4594
vn 0.4367 -0.7100 0.5525
vn -0.3889 -0.2840 0.8764
vn -0.3955 -0.2909 0.8712
vn -0.7402 0.5183 0.4283
vn -0.2535 0.9058 -0.3395
vn -0.7909 0.5158 0.3293
vn -0.3703 0.7566 -0.5389
vn 0.1235 0.0180 -0.9922
vn 0.3848 0.2798 -0.8796
vn 0.5605 -0.6511 0.5118
vn -0.6717 0.6349 0.3818
vn -0.5118 0.6141 -0.6008
vn 0.6429 -0.5625 -0.5198
vn -0.0180 -0.1177 -0.9929
vn 0.5870 -0.6814 -0.4371
vn 0.8567 -0.3375 0.3901
vn 0.6052 -0.5629 0.5629
vn 0.3576 0.4266 0.8307
vn 0.0180 0.1177 0.9929
vn -0.5870 0.6814 0.4371
vn -0.6052 0.5629 -0.5629
vn -0.3336 0.9048 0.2645
vn -0.4760 0.6053 -0.6379
vn 0.3246 -0.8783 -0.3512
vn -0.3199 -0.3936 -0.8618
vn 0.4375 -0.8234 -0.3614
vn 0.7843 -0.4572 0.4193
vn 0.7575 -0.4214 0.4986
vn 0.3994 0.4627 0.7915
vn 0.3275 0.4003 0.8558
vn -0.4327 0.8208 0.3730
vn -0.7611 0.4275 -0.4879
vn -0.4590 0.8404 0.2881
vn -0.8220 0.3184 -0.4722
vn 0.2463 -0.9491 -0.1964
vn -0.5244 -0.5667 -0.6355
vn 0.3320 -0.9076 -0.2571
vn 0.8915 -0.3576 0.2781
vn 0.8602 -0.3367 0.3829
vn 0.6117 0.6339 0.4733
vn 0.5244 0.5667 0.6355
vn -0.3320 0.9076 0.2571
vn -0.8602 0.3367 -0.3829
vn -0.3407 0.9284 0.1481
vn 0.1910 -0.9816 0.0060
vn -0.6117 -0.6339 -0.4733
vn 0.9372 -0.3307 0.1106
vn -0.2949 0.9553 -0.0194
vn -0.9669 0.2270 -0.1162
vn -0.9117 0.2594 -0.3186
vn -0.7132 -0.6936 -0.1013
vn 0.1949 -0.9566 0.2167
vn 0.7062 0.6477 -0.2861
vn 0.7132 0.6936 0.1013
vn -0.2981 0.9346 -0.1938
vn -0.9631 0.2520 0.0945
vn 0.2572 -0.8780 0.4038
vn -0.7062 -0.6477 0.2861
vn 0.9341 -0.3514 -0.0638
vn 0.5916 0.5032 -0.6299
vn -0.9008 0.3306 0.2816
vn -0.5916 -0.5032 0.6299
vn 0.3685 -0.7577 0.5386
vn 0.8825 -0.4164 -0.2186
vn 0.7904 -0.5160 -0.3303
vn -0.3497 0.8696 -0.3487
vn 0.3870 0.2820 -0.8779
vn -0.7895 0.4509 0.4164
vn 0.5118 -0.6141 0.6008
vn -0.3870 -0.2820 0.8779
vn 0.6717 -0.6349 -0.3818
vn -0.5605 0.6511 -0.5118
vn -0.4418 0.7700 -0.4603
vn -0.6462 0.5945 0.4786
vn 0.1563 0.2465 0.9564
vn -0.1235 -0.0180 0.9922
vn 0.5442 -0.7557 -0.3644
vn -0.6884 0.5307 -0.4944
vn -0.4943 0.7386 0.4584
vn 0.8577 -0.3055 0.4135
vn 0.6951 0.6873 0.2106
vn 0.4118 0.4733 0.7787
vn 0.5831 -0.6715 -0.4573
vn 0.9844 0.1724 -0.0356
vn -0.1508 -0.2414 -0.9586
vn 0.7930 -0.0605 -0.6062
vn 0.0387 0.7268 -0.6858
vn -0.5935 0.5565 -0.5814
vn 0.2220 0.9681 -0.1161
vn -0.3041 0.9071 0.2909
vn 0.7237 0.6880 -0.0539
vn -0.1668 0.7057 0.6886
vn 0.0666 0.1633 0.9843
vn 0.6242 -0.1198 0.7721
vn 0.3234 0.2167 -0.9211
vn -0.1612 -0.2510 -0.9545
vn 0.6644 -0.4706 0.5806
vn 0.1586 0.9730 0.1675
vn 0.9577 0.1390 0.2518
vn -0.2852 -0.3630 -0.8871
vn -0.7422 0.4236 -0.5194
vn -0.5963 0.0317 -0.8021
vn -0.4483 0.8061 0.3863
vn -0.6751 0.7341 -0.0730
vn -0.4506 0.8088 0.3778
vn 0.2835 0.3615 0.8882
vn 0.7443 -0.4383 0.5039
vn 0.7409 -0.4350 0.5118
vn 0.4376 -0.8078 -0.3949
vn 0.4580 -0.8031 -0.3811
vn 0.4704 -0.7942 -0.3847
vn -0.2941 -0.3709 -0.8809
vn -0.2668 -0.3465 -0.8993
vn 0.7296 -0.4462 0.5183
vn 0.4386 -0.8107 -0.3879
vn 0.2588 0.3394 0.9043
vn 0.7366 -0.4480 0.5066
vn -0.4609 0.8019 0.3803
vn -0.4606 0.7960 0.3927
vn -0.7455 0.4254 -0.5130
vn -0.7280 0.4568 -0.5112
vn -0.3019 -0.3777 -0.8753
vn -0.7400 0.4304 -0.5169
vn -0.7509 0.4336 -0.4982
vn -0.4449 0.8160 0.3690
vn -0.4430 0.8108 0.3825
vn 0.3054 0.3808 0.8728
vn 0.3035 0.3792 0.8741
vn 0.7462 -0.4303 0.5080
vn 0.7526 -0.4339 0.4954
vn 0.4450 -0.8146 -0.3720
vn 0.4443 -0.8056 -0.3919
vn -0.5079 -0.5534 -0.6602
vn -0.4329 -0.4912 -0.7559
vn 0.3499 -0.8977 -0.2679
vn 0.8528 -0.3398 0.3965
vn -0.3367 0.9018 0.2710
vn -0.8484 0.3531 -0.3943
vn 0.2025 -0.9744 -0.0979
vn -0.6112 -0.6336 -0.4744
vn 0.7021 -0.4424 0.5580
vn 0.3644 0.4326 0.8247
vn -0.4621 0.7727 0.4352
vn -0.9488 0.2272 -0.2194
vn 0.5038 0.5500 0.6661
vn 0.6462 -0.5945 -0.4786
vn -0.0000 -0.1006 -0.9949
vn 0.2817 0.3598 0.8895
vn -0.2936 -0.3704 -0.8813
vn 0.2936 0.3704 0.8813
vn -0.2930 -0.3699 -0.8816
vn -0.7008 0.7031 0.1205
vn 0.0460 0.9739 -0.2223
vn -0.0078 0.9773 0.2118
vn 0.6758 0.6770 0.2914
vn 0.9924 -0.0138 -0.1224
vn 0.9496 -0.0219 0.3128
vn 0.6993 -0.6940 -0.1712
vn 0.6531 -0.7100 0.2634
vn 0.0142 -0.9651 -0.2614
vn -0.0400 -0.9842 0.1722
vn -0.7236 -0.6840 0.0926
vn 0.9922 -0.0188 0.1231
vn 0.7080 0.6924 0.1388
vn 0.9868 -0.0194 0.1606
vn -0.9322 0.0226 -0.3613
vn -0.9974 0.0149 0.0712
vn 0.7008 -0.7030 -0.1206
vn 0.9974 -0.0149 -0.0712
vn 0.6135 -0.5478 -0.5688
vn -0.4759 -0.5272 -0.7040
vn -0.4579 0.5704 -0.6819
vn -0.6315 -0.5498 0.5467
vn 0.4579 -0.5704 0.6819
vn 0.4759 0.5272 0.7040
vn -0.8482 0.0032 0.5297
vn -0.9922 0.0188 -0.1231
vn 0.6900 -0.7201 0.0728
vn -0.0906 -0.7875 0.6097
vn -0.0164 -0.9997 -0.0202
vn 0.6925 -0.0259 0.7209
vn 0.0164 0.9997 0.0202
vn -0.6135 0.5478 0.5688
vn -0.0651 0.7648 0.6410
vn -0.6900 0.7201 -0.0728
vn 0.0862 -0.9963 -0.0073
vn -0.5453 -0.4511 0.7065
vn -0.9852 0.1219 -0.1204
vn 0.3536 0.4232 0.8342
vn 0.9852 -0.1220 0.1204
vn 0.5454 0.4511 -0.7065
vn 0.0029 0.8226 0.5686
vn -0.8961 -0.0517 0.4409
vn 0.7605 0.0319 0.6485
vn -0.1385 -0.8424 0.5208
vn -0.0029 -0.8226 -0.5686
vn 0.8961 0.0517 -0.4408
vn -0.7605 -0.0319 -0.6485
vn -0.0862 0.9962 0.0073
vn 0.1385 0.8424 -0.5208
vn -0.3536 -0.4232 -0.8342
vn 0.6786 -0.7194 0.1483
vn 0.6624 -0.7470 -0.0563
vn 0.7001 -0.6991 0.1454
vn 0.6562 -0.7545 0.0136
vn 0.7051 -0.6802 0.2006
vn 0.7398 -0.6494 0.1761
vn 0.6277 -0.7778 -0.0318
vn 0.7198 -0.6816 0.1315
vn 0.7659 -0.6284 0.1358
vn 0.6414 -0.7664 0.0365
vn 0.6015 -0.7988 0.0086
vn 0.7346 -0.6697 0.1087
vn 0.7796 -0.6204 0.0858
vn 0.6336 -0.7709 0.0649
vn 0.7424 -0.6652 0.0803
vn 0.5879 -0.8068 0.0585
vn 0.7786 -0.6266 0.0337
vn 0.6342 -0.7674 0.0944
vn 0.7418 -0.6687 0.0508
vn 0.5888 -0.8007 0.1106
vn 0.6429 -0.7564 0.1206
vn 0.7632 -0.6460 -0.0125
vn 0.7331 -0.6797 0.0246
vn 0.6042 -0.7812 0.1568
vn 0.6585 -0.7396 0.1395
vn 0.7357 -0.6757 -0.0458
vn 0.7175 -0.6965 0.0057
vn 0.6317 -0.7515 0.1902
vn 0.7003 -0.7112 -0.0612
vn 0.6974 -0.7167 -0.0031
vn 0.6759 -0.7370 -0.0002
vn 0.6672 -0.7160 0.2055
vn 0.7801 -0.5534 -0.2919
vn 0.5884 -0.6710 0.4512
vn 0.5762 -0.7517 -0.3209
vn 0.6840 -0.6570 -0.3169
vn 0.6873 -0.5669 0.4542
vn 0.4397 -0.8567 -0.2698
vn 0.8032 -0.4405 0.4010
vn 0.3869 -0.9156 -0.1097
vn 0.8804 -0.4070 0.2434
vn 0.3667 -0.9299 0.0288
vn 0.9095 -0.4020 0.1059
vn 0.3523 -0.9206 0.1684
vn 0.9150 -0.4020 -0.0346
vn 0.3640 -0.8677 0.3386
vn 0.8789 -0.4295 -0.2074
vn 0.4833 -0.7652 0.4252
vn 0.6408 -0.0461 -0.7663
vn 0.4016 -0.2858 -0.8701
vn 0.1453 -0.5280 -0.8367
vn 0.1774 -0.3185 0.9312
vn 0.8265 0.1546 -0.5413
vn -0.2475 -0.7589 0.6023
vn -0.0618 -0.5582 0.8274
vn -0.3515 -0.8901 0.2902
vn 0.9369 0.3274 0.1225
vn 0.9305 0.2858 -0.2291
vn 0.8447 0.2733 0.4602
vn -0.3579 -0.9317 -0.0614
vn 0.6680 0.1315 0.7324
vn -0.2657 -0.8776 -0.3991
vn -0.0890 -0.7358 -0.6713
vn 0.4337 -0.0763 0.8978
vn 0.7888 -0.6126 -0.0503
vn 0.7704 -0.6319 0.0844
vn 0.7551 -0.6175 0.2201
vn 0.7002 -0.7118 -0.0558
vn 0.6683 -0.7164 0.2002
vn 0.5997 -0.7965 -0.0772
vn 0.5660 -0.8014 0.1933
vn 0.5997 -0.7980 0.0602
vn 0.6974 -0.7167 -0.0030
vn 0.7198 -0.6816 0.1316
vn 0.6624 -0.7471 -0.0563
vn 0.6562 -0.7545 0.0137
vn 0.6015 -0.7988 0.0085
vn 0.5888 -0.8006 0.1106
vn 0.7787 -0.6265 0.0337
vn 0.6585 -0.7395 0.1395
vn 0.7358 -0.6757 -0.0458
vn 0.6671 -0.7160 0.2055
vn 0.3078 -0.7418 0.5958
vn 0.4694 -0.5799 0.6659
vn 0.6425 -0.4163 0.6433
vn 0.6208 -0.5579 -0.5508
vn 0.9078 -0.2604 -0.3287
vn 0.7824 -0.3960 -0.4807
vn 0.1823 -0.8774 0.4438
vn 0.1121 -0.9660 0.2329
vn 0.9781 -0.1718 -0.1179
vn 0.1701 -0.9576 -0.2327
vn 0.1078 -0.9942 -0.0046
vn 0.9824 -0.1436 0.1196
vn 0.2894 -0.8618 -0.4166
vn 0.9201 -0.1802 0.3477
vn 0.8008 -0.2760 0.5316
vn 0.4477 -0.7214 -0.5283
vn 0.4170 0.4777 0.7732
vn 0.1588 0.2488 0.9554
vn -0.4170 -0.4777 -0.7732
vn -0.1589 -0.2488 -0.9554
vn 0.6316 0.5498 -0.5467
vn 0.0651 -0.7648 -0.6410
vn 0.0906 0.7875 -0.6097
vn 0.8482 -0.0033 -0.5297
vn -0.6925 0.0259 -0.7209
vn -0.0095 0.9743 0.2252
vn -0.7174 -0.6938 -0.0637
vn 0.6848 -0.7203 0.1103
vn -0.9962 0.0181 -0.0855
vn -0.0211 -0.9996 0.0174
vn -0.6942 0.7189 -0.0352
vn 0.0117 0.9983 0.0577
vn 0.6722 0.6748 0.3046
vn 0.9907 -0.0135 -0.1353
vn 0.9451 -0.0221 0.3259
vn -0.7006 0.7008 0.1342
vn -0.0416 -0.9817 0.1857
vn -0.7233 -0.6823 0.1063
vn 0.6495 -0.7083 0.2767
vn -0.9963 0.0146 0.0850
vn -0.6391 0.7028 -0.3125
vn 0.7218 0.6771 -0.1436
vn -0.6616 -0.6683 -0.3401
vn -0.6926 0.7195 -0.0502
vn 0.0475 0.9709 -0.2348
vn -0.9274 0.0228 -0.3733
vn -0.6353 0.7007 -0.3247
vn -0.6577 -0.6658 -0.3522
vn 0.6986 -0.6915 -0.1839
vn 0.7210 0.6750 -0.1563
vn 0.0158 -0.9617 -0.2738
vn -0.0011 -0.9788 0.2047
vn -0.0192 -0.9998 0.0024
vn -0.7158 -0.6938 -0.0787
vn 0.6870 -0.7204 0.0954
vn 0.0136 0.9990 0.0427
vn 0.7102 0.6930 0.1239
vn -0.9948 0.0184 -0.1005
vn 0.9891 -0.0192 0.1457
vn 0.6906 0.6851 0.2317
vn -0.1819 0.7855 0.5915
vn 0.5679 0.6010 0.5623
vn 0.9388 -0.0647 0.3382
vn -0.0534 0.9709 0.2335
vn -0.6962 0.6841 0.2176
vn -0.7233 -0.6899 0.0308
vn 0.6247 -0.6945 0.3570
vn -0.9934 0.0568 0.0999
vn -0.6857 -0.6182 0.3842
vn 0.4182 -0.5371 0.7325
vn -0.8595 0.1266 0.4952
vn 0.0349 -0.8069 0.5896
vn 0.7125 -0.1480 0.6859
vn -0.5874 0.5125 0.6264
vn 0.0078 -0.9773 -0.2118
vn -0.7237 -0.6844 0.0889
vn -0.0395 -0.9849 0.1686
vn -0.9496 0.0219 -0.3128
vn -0.6758 -0.6770 -0.2914
vn 0.0400 0.9842 -0.1722
vn -0.6531 0.7100 -0.2634
vn 0.7236 0.6840 -0.0926
vn -0.6843 -0.6818 -0.2585
vn 0.6540 -0.7105 0.2598
vn 0.9507 -0.0218 0.3092
vn 0.6768 0.6776 0.2878
vn -0.0073 0.9781 0.2081
vn -0.9976 0.0150 0.0674
vn -0.7009 0.7036 0.1169
vn -0.0219 0.9468 0.3210
vn 0.7222 0.6916 -0.0038
vn 0.0293 0.9960 -0.0845
vn 0.0035 -0.9840 -0.1784
vn 0.7009 -0.7080 -0.0866
vn 0.7238 0.6876 -0.0585
vn -0.6614 0.7138 -0.2304
vn -0.9597 0.0214 -0.2800
vn 0.9992 -0.0157 -0.0369
vn 0.0359 0.9897 -0.1386
vn 0.6107 0.0059 -0.7918
vn 0.4689 0.3681 -0.8029
vn -0.9827 0.0124 0.1845
vn -0.6962 -0.6878 -0.2053
vn -0.7170 -0.6662 0.2053
vn 0.6197 -0.6915 0.3712
vn -0.0033 -0.9922 -0.1246
vn 0.6992 -0.7142 -0.0321
vn 0.6418 0.6553 0.3984
vn 0.9997 -0.0168 0.0179
vn -0.6732 0.7180 -0.1769
vn -0.6949 0.6805 0.2325
vn -0.9737 0.0206 -0.2270
vn -0.0532 -0.9578 0.2826
vn 0.9076 -0.0234 0.4191
vn 0.0980 -0.4927 -0.8647
vn -0.3980 0.0250 -0.9170
vn -0.2444 0.3816 -0.8914
vn -0.2562 -0.3371 -0.9059
vn 0.4571 -0.3506 -0.8174
vn 0.1147 0.5236 -0.8442
vn 0.6730 -0.7180 0.1776
vn 0.9735 -0.0206 0.2276
vn -0.0294 -0.9959 0.0851
vn -0.9997 0.0168 -0.0173
vn -0.6992 0.7142 0.0327
vn 0.6961 0.6878 0.2059
vn -0.7223 -0.6916 0.0044
vn 0.0032 0.9921 0.1252
vn 0.3008 -0.9383 -0.1704
vn 0.3207 -0.9447 -0.0689
vn 0.3245 -0.9445 -0.0515
vn -0.8353 0.5077 0.2110
vn -0.8646 0.4708 0.1753
vn -0.8348 0.5087 0.2108
vn 0.3851 -0.9005 0.2021
vn 0.3902 -0.8931 0.2238
vn -0.8961 0.4269 0.1215
vn -0.9373 0.3461 0.0400
vn 0.4586 -0.7159 0.5265
vn 0.0433 -0.9972 0.0606
vn -0.0000 -1.0000 -0.0000
vn -0.9842 0.1582 -0.0792
vn -0.0895 -0.9959 -0.0140
vn -0.9541 0.2994 -0.0049
vn 0.4557 -0.7282 0.5119
vn 0.3023 -0.9378 -0.1709
vn -0.9869 0.1228 -0.1045
vt 0.784216 0.729866
vt 0.781261 0.694767
vt 0.781261 0.729866
vt 0.784216 0.554372
vt 0.781261 0.729235
vt 0.781261 0.554372
vt 0.784216 0.589471
vt 0.781261 0.589471
vt 0.781261 0.624570
vt 0.781261 0.659669
vt 0.784216 0.624570
vt 0.784216 0.659669
vt 0.790126 0.694767
vt 0.784216 0.694767
vt 0.790126 0.554372
vt 0.784216 0.729235
vt 0.790126 0.624570
vt 0.790126 0.659669
vt 0.906255 0.908243
vt 0.896899 0.893590
vt 0.896899 0.908243
vt 0.906255 0.834980
vt 0.896899 0.907979
vt 0.896899 0.834980
vt 0.906255 0.849633
vt 0.896899 0.849633
vt 0.896899 0.864285
vt 0.896899 0.878938
vt 0.906255 0.864285
vt 0.906255 0.878938
vt 0.943679 0.908243
vt 0.939001 0.893590
vt 0.939001 0.908243
vt 0.943679 0.834980
vt 0.939001 0.907979
vt 0.939001 0.834980
vt 0.943679 0.849633
vt 0.939001 0.849633
vt 0.939001 0.864285
vt 0.939001 0.878938
vt 0.943679 0.864285
vt 0.943679 0.878938
vt 0.794558 0.694767
vt 0.807855 0.729866
vt 0.803423 0.694767
vt 0.803423 0.729866
vt 0.807855 0.554372
vt 0.803423 0.729235
vt 0.803423 0.554372
vt 0.807855 0.589471
vt 0.803423 0.589471
vt 0.803423 0.624570
vt 0.803423 0.659669
vt 0.807855 0.624570
vt 0.813765 0.729866
vt 0.807855 0.694767
vt 0.813765 0.729235
vt 0.807855 0.729235
vt 0.813765 0.554372
vt 0.813765 0.624570
vt 0.813765 0.659669
vt 0.807855 0.659669
vt 0.813765 0.694767
vt 0.819675 0.729866
vt 0.819675 0.729235
vt 0.819675 0.589471
vt 0.813765 0.589471
vt 0.819675 0.624570
vt 0.819675 0.659669
vt 0.825585 0.729866
vt 0.819675 0.694767
vt 0.819675 0.554372
vt 0.825585 0.729235
vt 0.825585 0.589471
vt 0.825585 0.659669
vt 0.825585 0.694767
vt 0.831495 0.729866
vt 0.825585 0.554372
vt 0.831495 0.729235
vt 0.831495 0.554372
vt 0.825585 0.624570
vt 0.831495 0.589471
vt 0.831495 0.659669
vt 0.837405 0.729866
vt 0.831495 0.694767
vt 0.837405 0.554372
vt 0.837405 0.624570
vt 0.831495 0.624570
vt 0.837405 0.659669
vt 0.843315 0.694767
vt 0.837405 0.694767
vt 0.843315 0.554372
vt 0.837405 0.729235
vt 0.837405 0.589471
vt 0.843315 0.624570
vt 0.843315 0.659669
vt 0.846269 0.729866
vt 0.849224 0.694767
vt 0.846269 0.694767
vt 0.846269 0.554372
vt 0.849224 0.729235
vt 0.846269 0.729235
vt 0.846269 0.589471
vt 0.849224 0.554372
vt 0.849224 0.624570
vt 0.846269 0.624570
vt 0.849224 0.659669
vt 0.846269 0.659669
vt 0.778306 0.694767
vt 0.778306 0.624570
vt 0.778306 0.589471
vt 0.778306 0.554372
vt 0.849224 0.589471
vt 0.843315 0.589471
vt 0.843315 0.729235
vt 0.843315 0.729866
vt 0.778306 0.659669
vt 0.778306 0.729235
vt 0.778306 0.729866
vt 0.920289 0.893590
vt 0.924967 0.878938
vt 0.920289 0.878938
vt 0.920289 0.864285
vt 0.924967 0.864285
vt 0.920289 0.849633
vt 0.924967 0.834980
vt 0.920289 0.834980
vt 0.924967 0.907979
vt 0.920289 0.907979
vt 0.924967 0.908243
vt 0.920289 0.908243
vt 0.910933 0.908243
vt 0.915611 0.893590
vt 0.910933 0.893590
vt 0.910933 0.834980
vt 0.915611 0.907979
vt 0.910933 0.907979
vt 0.910933 0.849633
vt 0.915611 0.834980
vt 0.915611 0.864285
vt 0.910933 0.864285
vt 0.915611 0.878938
vt 0.910933 0.878938
vt 0.929645 0.893590
vt 0.934323 0.878938
vt 0.929645 0.878938
vt 0.934323 0.864285
vt 0.929645 0.864285
vt 0.934323 0.849633
vt 0.929645 0.849633
vt 0.929645 0.834980
vt 0.934323 0.834980
vt 0.929645 0.907979
vt 0.934323 0.908243
vt 0.929645 0.908243
vt 0.943679 0.834515
vt 0.946018 0.893590
vt 0.943679 0.831021
vt 0.943679 0.817043
vt 0.946018 0.907979
vt 0.943679 0.834452
vt 0.943679 0.820538
vt 0.946018 0.834980
vt 0.946018 0.864285
vt 0.943679 0.824032
vt 0.946018 0.878938
vt 0.943679 0.827526
vt 0.948357 0.908243
vt 0.953035 0.893590
vt 0.948357 0.893590
vt 0.948357 0.834980
vt 0.953035 0.907979
vt 0.948357 0.907979
vt 0.948357 0.849633
vt 0.953035 0.834980
vt 0.953035 0.864285
vt 0.948357 0.864285
vt 0.953035 0.878938
vt 0.948357 0.878938
vt 0.946018 0.908243
vt 0.948357 0.866214
vt 0.948357 0.880603
vt 0.946018 0.849633
vt 0.948357 0.807604
vt 0.948357 0.836909
vt 0.948357 0.851561
vt 0.794558 0.659669
vt 0.794558 0.624570
vt 0.790126 0.589471
vt 0.794558 0.554372
vt 0.794558 0.729235
vt 0.790126 0.729235
vt 0.790126 0.729866
vt 0.906255 0.827526
vt 0.906255 0.831021
vt 0.906255 0.824032
vt 0.906255 0.820538
vt 0.906255 0.817043
vt 0.906255 0.834452
vt 0.906255 0.834515
vt 0.915611 0.834515
vt 0.915611 0.831021
vt 0.915611 0.817043
vt 0.915611 0.834452
vt 0.915611 0.820538
vt 0.915611 0.824032
vt 0.915611 0.827526
vt 0.924967 0.834515
vt 0.924967 0.831021
vt 0.924967 0.834452
vt 0.924967 0.817043
vt 0.924967 0.820538
vt 0.924967 0.824032
vt 0.924967 0.827526
vt 0.934323 0.831021
vt 0.934323 0.827526
vt 0.934323 0.824032
vt 0.934323 0.820538
vt 0.934323 0.817043
vt 0.934323 0.834452
vt 0.934323 0.834515
vt 0.898768 0.357774
vt 0.970373 0.385742
vt 0.898768 0.385742
vt 0.898768 0.413095
vt 0.970373 0.440449
vt 0.898768 0.440449
vt 0.970373 0.468417
vt 0.898768 0.468417
vt 0.970373 0.496386
vt 0.898768 0.496386
vt 0.970373 0.489942
vt 0.898768 0.421592
vt 0.898768 0.489942
vt 0.904620 0.575004
vt 0.908219 0.567651
vt 0.908219 0.583198
vt 0.970373 0.329805
vt 0.898768 0.329805
vt 0.976153 0.584818
vt 0.967965 0.572812
vt 0.987998 0.541073
vt 0.250000 0.010000
vt 0.010000 0.250000
vt 0.250000 0.490000
vt 0.490000 0.250000
vt 0.766148 0.704492
vt 0.848219 0.691145
vt 0.766148 0.691145
vt 0.766148 0.624409
vt 0.848219 0.611061
vt 0.766148 0.611061
vt 0.766148 0.637756
vt 0.848219 0.651103
vt 0.848219 0.637756
vt 0.766148 0.664451
vt 0.848219 0.677798
vt 0.848219 0.664451
vt 0.766148 0.677798
vt 0.766148 0.717840
vt 0.848219 0.704492
vt 0.848219 0.624409
vt 0.766148 0.651103
vt 0.840176 0.635035
vt 0.777429 0.728879
vt 0.840176 0.728879
vt 0.840176 0.614063
vt 0.777429 0.590406
vt 0.840176 0.590406
vt 0.840176 0.637721
vt 0.777429 0.661379
vt 0.777429 0.637721
vt 0.840176 0.685037
vt 0.777429 0.708694
vt 0.777429 0.685037
vt 0.840176 0.732351
vt 0.840176 0.708694
vt 0.777429 0.635035
vt 0.777429 0.614063
vt 0.840176 0.661379
vt 0.853100 0.634431
vt 0.847330 0.510657
vt 0.850265 0.636837
vt 0.789526 0.629984
vt 0.784389 0.516102
vt 0.791773 0.518410
vt 0.839946 0.508349
vt 0.842193 0.638877
vt 0.802824 0.519952
vt 0.801608 0.628621
vt 0.828895 0.506807
vt 0.830111 0.640240
vt 0.815859 0.520494
vt 0.815859 0.628142
vt 0.815859 0.640719
vt 0.815859 0.506266
vt 0.828895 0.519952
vt 0.830111 0.628621
vt 0.801608 0.640240
vt 0.802824 0.506807
vt 0.842193 0.629984
vt 0.839946 0.518410
vt 0.789526 0.638877
vt 0.791773 0.508349
vt 0.850265 0.632024
vt 0.847330 0.516102
vt 0.781453 0.636837
vt 0.784389 0.510657
vt 0.849923 0.513380
vt 0.778619 0.634431
vt 0.781453 0.632024
vt 0.781796 0.513380
vt 0.970305 0.846386
vt 0.950722 0.847138
vt 0.955719 0.843225
vt 0.921309 0.933818
vt 0.938514 0.867040
vt 0.938514 0.915857
vt 0.938514 0.842115
vt 0.926307 0.847138
vt 0.921309 0.843225
vt 0.938514 0.846350
vt 0.950722 0.866252
vt 0.955719 0.870165
vt 0.906724 0.890967
vt 0.915958 0.849380
vt 0.961070 0.864010
vt 0.970305 0.867005
vt 0.896978 0.914768
vt 0.909043 0.852736
vt 0.980050 0.862275
vt 0.967985 0.860654
vt 0.893556 0.928961
vt 0.906615 0.856695
vt 0.983473 0.856695
vt 0.970414 0.856695
vt 0.938115 0.933920
vt 0.896978 0.934540
vt 0.967985 0.852736
vt 0.980050 0.851116
vt 0.915958 0.864010
vt 0.906724 0.939270
vt 0.961070 0.849380
vt 0.926307 0.866252
vt 0.778518 0.562870
vt 0.775441 0.585602
vt 0.778518 0.608335
vt 0.856278 0.585602
vt 0.787279 0.543599
vt 0.844440 0.627606
vt 0.853201 0.608335
vt 0.831327 0.640483
vt 0.815859 0.526200
vt 0.800392 0.530722
vt 0.831327 0.530722
vt 0.815859 0.645005
vt 0.844440 0.543599
vt 0.800392 0.640483
vt 0.787279 0.627606
vt 0.853201 0.562870
vt 0.949761 0.800309
vt 0.945921 0.804392
vt 0.943746 0.795467
vt 0.953780 0.807555
vt 0.946685 0.816103
vt 0.953780 0.824650
vt 0.955192 0.816103
vt 0.949761 0.831897
vt 0.945921 0.827813
vt 0.936650 0.803281
vt 0.936650 0.793767
vt 0.936650 0.816103
vt 0.943746 0.836739
vt 0.936650 0.828924
vt 0.929554 0.795467
vt 0.927379 0.804392
vt 0.927379 0.827813
vt 0.926615 0.816103
vt 0.929554 0.836739
vt 0.923539 0.800309
vt 0.919519 0.807555
vt 0.918108 0.816103
vt 0.923539 0.831897
vt 0.853100 0.634203
vt 0.847330 0.510547
vt 0.850265 0.631598
vt 0.789526 0.639017
vt 0.784389 0.515992
vt 0.791773 0.518300
vt 0.839946 0.508239
vt 0.842193 0.629389
vt 0.802824 0.519842
vt 0.801608 0.640492
vt 0.828895 0.506697
vt 0.830111 0.627914
vt 0.815859 0.520383
vt 0.815859 0.641010
vt 0.815859 0.627396
vt 0.815859 0.506156
vt 0.828895 0.519842
vt 0.830111 0.640492
vt 0.801608 0.627914
vt 0.802824 0.506697
vt 0.842193 0.639017
vt 0.839946 0.518300
vt 0.789526 0.629389
vt 0.791773 0.508239
vt 0.850265 0.636808
vt 0.847330 0.515992
vt 0.781453 0.631598
vt 0.784389 0.510547
vt 0.849923 0.513270
vt 0.778619 0.634203
vt 0.781453 0.636808
vt 0.781796 0.513270
vt 0.770010 0.644052
vt 0.852081 0.657399
vt 0.852081 0.644052
vt 0.770010 0.617358
vt 0.852081 0.630705
vt 0.852081 0.617358
vt 0.770010 0.710788
vt 0.852081 0.697441
vt 0.770010 0.697441
vt 0.770010 0.670747
vt 0.852081 0.684094
vt 0.852081 0.670747
vt 0.770010 0.657399
vt 0.770010 0.630705
vt 0.852081 0.694310
vt 0.770010 0.694310
vt 0.770010 0.684094
vt 0.911817 0.620731
vt 0.927599 0.632601
vt 0.911817 0.576343
vt 0.904620 0.666458
vt 0.908219 0.673810
vt 0.904620 0.685399
vt 0.904620 0.620731
vt 0.908219 0.620731
vt 0.908219 0.658264
vt 0.904620 0.556063
vt 0.915415 0.567651
vt 0.930276 0.583198
vt 0.915415 0.583198
vt 0.911817 0.665119
vt 0.915415 0.668101
vt 0.911817 0.683504
vt 0.903232 0.703601
vt 0.898185 0.718306
vt 0.932645 0.617896
vt 0.911817 0.557957
vt 0.994732 0.525573
vt 0.979229 0.526746
vt 0.941803 0.529579
vt 0.904378 0.532411
vt 0.888875 0.533585
vt 0.978686 0.519570
vt 0.941260 0.522403
vt 0.903835 0.525235
vt 0.994189 0.518397
vt 0.888332 0.526408
vt 0.933828 0.666822
vt 0.937379 0.620731
vt 0.933828 0.620731
vt 0.915415 0.620731
vt 0.930276 0.658264
vt 0.930276 0.620731
vt 0.915415 0.658264
vt 0.930276 0.673810
vt 0.915415 0.673810
vt 0.930276 0.567651
vt 0.941305 0.620731
vt 0.917558 0.710918
vt 0.941305 0.666822
vt 0.933828 0.685913
vt 0.937379 0.658264
vt 0.937379 0.673810
vt 0.933828 0.574640
vt 0.933828 0.555549
vt 0.937379 0.583198
vt 0.937379 0.567651
vt 0.945230 0.567651
vt 0.959904 0.562660
vt 0.959904 0.538606
vt 0.941305 0.555549
vt 0.974132 0.661580
vt 0.941305 0.574640
vt 0.945845 0.686249
vt 0.905842 0.721137
vt 0.941305 0.685913
vt 0.985849 0.651362
vt 0.908965 0.580789
vt 0.920466 0.570328
vt 0.975996 0.519818
vt 0.987497 0.509357
vt 0.948231 0.545073
vt 0.971217 0.514564
vt 0.915687 0.565073
vt 0.904186 0.575534
vt 0.982718 0.504103
vt 0.943452 0.539819
vt 0.945230 0.673810
vt 0.959904 0.678802
vt 0.945230 0.658264
vt 0.959904 0.620731
vt 0.945230 0.583198
vt 0.945230 0.620731
vt 0.959904 0.702856
vt 0.972615 0.666152
vt 0.936351 0.681698
vt 0.936351 0.666152
vt 0.976153 0.690564
vt 0.947931 0.604551
vt 0.939633 0.617698
vt 0.976153 0.566674
vt 0.976153 0.628619
vt 0.976153 0.672420
vt 0.996296 0.527926
vt 0.979690 0.681698
vt 0.979690 0.666152
vt 0.979690 0.591086
vt 0.979690 0.575540
vt 0.979690 0.628619
vt 0.932379 0.673049
vt 0.900151 0.610803
vt 0.932379 0.691453
vt 0.972615 0.591086
vt 0.936351 0.628619
vt 0.936351 0.591086
vt 0.936351 0.575540
vt 0.972615 0.681698
vt 0.972615 0.628619
vt 0.972615 0.575540
vt 0.907209 0.582730
vt 0.899022 0.538512
vt 0.899022 0.564904
vt 0.932379 0.628619
vt 0.908427 0.597642
vt 0.928407 0.565869
vt 0.932379 0.584189
vt 0.956663 0.520935
vt 0.932379 0.565785
vt 0.948387 0.534096
vt 0.936351 0.612144
vt 0.936351 0.627690
vt 0.936351 0.718302
vt 0.936351 0.702756
vt 0.936351 0.665223
vt 0.891395 0.593155
vt 0.891395 0.578465
vt 0.907209 0.674508
vt 0.899022 0.718727
vt 0.907209 0.693516
vt 0.907209 0.628619
vt 0.899022 0.692334
vt 0.899022 0.628619
vt 0.907209 0.563722
vt 0.891395 0.616867
vt 0.891395 0.640371
vt 0.891395 0.628619
vt 0.891395 0.664084
vt 0.891395 0.678773
vt 0.913322 0.628619
vt 0.913322 0.586908
vt 0.913322 0.670330
vt 0.913322 0.569631
vt 0.913322 0.687607
vt 0.928407 0.575540
vt 0.928407 0.591086
vt 0.928407 0.666152
vt 0.928407 0.681698
vt 0.928407 0.628619
vt 0.916379 0.823716
vt 0.919352 0.858858
vt 0.916538 0.858827
vt 0.921798 0.860372
vt 0.921812 0.858411
vt 0.926650 0.862873
vt 0.919852 0.863129
vt 0.916248 0.863179
vt 0.922853 0.862298
vt 0.915717 0.879918
vt 0.920558 0.898566
vt 0.921167 0.878216
vt 0.918680 0.879610
vt 0.906255 0.893590
vt 0.906255 0.907979
vt 0.943679 0.893590
vt 0.943679 0.907979
vt 0.849224 0.729866
vt 0.924967 0.893590
vt 0.924967 0.849633
vt 0.915611 0.908243
vt 0.915611 0.849633
vt 0.934323 0.893590
vt 0.934323 0.907979
vt 0.953035 0.908243
vt 0.953035 0.849633
vt 0.948357 0.880866
vt 0.948357 0.822256
vt 0.794558 0.589471
vt 0.794558 0.729866
vt 0.970373 0.357774
vt 0.970373 0.413095
vt 0.970373 0.421592
vt 0.419706 0.419706
vt 0.419706 0.080294
vt 0.080294 0.080294
vt 0.080294 0.419706
vt 0.848219 0.717840
vt 0.777429 0.732351
vt 0.936650 0.838439
vt 0.852081 0.710788
vt 0.891395 0.612000
vt 0.891395 0.645238
s 1
usemtl colors
f 3473/3173/3500 3556/3174/3501 3551/3175/3502
f 3474/3176/3503 3551/3177/3502 3554/3178/3504
f 3475/3179/3505 3554/3178/3504 3552/3180/3506
f 3555/3181/3507 3475/3179/3505 3552/3180/3506
f 3553/3182/3508 3476/3183/3509 3555/3181/3507
f 3556/3174/3501 3477/3184/3510 3553/3182/3508
f 3473/3173/3500 3484/3185/3511 3478/3186/3512
f 3480/3187/3513 3473/3188/3500 3474/3176/3503
f 3475/3179/3505 3480/3187/3513 3474/3176/3503
f 3482/3189/3514 3475/3179/3505 3476/3183/3509
f 3477/3184/3510 3482/3189/3514 3476/3183/3509
f 3478/3186/3512 3483/3190/3515 3477/3184/3510
f 3485/3191/3516 3598/3192/3517 3593/3193/3518
f 3486/3194/3519 3593/3195/3518 3596/3196/3520
f 3487/3197/3521 3596/3196/3520 3594/3198/3522
f 3597/3199/3523 3487/3197/3521 3594/3198/3522
f 3595/3200/3524 3488/3201/3525 3597/3199/3523
f 3598/3192/3517 3489/3202/3526 3595/3200/3524
f 3491/3203/3527 3622/3204/3528 3617/3205/3529
f 3492/3206/3530 3617/3207/3529 3620/3208/3531
f 3493/3209/3532 3620/3208/3531 3618/3210/3533
f 3621/3211/3534 3493/3209/3532 3618/3210/3533
f 3619/3212/3535 3494/3213/3536 3621/3211/3534
f 3622/3204/3528 3495/3214/3537 3619/3212/3535
f 3598/3215/3517 3483/3190/3515 3484/3185/3511
f 3497/3216/3538 3586/3217/3539 3581/3218/3540
f 3498/3219/3541 3581/3220/3540 3584/3221/3542
f 3499/3222/3543 3584/3221/3542 3582/3223/3544
f 3585/3224/3545 3499/3222/3543 3582/3223/3544
f 3583/3225/3546 3500/3226/3547 3585/3224/3545
f 3503/3227/3548 3502/3228/3549 3497/3216/3538
f 3498/3219/3541 3503/3229/3548 3497/3230/3538
f 3499/3222/3543 3504/3231/3550 3498/3219/3541
f 3506/3232/3551 3499/3222/3543 3500/3226/3547
f 3507/3233/3552 3500/3226/3547 3501/3234/3553
f 3508/3235/3554 3501/3234/3553 3502/3228/3549
f 3509/3236/3555 3508/3235/3554 3503/3227/3548
f 3504/3231/3550 3509/3237/3555 3503/3229/3548
f 3511/3238/3556 3504/3231/3550 3505/3239/3557
f 3512/3240/3558 3505/3239/3557 3506/3232/3551
f 3513/3241/3559 3506/3232/3551 3507/3233/3552
f 3508/3235/3554 3513/3241/3559 3507/3233/3552
f 3515/3242/3560 3514/3243/3561 3509/3236/3555
f 3510/3244/3562 3515/3245/3560 3509/3237/3555
f 3517/3246/3563 3510/3244/3562 3511/3238/3556
f 3512/3240/3558 3517/3246/3563 3511/3238/3556
f 3519/3247/3564 3512/3240/3558 3513/3241/3559
f 3520/3248/3565 3513/3241/3559 3514/3243/3561
f 3521/3249/3566 3520/3248/3565 3515/3242/3560
f 3516/3250/3567 3521/3251/3566 3515/3245/3560
f 3517/3246/3563 3522/3252/3568 3516/3250/3567
f 3518/3253/3569 3523/3254/3570 3517/3246/3563
f 3525/3255/3571 3518/3253/3569 3519/3247/3564
f 3520/3248/3565 3525/3255/3571 3519/3247/3564
f 3527/3256/3572 3526/3257/3573 3521/3249/3566
f 3528/3258/3574 3521/3251/3566 3522/3252/3568
f 3523/3254/3570 3528/3258/3574 3522/3252/3568
f 3530/3259/3575 3523/3254/3570 3524/3260/3576
f 3525/3255/3571 3530/3259/3575 3524/3260/3576
f 3526/3257/3573 3531/3261/3577 3525/3255/3571
f 3527/3256/3572 3538/3262/3578 3532/3263/3579
f 3534/3264/3580 3527/3265/3572 3528/3258/3574
f 3529/3266/3511 3534/3264/3580 3528/3258/3574
f 3536/3267/3581 3529/3266/3511 3530/3259/3575
f 3537/3268/3582 3530/3259/3575 3531/3261/3577
f 3532/3263/3579 3537/3268/3582 3531/3261/3577
f 3545/3269/3583 3544/3270/3584 3550/3271/3585
f 3548/3272/3586 3539/3273/3587 3545/3274/3583
f 3546/3275/3588 3540/3276/3589 3548/3272/3586
f 3542/3277/3590 3546/3275/3588 3549/3278/3591
f 3543/3279/3592 3549/3278/3591 3547/3280/3593
f 3544/3270/3584 3547/3280/3593 3550/3271/3585
f 3472/3281/3594 3470/3282/3595 3469/3283/3596
f 3468/3284/3597 3472/3281/3594 3469/3283/3596
f 3542/3277/3590 3540/3276/3589 3541/3285/3598
f 3543/3279/3592 3539/3273/3587 3540/3276/3589
f 3550/3271/3585 3537/3268/3582 3538/3262/3578
f 3547/3280/3593 3536/3267/3581 3537/3268/3582
f 3549/3278/3591 3535/3286/3599 3536/3267/3581
f 3535/3286/3599 3548/3272/3586 3534/3264/3580
f 3534/3264/3580 3545/3274/3583 3533/3287/3600
f 3533/3288/3600 3550/3271/3585 3538/3262/3578
f 3472/3281/3594 3553/3182/3508 3471/3289/3601
f 3471/3289/3601 3555/3181/3507 3470/3282/3595
f 3470/3282/3595 3552/3180/3506 3469/3283/3596
f 3552/3180/3506 3468/3284/3597 3469/3283/3596
f 3554/3178/3504 3467/3290/3602 3468/3284/3597
f 3551/3175/3502 3472/3281/3594 3467/3291/3602
f 3610/3292/3603 3559/3293/3604 3607/3294/3605
f 3559/3293/3604 3609/3295/3606 3607/3294/3607
f 3561/3296/3608 3606/3297/3609 3609/3295/3606
f 3606/3297/3609 3560/3298/3610 3608/3299/3611
f 3608/3299/3611 3557/3300/3612 3605/3301/3613
f 3557/3302/3612 3610/3292/3603 3605/3303/3613
f 3599/3304/3614 3568/3305/3615 3604/3306/3616
f 3602/3307/3617 3563/3308/3618 3599/3309/3614
f 3600/3310/3619 3566/3311/3620 3602/3307/3617
f 3567/3312/3621 3600/3310/3619 3603/3313/3622
f 3565/3314/3623 3603/3313/3622 3601/3315/3624
f 3568/3305/3615 3601/3315/3624 3604/3306/3616
f 3616/3316/3625 3571/3317/3626 3613/3318/3627
f 3613/3318/3627 3573/3319/3628 3615/3320/3629
f 3615/3320/3629 3570/3321/3630 3612/3322/3631
f 3570/3321/3630 3614/3323/3632 3612/3322/3631
f 3572/3324/3633 3611/3325/3634 3614/3323/3632
f 3569/3326/3635 3616/3316/3625 3611/3327/3634
f 3491/3328/3527 3580/3329/3636 3496/3330/3637
f 3492/3331/3530 3575/3332/3638 3491/3333/3527
f 3493/3334/3532 3578/3335/3639 3492/3331/3530
f 3579/3336/3640 3493/3334/3532 3494/3337/3536
f 3577/3338/3641 3494/3337/3536 3495/3339/3537
f 3592/3340/3642 3586/3341/3539 3587/3342/3643
f 3589/3343/3644 3581/3344/3540 3592/3345/3642
f 3591/3346/3645 3584/3347/3542 3589/3343/3644
f 3585/3348/3545 3591/3346/3645 3588/3349/3646
f 3583/3350/3546 3588/3349/3646 3590/3351/3647
f 3586/3341/3539 3590/3351/3647 3587/3342/3643
f 3580/3329/3636 3495/3339/3537 3496/3330/3637
f 3575/3352/3638 3587/3353/3643 3580/3329/3636
f 3578/3335/3639 3592/3354/3642 3575/3332/3638
f 3576/3355/3648 3589/3356/3644 3578/3335/3639
f 3588/3357/3646 3576/3355/3648 3579/3336/3640
f 3590/3358/3647 3579/3336/3640 3577/3338/3641
f 3595/3359/3524 3482/3189/3514 3483/3190/3515
f 3597/3360/3523 3481/3361/3579 3482/3189/3514
f 3481/3361/3579 3596/3362/3520 3480/3187/3513
f 3480/3187/3513 3593/3363/3518 3479/3364/3649
f 3479/3365/3649 3598/3215/3517 3484/3185/3511
f 3587/3353/3643 3577/3338/3641 3580/3329/3636
f 3604/3306/3616 3489/3366/3526 3490/3367/3650
f 3601/3315/3624 3488/3368/3525 3489/3366/3526
f 3603/3313/3622 3487/3369/3521 3488/3368/3525
f 3487/3369/3521 3602/3307/3617 3486/3370/3519
f 3486/3370/3519 3599/3309/3614 3485/3371/3516
f 3485/3372/3516 3604/3306/3616 3490/3367/3650
f 3563/3373/3618 3610/3292/3603 3568/3374/3615
f 3566/3375/3620 3605/3301/3613 3563/3376/3618
f 3564/3377/3651 3608/3299/3611 3566/3375/3620
f 3609/3295/3606 3564/3377/3651 3567/3378/3621
f 3607/3294/3607 3567/3378/3621 3565/3379/3623
f 3610/3292/3603 3565/3379/3623 3568/3374/3615
f 3557/3380/3612 3616/3316/3625 3562/3381/3652
f 3614/3323/3632 3557/3382/3612 3560/3383/3610
f 3612/3322/3631 3560/3383/3610 3558/3384/3653
f 3561/3385/3608 3612/3322/3631 3558/3384/3653
f 3559/3386/3604 3615/3320/3629 3561/3385/3608
f 3616/3316/3625 3559/3386/3604 3562/3381/3652
f 3574/3387/3654 3619/3212/3535 3571/3388/3626
f 3571/3388/3626 3621/3211/3534 3573/3389/3628
f 3573/3389/3628 3618/3210/3533 3570/3390/3630
f 3618/3210/3533 3572/3391/3633 3570/3390/3630
f 3620/3208/3531 3569/3392/3635 3572/3391/3633
f 3617/3205/3529 3574/3387/3654 3569/3393/3635
f 3586/3217/3539 3501/3234/3553 3583/3225/3546
f 3623/3394/3655 3626/3395/3656 3625/3396/3657
f 3626/3395/3656 3627/3397/3658 3625/3396/3657
f 3627/3397/3658 3630/3398/3659 3629/3399/3660
f 3629/3399/3660 3632/3400/3661 3631/3401/3662
f 3631/3401/3662 3634/3402/3663 3633/3403/3664
f 3634/3404/3663 3635/3405/3665 3633/3406/3664
f 3858/3407/3666 3835/3408/3667 3836/3409/3668
f 3635/3405/3665 3638/3410/3669 3637/3411/3670
f 3638/3410/3669 3623/3394/3655 3637/3411/3670
f 3922/3412/3666 3917/3413/3671 3916/3414/3672
f 3643/3415/3673 3645/3416/3674 3639/3417/3675
f 3653/3416/3676 3651/3415/3677 3649/3418/3678
f 3818/3419/3554 3654/3420/3679 3819/3421/3680
f 3822/3422/3681 3652/3423/3682 3823/3424/3683
f 3827/3425/3666 3649/3426/3678 3650/3427/3684
f 3831/3428/3685 3647/3429/3686 3648/3430/3687
f 3830/3431/3688 3654/3420/3679 3647/3429/3686
f 3823/3432/3683 3653/3433/3676 3818/3419/3554
f 3822/3422/3681 3650/3427/3684 3651/3434/3677
f 3831/3428/3685 3649/3426/3678 3826/3435/3557
f 3659/3415/3689 3661/3416/3690 3655/3417/3691
f 3669/3416/3692 3667/3415/3693 3665/3418/3694
f 3661/3436/3690 3670/3437/3695 3662/3438/3696
f 3659/3439/3689 3668/3440/3697 3660/3441/3698
f 3658/3442/3699 3665/3443/3694 3666/3444/3700
f 3656/3445/3701 3663/3446/3702 3664/3447/3703
f 3662/3448/3696 3663/3446/3702 3655/3449/3691
f 3661/3436/3690 3668/3440/3697 3669/3450/3692
f 3658/3442/3699 3667/3451/3693 3659/3439/3689
f 3656/3445/3701 3665/3443/3694 3657/3452/3704
f 3719/3453/3705 3696/3454/3706 3720/3455/3707
f 3722/3456/3708 3688/3457/3709 3689/3458/3710
f 3720/3455/3707 3697/3459/3711 3723/3460/3712
f 3722/3456/3708 3690/3461/3713 3724/3462/3714
f 3723/3460/3712 3698/3463/3715 3725/3464/3716
f 3724/3462/3714 3691/3465/3717 3726/3466/3718
f 3727/3467/3719 3698/3463/3715 3699/3468/3720
f 3726/3466/3718 3692/3469/3721 3728/3470/3722
f 3729/3471/3723 3699/3468/3720 3700/3472/3724
f 3730/3473/3725 3692/3469/3721 3693/3474/3726
f 3731/3475/3727 3700/3472/3724 3701/3476/3728
f 3732/3477/3729 3693/3474/3726 3694/3478/3730
f 3733/3479/3731 3701/3476/3728 3702/3480/3732
f 3719/3453/3705 3694/3478/3730 3695/3481/3733
f 3734/3482/3734 3688/3457/3709 3721/3483/3735
f 3734/3482/3734 3702/3480/3732 3687/3484/3736
f 3701/3485/3728 3718/3486/3737 3702/3487/3732
f 3694/3488/3730 3711/3489/3738 3695/3490/3733
f 3687/3491/3736 3704/3492/3739 3688/3493/3709
f 3687/3491/3736 3718/3486/3737 3703/3494/3740
f 3695/3490/3733 3712/3495/3741 3696/3496/3706
f 3689/3497/3710 3704/3492/3739 3705/3498/3742
f 3696/3496/3706 3713/3499/3743 3697/3500/3711
f 3690/3501/3713 3705/3498/3742 3706/3502/3744
f 3698/3503/3715 3713/3499/3743 3714/3504/3745
f 3691/3505/3717 3706/3502/3744 3707/3506/3746
f 3699/3507/3720 3714/3504/3745 3715/3508/3747
f 3691/3505/3717 3708/3509/3748 3692/3510/3721
f 3699/3507/3720 3716/3511/3749 3700/3512/3724
f 3692/3510/3721 3709/3513/3750 3693/3514/3726
f 3701/3485/3728 3716/3511/3749 3717/3515/3751
f 3693/3514/3726 3710/3516/3752 3694/3488/3730
f 3686/3517/3753 3734/3482/3734 3671/3518/3754
f 3671/3518/3754 3721/3483/3735 3672/3519/3755
f 3679/3520/3756 3732/3477/3729 3719/3453/3705
f 3685/3521/3757 3733/3479/3731 3686/3517/3753
f 3677/3522/3758 3732/3477/3729 3678/3523/3759
f 3685/3521/3757 3729/3471/3723 3731/3475/3727
f 3676/3524/3760 3730/3473/3725 3677/3522/3758
f 3683/3525/3761 3729/3471/3723 3684/3526/3762
f 3676/3524/3760 3726/3466/3718 3728/3470/3722
f 3682/3527/3763 3727/3467/3719 3683/3525/3761
f 3675/3528/3764 3724/3462/3714 3726/3466/3718
f 3681/3529/3765 3725/3464/3716 3682/3527/3763
f 3674/3530/3766 3722/3456/3708 3724/3462/3714
f 3681/3529/3765 3720/3455/3707 3723/3460/3712
f 3673/3531/3767 3721/3483/3735 3722/3456/3708
f 3680/3532/3768 3719/3453/3705 3720/3455/3707
f 3717/3533/3751 3735/3534/3769 3718/3535/3737
f 3716/3536/3749 3738/3537/3770 3735/3534/3769
f 3714/3538/3745 3738/3537/3770 3715/3539/3747
f 3713/3540/3743 3741/3541/3771 3714/3538/3745
f 3718/3535/3737 3736/3542/3772 3703/3543/3740
f 3735/3534/3769 3739/3544/3681 3736/3542/3772
f 3741/3541/3771 3739/3544/3681 3738/3537/3770
f 3712/3545/3741 3742/3546/3773 3741/3541/3771
f 3736/3542/3772 3704/3547/3739 3703/3543/3740
f 3739/3544/3681 3737/3548/3774 3736/3542/3772
f 3739/3544/3681 3743/3549/3775 3740/3550/3776
f 3742/3546/3773 3710/3551/3752 3743/3549/3775
f 3737/3548/3774 3705/3552/3742 3704/3547/3739
f 3740/3550/3776 3706/3553/3744 3737/3548/3774
f 3740/3550/3776 3708/3509/3748 3707/3554/3746
f 3743/3549/3775 3709/3555/3750 3708/3509/3748
f 3792/3556/3777 3769/3557/3709 3793/3558/3735
f 3795/3559/3778 3761/3560/3779 3762/3561/3711
f 3793/3558/3735 3770/3562/3710 3796/3563/3780
f 3795/3559/3778 3763/3564/3781 3797/3565/3716
f 3796/3563/3780 3771/3566/3713 3798/3567/3714
f 3797/3565/3716 3764/3568/3720 3799/3569/3719
f 3800/3570/3718 3771/3566/3713 3772/3571/3717
f 3799/3569/3719 3765/3572/3782 3801/3573/3723
f 3802/3574/3722 3772/3571/3717 3773/3575/3783
f 3803/3576/3727 3765/3572/3782 3766/3577/3728
f 3804/3578/3725 3773/3575/3783 3774/3579/3726
f 3805/3580/3731 3766/3577/3728 3767/3581/3732
f 3806/3582/3784 3774/3579/3726 3775/3583/3785
f 3792/3556/3777 3767/3581/3732 3768/3584/3786
f 3807/3585/3705 3761/3560/3779 3794/3586/3707
f 3807/3585/3705 3775/3583/3785 3760/3587/3733
f 3774/3485/3726 3791/3486/3752 3775/3487/3785
f 3768/3490/3786 3783/3516/3737 3784/3489/3740
f 3760/3491/3733 3777/3492/3741 3761/3493/3779
f 3760/3491/3733 3791/3486/3752 3776/3494/3738
f 3769/3496/3709 3784/3489/3740 3785/3495/3739
f 3762/3497/3711 3777/3492/3741 3778/3498/3743
f 3769/3496/3709 3786/3499/3742 3770/3500/3710
f 3763/3501/3781 3778/3498/3743 3779/3502/3745
f 3770/3500/3710 3787/3504/3744 3771/3503/3713
f 3764/3505/3720 3779/3502/3745 3780/3506/3747
f 3772/3507/3717 3787/3504/3744 3788/3508/3746
f 3765/3510/3782 3780/3506/3747 3781/3509/3749
f 3772/3507/3717 3789/3511/3748 3773/3512/3783
f 3765/3510/3782 3782/3513/3751 3766/3514/3728
f 3774/3485/3726 3789/3511/3748 3790/3515/3750
f 3766/3514/3728 3783/3516/3737 3767/3488/3732
f 3759/3517/3787 3807/3585/3705 3744/3518/3788
f 3744/3518/3788 3794/3586/3707 3745/3519/3789
f 3752/3520/3790 3805/3580/3731 3792/3556/3777
f 3759/3517/3787 3804/3578/3725 3806/3582/3784
f 3750/3522/3791 3805/3580/3731 3751/3523/3792
f 3758/3521/3793 3802/3574/3722 3804/3578/3725
f 3750/3522/3791 3801/3573/3723 3803/3576/3727
f 3757/3526/3794 3800/3570/3718 3802/3574/3722
f 3749/3524/3795 3799/3569/3719 3801/3573/3723
f 3755/3527/3796 3800/3570/3718 3756/3525/3797
f 3748/3528/3798 3797/3565/3716 3799/3569/3719
f 3754/3529/3799 3798/3567/3714 3755/3527/3796
f 3747/3530/3800 3795/3559/3778 3797/3565/3716
f 3754/3529/3799 3793/3558/3735 3796/3563/3780
f 3746/3531/3801 3794/3586/3707 3795/3559/3778
f 3753/3532/3802 3792/3556/3777 3793/3558/3735
f 3790/3533/3750 3808/3534/3775 3791/3535/3752
f 3789/3536/3748 3811/3537/3776 3808/3534/3775
f 3787/3538/3744 3811/3537/3776 3788/3539/3746
f 3786/3540/3742 3814/3541/3774 3787/3538/3744
f 3791/3535/3752 3809/3542/3773 3776/3543/3738
f 3808/3534/3775 3812/3544/3681 3809/3542/3773
f 3814/3541/3774 3812/3544/3681 3811/3537/3776
f 3785/3545/3739 3815/3546/3772 3814/3541/3774
f 3809/3542/3773 3777/3547/3741 3776/3543/3738
f 3812/3544/3681 3810/3548/3771 3809/3542/3773
f 3812/3544/3681 3816/3549/3769 3813/3550/3770
f 3815/3546/3772 3783/3551/3737 3816/3549/3769
f 3810/3548/3771 3778/3552/3743 3777/3547/3741
f 3813/3550/3770 3779/3553/3745 3810/3548/3771
f 3813/3550/3770 3781/3509/3749 3780/3554/3747
f 3816/3549/3769 3782/3555/3751 3781/3509/3749
f 3755/3527/3543 3681/3529/3765 3682/3527/3763
f 3754/3529/3803 3680/3532/3768 3681/3529/3765
f 3753/3532/3804 3679/3520/3756 3680/3532/3768
f 3752/3520/3579 3678/3523/3759 3679/3520/3756
f 3751/3523/3573 3677/3522/3758 3678/3523/3759
f 3750/3522/3565 3676/3524/3760 3677/3522/3758
f 3749/3524/3561 3675/3528/3764 3676/3524/3760
f 3748/3528/3554 3674/3530/3766 3675/3528/3764
f 3674/3530/3766 3746/3531/3805 3673/3531/3767
f 3673/3531/3767 3745/3519/3806 3672/3519/3755
f 3672/3519/3755 3744/3518/3511 3671/3518/3754
f 3671/3518/3754 3759/3517/3570 3686/3517/3753
f 3686/3517/3753 3758/3521/3563 3685/3521/3757
f 3758/3521/3563 3684/3526/3762 3685/3521/3757
f 3684/3526/3762 3756/3525/3557 3683/3525/3761
f 3756/3525/3557 3682/3527/3763 3683/3525/3761
f 3641/3588/3807 3832/3589/3685 3825/3590/3557
f 3643/3591/3673 3828/3592/3666 3821/3593/3681
f 3644/3594/3808 3817/3595/3554 3645/3596/3674
f 3639/3597/3675 3820/3598/3680 3829/3599/3688
f 3639/3597/3675 3832/3589/3685 3640/3600/3809
f 3641/3588/3807 3828/3592/3666 3642/3601/3810
f 3643/3591/3673 3824/3602/3683 3644/3603/3808
f 3645/3596/3674 3820/3598/3680 3646/3604/3811
f 3849/3605/3688 3841/3606/3812 3850/3607/3685
f 3859/3608/3683 3839/3609/3813 3860/3610/3554
f 3861/3611/3681 3836/3409/3668 3837/3612/3814
f 3862/3608/3680 3839/3609/3813 3840/3613/3815
f 3863/3407/3685 3835/3408/3667 3857/3614/3557
f 3861/3611/3681 3838/3613/3816 3859/3608/3683
f 3862/3608/3680 3834/3612/3817 3864/3611/3688
f 3864/3611/3688 3833/3409/3818 3863/3407/3685
f 3843/3615/3819 3868/3616/3820 3844/3617/3821
f 3851/3618/3680 3842/3619/3822 3849/3605/3688
f 3853/3620/3554 3846/3621/3823 3847/3622/3824
f 3855/3605/3681 3844/3606/3821 3845/3619/3825
f 3850/3607/3685 3843/3623/3819 3856/3624/3557
f 3851/3618/3680 3847/3622/3824 3848/3621/3826
f 3852/3618/3683 3845/3619/3825 3846/3621/3823
f 3854/3607/3666 3843/3623/3819 3844/3606/3821
f 3835/3625/3667 3854/3607/3666 3836/3626/3668
f 3837/3627/3814 3852/3618/3683 3838/3628/3816
f 3839/3629/3813 3851/3618/3680 3840/3628/3815
f 3835/3625/3667 3850/3607/3685 3856/3624/3557
f 3836/3626/3668 3855/3605/3681 3837/3627/3814
f 3838/3628/3816 3853/3620/3554 3839/3629/3813
f 3834/3627/3817 3851/3618/3680 3849/3605/3688
f 3833/3626/3818 3849/3605/3688 3850/3607/3685
f 3626/3630/3656 3864/3611/3688 3863/3407/3685
f 3624/3631/3827 3862/3608/3680 3864/3611/3688
f 3634/3632/3663 3861/3611/3681 3859/3608/3683
f 3626/3630/3656 3857/3614/3557 3628/3633/3828
f 3636/3634/3829 3862/3608/3680 3638/3632/3669
f 3632/3631/3661 3858/3407/3666 3861/3611/3681
f 3636/3634/3829 3859/3608/3683 3860/3610/3554
f 3628/3633/3828 3858/3407/3666 3630/3630/3659
f 3897/3635/3680 3874/3636/3830 3898/3637/3688
f 3842/3638/3822 3865/3616/3831 3841/3617/3812
f 3842/3638/3822 3872/3639/3832 3866/3640/3833
f 3846/3641/3823 3871/3642/3834 3847/3643/3824
f 3844/3617/3821 3869/3640/3835 3845/3638/3825
f 3841/3617/3812 3867/3644/3836 3843/3615/3819
f 3847/3643/3824 3872/3639/3832 3848/3641/3826
f 3846/3641/3823 3869/3640/3835 3870/3639/3837
f 3889/3645/3681 3886/3646/3838 3890/3647/3683
f 3900/3648/3554 3878/3649/3839 3879/3650/3840
f 3901/3651/3666 3877/3636/3841 3902/3637/3681
f 3904/3652/3557 3873/3653/3842 3875/3654/3843
f 3900/3648/3554 3880/3649/3844 3897/3635/3680
f 3899/3635/3683 3877/3636/3841 3878/3649/3839
f 3904/3652/3557 3876/3653/3845 3901/3651/3666
f 3898/3637/3688 3873/3653/3842 3903/3651/3685
f 3883/3655/3846 3905/3656/3847 3907/3657/3848
f 3891/3658/3557 3884/3659/3849 3892/3660/3666
f 3893/3645/3688 3881/3659/3850 3894/3660/3685
f 3895/3647/3680 3882/3661/3851 3893/3645/3688
f 3890/3647/3683 3887/3662/3852 3896/3663/3554
f 3892/3660/3666 3885/3661/3853 3889/3645/3681
f 3894/3660/3685 3883/3664/3846 3891/3658/3557
f 3896/3663/3554 3888/3646/3854 3895/3647/3680
f 3879/3665/3840 3895/3647/3680 3880/3666/3844
f 3873/3667/3842 3891/3658/3557 3875/3668/3843
f 3877/3669/3841 3892/3660/3666 3889/3645/3681
f 3878/3666/3839 3896/3663/3554 3879/3665/3840
f 3874/3669/3830 3895/3647/3680 3893/3645/3688
f 3873/3667/3842 3893/3645/3688 3894/3660/3685
f 3876/3667/3845 3891/3658/3557 3892/3660/3666
f 3878/3666/3839 3889/3645/3681 3890/3647/3683
f 3865/3670/3831 3898/3637/3688 3903/3651/3685
f 3868/3670/3820 3904/3652/3557 3901/3651/3666
f 3870/3671/3837 3902/3637/3681 3899/3635/3683
f 3871/3672/3834 3897/3635/3680 3872/3671/3832
f 3867/3673/3836 3903/3651/3685 3904/3652/3557
f 3869/3674/3835 3901/3651/3666 3902/3637/3681
f 3871/3672/3834 3899/3635/3683 3900/3648/3554
f 3872/3671/3832 3898/3637/3688 3866/3674/3833
f 3911/3416/3855 3909/3415/3856 3907/3418/3848
f 3887/3675/3852 3912/3676/3857 3888/3677/3854
f 3886/3677/3838 3909/3678/3856 3910/3676/3858
f 3883/3655/3846 3908/3656/3859 3884/3679/3849
f 3881/3679/3850 3906/3678/3860 3905/3656/3847
f 3888/3677/3854 3906/3678/3860 3882/3680/3851
f 3887/3675/3852 3910/3676/3858 3911/3681/3855
f 3884/3679/3849 3909/3678/3856 3885/3680/3853
f 3918/3682/3861 3935/3683/3862 3934/3684/3863
f 3924/3685/3554 3920/3686/3864 3919/3687/3865
f 3925/3688/3557 3914/3414/3866 3926/3412/3685
f 3921/3689/3681 3918/3686/3861 3917/3413/3671
f 3928/3689/3688 3920/3686/3864 3923/3690/3680
f 3926/3412/3685 3913/3413/3867 3928/3689/3688
f 3925/3688/3557 3916/3414/3672 3915/3691/3868
f 3927/3690/3683 3919/3687/3865 3918/3686/3861
f 3635/3692/3665 3927/3690/3683 3633/3693/3664
f 3629/3694/3660 3925/3688/3557 3627/3695/3658
f 3625/3694/3657 3928/3689/3688 3623/3696/3655
f 3637/3693/3670 3928/3689/3688 3923/3690/3680
f 3633/3693/3664 3921/3689/3681 3631/3696/3662
f 3625/3694/3657 3925/3688/3557 3926/3412/3685
f 3637/3693/3670 3924/3685/3554 3635/3692/3665
f 3631/3696/3662 3922/3412/3666 3629/3694/3660
f 3945/3697/3680 3943/3698/3869 3946/3699/3554
f 3916/3700/3672 3933/3701/3870 3932/3702/3871
f 3914/3700/3866 3931/3703/3872 3930/3702/3873
f 3919/3704/3865 3936/3684/3874 3935/3683/3862
f 3918/3682/3861 3933/3701/3870 3917/3705/3671
f 3916/3700/3672 3931/3703/3872 3915/3706/3868
f 3914/3700/3866 3929/3701/3875 3913/3705/3867
f 3913/3705/3867 3936/3684/3874 3920/3682/3864
f 3970/3707/3876 3955/3708/3877 3954/3709/3878
f 3948/3710/3681 3942/3711/3879 3941/3712/3880
f 3949/3713/3666 3939/3714/3881 3950/3715/3557
f 3951/3713/3685 3937/3712/3882 3952/3710/3688
f 3952/3710/3688 3944/3711/3883 3945/3697/3680
f 3947/3697/3683 3943/3698/3869 3942/3711/3879
f 3949/3713/3666 3941/3712/3880 3940/3716/3884
f 3950/3715/3557 3938/3716/3885 3951/3713/3685
f 3931/3717/3872 3951/3713/3685 3930/3718/3873
f 3932/3718/3871 3948/3710/3681 3949/3713/3666
f 3935/3719/3862 3947/3697/3683 3934/3720/3863
f 3936/3720/3874 3952/3710/3688 3945/3697/3680
f 3929/3721/3875 3951/3713/3685 3952/3710/3688
f 3932/3718/3871 3950/3715/3557 3931/3717/3872
f 3934/3720/3863 3948/3710/3681 3933/3721/3870
f 3935/3719/3862 3945/3697/3680 3946/3699/3554
f 3955/3708/3877 3964/3722/3886 3963/3723/3887
f 3971/3724/3888 3959/3725/3889 3972/3726/3890
f 3974/3727/3891 3958/3728/3892 3957/3729/3893
f 3969/3730/3894 3956/3709/3895 3955/3708/3877
f 3970/3707/3876 3953/3729/3896 3976/3727/3897
f 3971/3724/3888 3953/3729/3896 3960/3728/3898
f 3973/3724/3899 3959/3725/3889 3958/3728/3892
f 3974/3727/3891 3956/3709/3895 3975/3707/3900
f 3964/3731/3886 3966/3732/3901 3968/3732/3902
f 3954/3709/3878 3961/3733/3903 3953/3729/3896
f 3960/3728/3898 3961/3733/3903 3968/3734/3902
f 3958/3728/3892 3967/3735/3904 3966/3734/3901
f 3956/3709/3895 3965/3733/3905 3964/3722/3886
f 3954/3709/3878 3963/3723/3887 3962/3722/3906
f 3959/3725/3889 3968/3734/3902 3967/3735/3904
f 3958/3728/3892 3965/3733/3905 3957/3729/3893
f 3979/3736/3907 3975/3707/3900 3984/3737/3908
f 3983/3738/3909 3972/3726/3890 3973/3724/3899
f 3982/3738/3910 3976/3727/3897 3971/3724/3888
f 3980/3736/3911 3970/3707/3876 3976/3727/3897
f 3984/3737/3908 3969/3730/3894 3981/3739/3912
f 3983/3738/3909 3974/3727/3891 3979/3736/3907
f 3982/3738/3910 3972/3726/3890 3978/3740/3913
f 3977/3737/3914 3969/3730/3894 3970/3707/3876
f 3939/3741/3881 3977/3737/3914 3938/3742/3885
f 3944/3743/3883 3978/3740/3913 3943/3744/3869
f 3942/3743/3879 3979/3736/3907 3941/3745/3880
f 3940/3742/3884 3981/3739/3912 3939/3741/3881
f 3938/3742/3885 3980/3736/3911 3937/3745/3882
f 3944/3743/3883 3980/3736/3911 3982/3738/3910
f 3943/3744/3869 3983/3738/3909 3942/3743/3879
f 3940/3742/3884 3979/3736/3907 3984/3737/3908
f 3565/3746/3915 3987/3747/3916 3986/3748/3917
f 3607/3749/3918 3985/3750/3919 3559/3751/3920
f 3986/3748/3917 3990/3752/3921 3989/3753/3922
f 3987/3747/3923 3988/3754/3924 3985/3750/3919
f 3995/3755/3925 3993/3756/3926 3992/3756/3927
f 3996/3757/3928 3993/3756/3929 3991/3756/3927
f 3990/3752/3930 3996/3757/3928 3988/3754/3924
f 3989/3753/3922 3994/3758/3931 3995/3755/3925
f 3473/3173/3500 3478/3186/3512 3556/3174/3501
f 3474/3176/3503 3473/3188/3500 3551/3177/3502
f 3475/3179/3505 3474/3176/3503 3554/3178/3504
f 3555/3181/3507 3476/3183/3509 3475/3179/3505
f 3553/3182/3508 3477/3184/3510 3476/3183/3509
f 3556/3174/3501 3478/3186/3512 3477/3184/3510
f 3473/3173/3500 3479/3365/3649 3484/3185/3511
f 3480/3187/3513 3479/3364/3649 3473/3188/3500
f 3475/3179/3505 3481/3361/3579 3480/3187/3513
f 3482/3189/3514 3481/3361/3579 3475/3179/3505
f 3477/3184/3510 3483/3190/3515 3482/3189/3514
f 3478/3186/3512 3484/3185/3511 3483/3190/3515
f 3485/3191/3516 3490/3759/3650 3598/3192/3517
f 3486/3194/3519 3485/3760/3516 3593/3195/3518
f 3487/3197/3521 3486/3194/3519 3596/3196/3520
f 3597/3199/3523 3488/3201/3525 3487/3197/3521
f 3595/3200/3524 3489/3202/3526 3488/3201/3525
f 3598/3192/3517 3490/3759/3650 3489/3202/3526
f 3491/3203/3527 3496/3761/3637 3622/3204/3528
f 3492/3206/3530 3491/3762/3527 3617/3207/3529
f 3493/3209/3532 3492/3206/3530 3620/3208/3531
f 3621/3211/3534 3494/3213/3536 3493/3209/3532
f 3619/3212/3535 3495/3214/3537 3494/3213/3536
f 3622/3204/3528 3496/3761/3637 3495/3214/3537
f 3598/3215/3517 3595/3359/3524 3483/3190/3515
f 3497/3216/3538 3502/3228/3549 3586/3217/3539
f 3498/3219/3541 3497/3230/3538 3581/3220/3540
f 3499/3222/3543 3498/3219/3541 3584/3221/3542
f 3585/3224/3545 3500/3226/3547 3499/3222/3543
f 3583/3225/3546 3501/3234/3553 3500/3226/3547
f 3503/3227/3548 3508/3235/3554 3502/3228/3549
f 3498/3219/3541 3504/3231/3550 3503/3229/3548
f 3499/3222/3543 3505/3239/3557 3504/3231/3550
f 3506/3232/3551 3505/3239/3557 3499/3222/3543
f 3507/3233/3552 3506/3232/3551 3500/3226/3547
f 3508/3235/3554 3507/3233/3552 3501/3234/3553
f 3509/3236/3555 3514/3243/3561 3508/3235/3554
f 3504/3231/3550 3510/3244/3562 3509/3237/3555
f 3511/3238/3556 3510/3244/3562 3504/3231/3550
f 3512/3240/3558 3511/3238/3556 3505/3239/3557
f 3513/3241/3559 3512/3240/3558 3506/3232/3551
f 3508/3235/3554 3514/3243/3561 3513/3241/3559
f 3515/3242/3560 3520/3248/3565 3514/3243/3561
f 3510/3244/3562 3516/3250/3567 3515/3245/3560
f 3517/3246/3563 3516/3250/3567 3510/3244/3562
f 3512/3240/3558 3518/3253/3569 3517/3246/3563
f 3519/3247/3564 3518/3253/3569 3512/3240/3558
f 3520/3248/3565 3519/3247/3564 3513/3241/3559
f 3521/3249/3566 3526/3257/3573 3520/3248/3565
f 3516/3250/3567 3522/3252/3568 3521/3251/3566
f 3517/3246/3563 3523/3254/3570 3522/3252/3568
f 3518/3253/3569 3524/3260/3576 3523/3254/3570
f 3525/3255/3571 3524/3260/3576 3518/3253/3569
f 3520/3248/3565 3526/3257/3573 3525/3255/3571
f 3527/3256/3572 3532/3263/3579 3526/3257/3573
f 3528/3258/3574 3527/3265/3572 3521/3251/3566
f 3523/3254/3570 3529/3266/3511 3528/3258/3574
f 3530/3259/3575 3529/3266/3511 3523/3254/3570
f 3525/3255/3571 3531/3261/3577 3530/3259/3575
f 3526/3257/3573 3532/3263/3579 3531/3261/3577
f 3527/3256/3572 3533/3288/3600 3538/3262/3578
f 3534/3264/3580 3533/3287/3600 3527/3265/3572
f 3529/3266/3511 3535/3286/3599 3534/3264/3580
f 3536/3267/3581 3535/3286/3599 3529/3266/3511
f 3537/3268/3582 3536/3267/3581 3530/3259/3575
f 3532/3263/3579 3538/3262/3578 3537/3268/3582
f 3545/3269/3583 3539/3763/3587 3544/3270/3584
f 3548/3272/3586 3540/3276/3589 3539/3273/3587
f 3546/3275/3588 3541/3285/3598 3540/3276/3589
f 3542/3277/3590 3541/3285/3598 3546/3275/3588
f 3543/3279/3592 3542/3277/3590 3549/3278/3591
f 3544/3270/3584 3543/3279/3592 3547/3280/3593
f 3472/3281/3594 3471/3289/3601 3470/3282/3595
f 3468/3284/3597 3467/3291/3602 3472/3281/3594
f 3542/3277/3590 3543/3279/3592 3540/3276/3589
f 3543/3279/3592 3544/3270/3584 3539/3273/3587
f 3550/3271/3585 3547/3280/3593 3537/3268/3582
f 3547/3280/3593 3549/3278/3591 3536/3267/3581
f 3549/3278/3591 3546/3275/3588 3535/3286/3599
f 3535/3286/3599 3546/3275/3588 3548/3272/3586
f 3534/3264/3580 3548/3272/3586 3545/3274/3583
f 3533/3288/3600 3545/3269/3583 3550/3271/3585
f 3472/3281/3594 3556/3174/3501 3553/3182/3508
f 3471/3289/3601 3553/3182/3508 3555/3181/3507
f 3470/3282/3595 3555/3181/3507 3552/3180/3506
f 3552/3180/3506 3554/3178/3504 3468/3284/3597
f 3554/3178/3504 3551/3177/3502 3467/3290/3602
f 3551/3175/3502 3556/3174/3501 3472/3281/3594
f 3610/3292/3603 3562/3764/3652 3559/3293/3604
f 3559/3293/3604 3561/3296/3608 3609/3295/3606
f 3561/3296/3608 3558/3765/3653 3606/3297/3609
f 3606/3297/3609 3558/3765/3653 3560/3298/3610
f 3608/3299/3611 3560/3298/3610 3557/3300/3612
f 3557/3302/3612 3562/3764/3652 3610/3292/3603
f 3599/3304/3614 3563/3766/3618 3568/3305/3615
f 3602/3307/3617 3566/3311/3620 3563/3308/3618
f 3600/3310/3619 3564/3767/3651 3566/3311/3620
f 3567/3312/3621 3564/3767/3651 3600/3310/3619
f 3565/3314/3623 3567/3312/3621 3603/3313/3622
f 3568/3305/3615 3565/3314/3623 3601/3315/3624
f 3616/3316/3625 3574/3768/3654 3571/3317/3626
f 3613/3318/3627 3571/3317/3626 3573/3319/3628
f 3615/3320/3629 3573/3319/3628 3570/3321/3630
f 3570/3321/3630 3572/3324/3633 3614/3323/3632
f 3572/3324/3633 3569/3769/3635 3611/3325/3634
f 3569/3326/3635 3574/3768/3654 3616/3316/3625
f 3491/3328/3527 3575/3352/3638 3580/3329/3636
f 3492/3331/3530 3578/3335/3639 3575/3332/3638
f 3493/3334/3532 3576/3355/3648 3578/3335/3639
f 3579/3336/3640 3576/3355/3648 3493/3334/3532
f 3577/3338/3641 3579/3336/3640 3494/3337/3536
f 3592/3340/3642 3581/3770/3540 3586/3341/3539
f 3589/3343/3644 3584/3347/3542 3581/3344/3540
f 3591/3346/3645 3582/3771/3544 3584/3347/3542
f 3585/3348/3545 3582/3771/3544 3591/3346/3645
f 3583/3350/3546 3585/3348/3545 3588/3349/3646
f 3586/3341/3539 3583/3350/3546 3590/3351/3647
f 3580/3329/3636 3577/3338/3641 3495/3339/3537
f 3575/3352/3638 3592/3772/3642 3587/3353/3643
f 3578/3335/3639 3589/3356/3644 3592/3354/3642
f 3576/3355/3648 3591/3773/3645 3589/3356/3644
f 3588/3357/3646 3591/3773/3645 3576/3355/3648
f 3590/3358/3647 3588/3357/3646 3579/3336/3640
f 3595/3359/3524 3597/3360/3523 3482/3189/3514
f 3597/3360/3523 3594/3774/3522 3481/3361/3579
f 3481/3361/3579 3594/3774/3522 3596/3362/3520
f 3480/3187/3513 3596/3362/3520 3593/3363/3518
f 3479/3365/3649 3593/3775/3518 3598/3215/3517
f 3587/3353/3643 3590/3358/3647 3577/3338/3641
f 3604/3306/3616 3601/3315/3624 3489/3366/3526
f 3601/3315/3624 3603/3313/3622 3488/3368/3525
f 3603/3313/3622 3600/3310/3619 3487/3369/3521
f 3487/3369/3521 3600/3310/3619 3602/3307/3617
f 3486/3370/3519 3602/3307/3617 3599/3309/3614
f 3485/3372/3516 3599/3304/3614 3604/3306/3616
f 3563/3373/3618 3605/3303/3613 3610/3292/3603
f 3566/3375/3620 3608/3299/3611 3605/3301/3613
f 3564/3377/3651 3606/3297/3609 3608/3299/3611
f 3609/3295/3606 3606/3297/3609 3564/3377/3651
f 3607/3294/3607 3609/3295/3606 3567/3378/3621
f 3610/3292/3603 3607/3294/3605 3565/3379/3623
f 3557/3380/3612 3611/3327/3634 3616/3316/3625
f 3614/3323/3632 3611/3325/3634 3557/3382/3612
f 3612/3322/3631 3614/3323/3632 3560/3383/3610
f 3561/3385/3608 3615/3320/3629 3612/3322/3631
f 3559/3386/3604 3613/3318/3627 3615/3320/3629
f 3616/3316/3625 3613/3318/3627 3559/3386/3604
f 3574/3387/3654 3622/3204/3528 3619/3212/3535
f 3571/3388/3626 3619/3212/3535 3621/3211/3534
f 3573/3389/3628 3621/3211/3534 3618/3210/3533
f 3618/3210/3533 3620/3208/3531 3572/3391/3633
f 3620/3208/3531 3617/3207/3529 3569/3392/3635
f 3617/3205/3529 3622/3204/3528 3574/3387/3654
f 3586/3217/3539 3502/3228/3549 3501/3234/3553
f 3623/3394/3655 3624/3776/3827 3626/3395/3656
f 3626/3395/3656 3628/3777/3828 3627/3397/3658
f 3627/3397/3658 3628/3777/3828 3630/3398/3659
f 3629/3399/3660 3630/3398/3659 3632/3400/3661
f 3631/3401/3662 3632/3400/3661 3634/3402/3663
f 3634/3404/3663 3636/3778/3829 3635/3405/3665
f 3858/3407/3666 3857/3614/3557 3835/3408/3667
f 3635/3405/3665 3636/3778/3829 3638/3410/3669
f 3638/3410/3669 3624/3776/3827 3623/3394/3655
f 3922/3412/3666 3921/3689/3681 3917/3413/3671
f 3639/3417/3675 3640/3779/3809 3641/3418/3807
f 3641/3418/3807 3642/3780/3810 3643/3415/3673
f 3643/3415/3673 3644/3781/3808 3645/3416/3674
f 3645/3416/3674 3646/3782/3811 3639/3417/3675
f 3639/3417/3675 3641/3418/3807 3643/3415/3673
f 3649/3418/3678 3648/3779/3687 3647/3417/3686
f 3647/3417/3686 3654/3782/3679 3653/3416/3676
f 3653/3416/3676 3652/3781/3682 3651/3415/3677
f 3651/3415/3677 3650/3780/3684 3649/3418/3678
f 3649/3418/3678 3647/3417/3686 3653/3416/3676
f 3818/3419/3554 3653/3433/3676 3654/3420/3679
f 3822/3422/3681 3651/3434/3677 3652/3423/3682
f 3827/3425/3666 3826/3435/3557 3649/3426/3678
f 3831/3428/3685 3830/3431/3688 3647/3429/3686
f 3830/3431/3688 3819/3421/3680 3654/3420/3679
f 3823/3432/3683 3652/3783/3682 3653/3433/3676
f 3822/3422/3681 3827/3425/3666 3650/3427/3684
f 3831/3428/3685 3648/3430/3687 3649/3426/3678
f 3655/3417/3691 3656/3779/3701 3657/3418/3704
f 3657/3418/3704 3658/3780/3699 3659/3415/3689
f 3659/3415/3689 3660/3781/3698 3661/3416/3690
f 3661/3416/3690 3662/3782/3696 3655/3417/3691
f 3655/3417/3691 3657/3418/3704 3659/3415/3689
f 3665/3418/3694 3664/3779/3703 3663/3417/3702
f 3663/3417/3702 3670/3782/3695 3669/3416/3692
f 3669/3416/3692 3668/3781/3697 3667/3415/3693
f 3667/3415/3693 3666/3780/3700 3665/3418/3694
f 3665/3418/3694 3663/3417/3702 3669/3416/3692
f 3661/3436/3690 3669/3450/3692 3670/3437/3695
f 3659/3439/3689 3667/3451/3693 3668/3440/3697
f 3658/3442/3699 3657/3452/3704 3665/3443/3694
f 3656/3445/3701 3655/3449/3691 3663/3446/3702
f 3662/3448/3696 3670/3784/3695 3663/3446/3702
f 3661/3436/3690 3660/3441/3698 3668/3440/3697
f 3658/3442/3699 3666/3444/3700 3667/3451/3693
f 3656/3445/3701 3664/3447/3703 3665/3443/3694
f 3719/3453/3705 3695/3481/3733 3696/3454/3706
f 3722/3456/3708 3721/3483/3735 3688/3457/3709
f 3720/3455/3707 3696/3454/3706 3697/3459/3711
f 3722/3456/3708 3689/3458/3710 3690/3461/3713
f 3723/3460/3712 3697/3459/3711 3698/3463/3715
f 3724/3462/3714 3690/3461/3713 3691/3465/3717
f 3727/3467/3719 3725/3464/3716 3698/3463/3715
f 3726/3466/3718 3691/3465/3717 3692/3469/3721
f 3729/3471/3723 3727/3467/3719 3699/3468/3720
f 3730/3473/3725 3728/3470/3722 3692/3469/3721
f 3731/3475/3727 3729/3471/3723 3700/3472/3724
f 3732/3477/3729 3730/3473/3725 3693/3474/3726
f 3733/3479/3731 3731/3475/3727 3701/3476/3728
f 3719/3453/3705 3732/3477/3729 3694/3478/3730
f 3734/3482/3734 3687/3484/3736 3688/3457/3709
f 3734/3482/3734 3733/3479/3731 3702/3480/3732
f 3701/3485/3728 3717/3515/3751 3718/3486/3737
f 3694/3488/3730 3710/3516/3752 3711/3489/3738
f 3687/3491/3736 3703/3494/3740 3704/3492/3739
f 3687/3491/3736 3702/3487/3732 3718/3486/3737
f 3695/3490/3733 3711/3489/3738 3712/3495/3741
f 3689/3497/3710 3688/3493/3709 3704/3492/3739
f 3696/3496/3706 3712/3495/3741 3713/3499/3743
f 3690/3501/3713 3689/3497/3710 3705/3498/3742
f 3698/3503/3715 3697/3500/3711 3713/3499/3743
f 3691/3505/3717 3690/3501/3713 3706/3502/3744
f 3699/3507/3720 3698/3503/3715 3714/3504/3745
f 3691/3505/3717 3707/3506/3746 3708/3509/3748
f 3699/3507/3720 3715/3508/3747 3716/3511/3749
f 3692/3510/3721 3708/3509/3748 3709/3513/3750
f 3701/3485/3728 3700/3512/3724 3716/3511/3749
f 3693/3514/3726 3709/3513/3750 3710/3516/3752
f 3686/3517/3753 3733/3479/3731 3734/3482/3734
f 3671/3518/3754 3734/3482/3734 3721/3483/3735
f 3679/3520/3756 3678/3523/3759 3732/3477/3729
f 3685/3521/3757 3731/3475/3727 3733/3479/3731
f 3677/3522/3758 3730/3473/3725 3732/3477/3729
f 3685/3521/3757 3684/3526/3762 3729/3471/3723
f 3676/3524/3760 3728/3470/3722 3730/3473/3725
f 3683/3525/3761 3727/3467/3719 3729/3471/3723
f 3676/3524/3760 3675/3528/3764 3726/3466/3718
f 3682/3527/3763 3725/3464/3716 3727/3467/3719
f 3675/3528/3764 3674/3530/3766 3724/3462/3714
f 3681/3529/3765 3723/3460/3712 3725/3464/3716
f 3674/3530/3766 3673/3531/3767 3722/3456/3708
f 3681/3529/3765 3680/3532/3768 3720/3455/3707
f 3673/3531/3767 3672/3519/3755 3721/3483/3735
f 3680/3532/3768 3679/3520/3756 3719/3453/3705
f 3717/3533/3751 3716/3536/3749 3735/3534/3769
f 3716/3536/3749 3715/3539/3747 3738/3537/3770
f 3714/3538/3745 3741/3541/3771 3738/3537/3770
f 3713/3540/3743 3712/3545/3741 3741/3541/3771
f 3718/3535/3737 3735/3534/3769 3736/3542/3772
f 3735/3534/3769 3738/3537/3770 3739/3544/3681
f 3741/3541/3771 3742/3546/3773 3739/3544/3681
f 3712/3545/3741 3711/3785/3738 3742/3546/3773
f 3736/3542/3772 3737/3548/3774 3704/3547/3739
f 3739/3544/3681 3740/3550/3776 3737/3548/3774
f 3739/3544/3681 3742/3546/3773 3743/3549/3775
f 3742/3546/3773 3711/3785/3738 3710/3551/3752
f 3737/3548/3774 3706/3553/3744 3705/3552/3742
f 3740/3550/3776 3707/3554/3746 3706/3553/3744
f 3740/3550/3776 3743/3549/3775 3708/3509/3748
f 3743/3549/3775 3710/3551/3752 3709/3555/3750
f 3792/3556/3777 3768/3584/3786 3769/3557/3709
f 3795/3559/3778 3794/3586/3707 3761/3560/3779
f 3793/3558/3735 3769/3557/3709 3770/3562/3710
f 3795/3559/3778 3762/3561/3711 3763/3564/3781
f 3796/3563/3780 3770/3562/3710 3771/3566/3713
f 3797/3565/3716 3763/3564/3781 3764/3568/3720
f 3800/3570/3718 3798/3567/3714 3771/3566/3713
f 3799/3569/3719 3764/3568/3720 3765/3572/3782
f 3802/3574/3722 3800/3570/3718 3772/3571/3717
f 3803/3576/3727 3801/3573/3723 3765/3572/3782
f 3804/3578/3725 3802/3574/3722 3773/3575/3783
f 3805/3580/3731 3803/3576/3727 3766/3577/3728
f 3806/3582/3784 3804/3578/3725 3774/3579/3726
f 3792/3556/3777 3805/3580/3731 3767/3581/3732
f 3807/3585/3705 3760/3587/3733 3761/3560/3779
f 3807/3585/3705 3806/3582/3784 3775/3583/3785
f 3774/3485/3726 3790/3515/3750 3791/3486/3752
f 3768/3490/3786 3767/3488/3732 3783/3516/3737
f 3760/3491/3733 3776/3494/3738 3777/3492/3741
f 3760/3491/3733 3775/3487/3785 3791/3486/3752
f 3769/3496/3709 3768/3490/3786 3784/3489/3740
f 3762/3497/3711 3761/3493/3779 3777/3492/3741
f 3769/3496/3709 3785/3495/3739 3786/3499/3742
f 3763/3501/3781 3762/3497/3711 3778/3498/3743
f 3770/3500/3710 3786/3499/3742 3787/3504/3744
f 3764/3505/3720 3763/3501/3781 3779/3502/3745
f 3772/3507/3717 3771/3503/3713 3787/3504/3744
f 3765/3510/3782 3764/3505/3720 3780/3506/3747
f 3772/3507/3717 3788/3508/3746 3789/3511/3748
f 3765/3510/3782 3781/3509/3749 3782/3513/3751
f 3774/3485/3726 3773/3512/3783 3789/3511/3748
f 3766/3514/3728 3782/3513/3751 3783/3516/3737
f 3759/3517/3787 3806/3582/3784 3807/3585/3705
f 3744/3518/3788 3807/3585/3705 3794/3586/3707
f 3752/3520/3790 3751/3523/3792 3805/3580/3731
f 3759/3517/3787 3758/3521/3793 3804/3578/3725
f 3750/3522/3791 3803/3576/3727 3805/3580/3731
f 3758/3521/3793 3757/3526/3794 3802/3574/3722
f 3750/3522/3791 3749/3524/3795 3801/3573/3723
f 3757/3526/3794 3756/3525/3797 3800/3570/3718
f 3749/3524/3795 3748/3528/3798 3799/3569/3719
f 3755/3527/3796 3798/3567/3714 3800/3570/3718
f 3748/3528/3798 3747/3530/3800 3797/3565/3716
f 3754/3529/3799 3796/3563/3780 3798/3567/3714
f 3747/3530/3800 3746/3531/3801 3795/3559/3778
f 3754/3529/3799 3753/3532/3802 3793/3558/3735
f 3746/3531/3801 3745/3519/3789 3794/3586/3707
f 3753/3532/3802 3752/3520/3790 3792/3556/3777
f 3790/3533/3750 3789/3536/3748 3808/3534/3775
f 3789/3536/3748 3788/3539/3746 3811/3537/3776
f 3787/3538/3744 3814/3541/3774 3811/3537/3776
f 3786/3540/3742 3785/3545/3739 3814/3541/3774
f 3791/3535/3752 3808/3534/3775 3809/3542/3773
f 3808/3534/3775 3811/3537/3776 3812/3544/3681
f 3814/3541/3774 3815/3546/3772 3812/3544/3681
f 3785/3545/3739 3784/3785/3740 3815/3546/3772
f 3809/3542/3773 3810/3548/3771 3777/3547/3741
f 3812/3544/3681 3813/3550/3770 3810/3548/3771
f 3812/3544/3681 3815/3546/3772 3816/3549/3769
f 3815/3546/3772 3784/3785/3740 3783/3551/3737
f 3810/3548/3771 3779/3553/3745 3778/3552/3743
f 3813/3550/3770 3780/3554/3747 3779/3553/3745
f 3813/3550/3770 3816/3549/3769 3781/3509/3749
f 3816/3549/3769 3783/3551/3737 3782/3555/3751
f 3755/3527/3543 3754/3529/3803 3681/3529/3765
f 3754/3529/3803 3753/3532/3804 3680/3532/3768
f 3753/3532/3804 3752/3520/3579 3679/3520/3756
f 3752/3520/3579 3751/3523/3573 3678/3523/3759
f 3751/3523/3573 3750/3522/3565 3677/3522/3758
f 3750/3522/3565 3749/3524/3561 3676/3524/3760
f 3749/3524/3561 3748/3528/3554 3675/3528/3764
f 3748/3528/3554 3747/3530/3549 3674/3530/3766
f 3674/3530/3766 3747/3530/3549 3746/3531/3805
f 3673/3531/3767 3746/3531/3805 3745/3519/3806
f 3672/3519/3755 3745/3519/3806 3744/3518/3511
f 3671/3518/3754 3744/3518/3511 3759/3517/3570
f 3686/3517/3753 3759/3517/3570 3758/3521/3563
f 3758/3521/3563 3757/3526/3556 3684/3526/3762
f 3684/3526/3762 3757/3526/3556 3756/3525/3557
f 3756/3525/3557 3755/3527/3543 3682/3527/3763
f 3641/3588/3807 3640/3600/3809 3832/3589/3685
f 3643/3591/3673 3642/3601/3810 3828/3592/3666
f 3644/3594/3808 3824/3786/3683 3817/3595/3554
f 3639/3597/3675 3646/3604/3811 3820/3598/3680
f 3639/3597/3675 3829/3599/3688 3832/3589/3685
f 3641/3588/3807 3825/3590/3557 3828/3592/3666
f 3643/3591/3673 3821/3593/3681 3824/3602/3683
f 3645/3596/3674 3817/3595/3554 3820/3598/3680
f 3849/3605/3688 3842/3619/3822 3841/3606/3812
f 3859/3608/3683 3838/3613/3816 3839/3609/3813
f 3861/3611/3681 3858/3407/3666 3836/3409/3668
f 3862/3608/3680 3860/3610/3554 3839/3609/3813
f 3863/3407/3685 3833/3409/3818 3835/3408/3667
f 3861/3611/3681 3837/3612/3814 3838/3613/3816
f 3862/3608/3680 3840/3613/3815 3834/3612/3817
f 3864/3611/3688 3834/3612/3817 3833/3409/3818
f 3843/3615/3819 3867/3644/3836 3868/3616/3820
f 3851/3618/3680 3848/3621/3826 3842/3619/3822
f 3853/3620/3554 3852/3618/3683 3846/3621/3823
f 3855/3605/3681 3854/3607/3666 3844/3606/3821
f 3850/3607/3685 3841/3606/3812 3843/3623/3819
f 3851/3618/3680 3853/3620/3554 3847/3622/3824
f 3852/3618/3683 3855/3605/3681 3845/3619/3825
f 3854/3607/3666 3856/3624/3557 3843/3623/3819
f 3835/3625/3667 3856/3624/3557 3854/3607/3666
f 3837/3627/3814 3855/3605/3681 3852/3618/3683
f 3839/3629/3813 3853/3620/3554 3851/3618/3680
f 3835/3625/3667 3833/3626/3818 3850/3607/3685
f 3836/3626/3668 3854/3607/3666 3855/3605/3681
f 3838/3628/3816 3852/3618/3683 3853/3620/3554
f 3834/3627/3817 3840/3628/3815 3851/3618/3680
f 3833/3626/3818 3834/3627/3817 3849/3605/3688
f 3626/3630/3656 3624/3631/3827 3864/3611/3688
f 3624/3631/3827 3638/3632/3669 3862/3608/3680
f 3634/3632/3663 3632/3631/3661 3861/3611/3681
f 3626/3630/3656 3863/3407/3685 3857/3614/3557
f 3636/3634/3829 3860/3610/3554 3862/3608/3680
f 3632/3631/3661 3630/3630/3659 3858/3407/3666
f 3636/3634/3829 3634/3632/3663 3859/3608/3683
f 3628/3633/3828 3857/3614/3557 3858/3407/3666
f 3897/3635/3680 3880/3649/3844 3874/3636/3830
f 3842/3638/3822 3866/3640/3833 3865/3616/3831
f 3842/3638/3822 3848/3641/3826 3872/3639/3832
f 3846/3641/3823 3870/3639/3837 3871/3642/3834
f 3844/3617/3821 3868/3616/3820 3869/3640/3835
f 3841/3617/3812 3865/3616/3831 3867/3644/3836
f 3847/3643/3824 3871/3642/3834 3872/3639/3832
f 3846/3641/3823 3845/3638/3825 3869/3640/3835
f 3889/3645/3681 3885/3661/3853 3886/3646/3838
f 3900/3648/3554 3899/3635/3683 3878/3649/3839
f 3901/3651/3666 3876/3653/3845 3877/3636/3841
f 3904/3652/3557 3903/3651/3685 3873/3653/3842
f 3900/3648/3554 3879/3650/3840 3880/3649/3844
f 3899/3635/3683 3902/3637/3681 3877/3636/3841
f 3904/3652/3557 3875/3654/3843 3876/3653/3845
f 3898/3637/3688 3874/3636/3830 3873/3653/3842
f 3883/3655/3846 3881/3679/3850 3905/3656/3847
f 3891/3658/3557 3883/3664/3846 3884/3659/3849
f 3893/3645/3688 3882/3661/3851 3881/3659/3850
f 3895/3647/3680 3888/3646/3854 3882/3661/3851
f 3890/3647/3683 3886/3646/3838 3887/3662/3852
f 3892/3660/3666 3884/3659/3849 3885/3661/3853
f 3894/3660/3685 3881/3659/3850 3883/3664/3846
f 3896/3663/3554 3887/3662/3852 3888/3646/3854
f 3879/3665/3840 3896/3663/3554 3895/3647/3680
f 3873/3667/3842 3894/3660/3685 3891/3658/3557
f 3877/3669/3841 3876/3667/3845 3892/3660/3666
f 3878/3666/3839 3890/3647/3683 3896/3663/3554
f 3874/3669/3830 3880/3666/3844 3895/3647/3680
f 3873/3667/3842 3874/3669/3830 3893/3645/3688
f 3876/3667/3845 3875/3668/3843 3891/3658/3557
f 3878/3666/3839 3877/3669/3841 3889/3645/3681
f 3865/3670/3831 3866/3674/3833 3898/3637/3688
f 3868/3670/3820 3867/3673/3836 3904/3652/3557
f 3870/3671/3837 3869/3674/3835 3902/3637/3681
f 3871/3672/3834 3900/3648/3554 3897/3635/3680
f 3867/3673/3836 3865/3670/3831 3903/3651/3685
f 3869/3674/3835 3868/3670/3820 3901/3651/3666
f 3871/3672/3834 3870/3671/3837 3899/3635/3683
f 3872/3671/3832 3897/3635/3680 3898/3637/3688
f 3907/3418/3848 3905/3779/3847 3906/3417/3860
f 3906/3417/3860 3912/3782/3857 3911/3416/3855
f 3911/3416/3855 3910/3781/3858 3909/3415/3856
f 3909/3415/3856 3908/3780/3859 3907/3418/3848
f 3907/3418/3848 3906/3417/3860 3911/3416/3855
f 3887/3675/3852 3911/3681/3855 3912/3676/3857
f 3886/3677/3838 3885/3680/3853 3909/3678/3856
f 3883/3655/3846 3907/3657/3848 3908/3656/3859
f 3881/3679/3850 3882/3680/3851 3906/3678/3860
f 3888/3677/3854 3912/3676/3857 3906/3678/3860
f 3887/3675/3852 3886/3677/3838 3910/3676/3858
f 3884/3679/3849 3908/3656/3859 3909/3678/3856
f 3918/3682/3861 3919/3704/3865 3935/3683/3862
f 3924/3685/3554 3923/3690/3680 3920/3686/3864
f 3925/3688/3557 3915/3691/3868 3914/3414/3866
f 3921/3689/3681 3927/3690/3683 3918/3686/3861
f 3928/3689/3688 3913/3413/3867 3920/3686/3864
f 3926/3412/3685 3914/3414/3866 3913/3413/3867
f 3925/3688/3557 3922/3412/3666 3916/3414/3672
f 3927/3690/3683 3924/3685/3554 3919/3687/3865
f 3635/3692/3665 3924/3685/3554 3927/3690/3683
f 3629/3694/3660 3922/3412/3666 3925/3688/3557
f 3625/3694/3657 3926/3412/3685 3928/3689/3688
f 3637/3693/3670 3623/3696/3655 3928/3689/3688
f 3633/3693/3664 3927/3690/3683 3921/3689/3681
f 3625/3694/3657 3627/3695/3658 3925/3688/3557
f 3637/3693/3670 3923/3690/3680 3924/3685/3554
f 3631/3696/3662 3921/3689/3681 3922/3412/3666
f 3945/3697/3680 3944/3711/3883 3943/3698/3869
f 3916/3700/3672 3917/3705/3671 3933/3701/3870
f 3914/3700/3866 3915/3706/3868 3931/3703/3872
f 3919/3704/3865 3920/3682/3864 3936/3684/3874
f 3918/3682/3861 3934/3684/3863 3933/3701/3870
f 3916/3700/3672 3932/3702/3871 3931/3703/3872
f 3914/3700/3866 3930/3702/3873 3929/3701/3875
f 3913/3705/3867 3929/3701/3875 3936/3684/3874
f 3970/3707/3876 3969/3730/3894 3955/3708/3877
f 3948/3710/3681 3947/3697/3683 3942/3711/3879
f 3949/3713/3666 3940/3716/3884 3939/3714/3881
f 3951/3713/3685 3938/3716/3885 3937/3712/3882
f 3952/3710/3688 3937/3712/3882 3944/3711/3883
f 3947/3697/3683 3946/3699/3554 3943/3698/3869
f 3949/3713/3666 3948/3710/3681 3941/3712/3880
f 3950/3715/3557 3939/3714/3881 3938/3716/3885
f 3931/3717/3872 3950/3715/3557 3951/3713/3685
f 3932/3718/3871 3933/3721/3870 3948/3710/3681
f 3935/3719/3862 3946/3699/3554 3947/3697/3683
f 3936/3720/3874 3929/3721/3875 3952/3710/3688
f 3929/3721/3875 3930/3718/3873 3951/3713/3685
f 3932/3718/3871 3949/3713/3666 3950/3715/3557
f 3934/3720/3863 3947/3697/3683 3948/3710/3681
f 3935/3719/3862 3936/3720/3874 3945/3697/3680
f 3955/3708/3877 3956/3709/3895 3964/3722/3886
f 3971/3724/3888 3960/3728/3898 3959/3725/3889
f 3974/3727/3891 3973/3724/3899 3958/3728/3892
f 3969/3730/3894 3975/3707/3900 3956/3709/3895
f 3970/3707/3876 3954/3709/3878 3953/3729/3896
f 3971/3724/3888 3976/3727/3897 3953/3729/3896
f 3973/3724/3899 3972/3726/3890 3959/3725/3889
f 3974/3727/3891 3957/3729/3893 3956/3709/3895
f 3968/3732/3902 3961/3733/3903 3962/3731/3906
f 3962/3731/3906 3963/3787/3887 3964/3731/3886
f 3964/3731/3886 3965/3733/3905 3966/3732/3901
f 3966/3732/3901 3967/3788/3904 3968/3732/3902
f 3968/3732/3902 3962/3731/3906 3964/3731/3886
f 3954/3709/3878 3962/3722/3906 3961/3733/3903
f 3960/3728/3898 3953/3729/3896 3961/3733/3903
f 3958/3728/3892 3959/3725/3889 3967/3735/3904
f 3956/3709/3895 3957/3729/3893 3965/3733/3905
f 3954/3709/3878 3955/3708/3877 3963/3723/3887
f 3959/3725/3889 3960/3728/3898 3968/3734/3902
f 3958/3728/3892 3966/3734/3901 3965/3733/3905
f 3979/3736/3907 3974/3727/3891 3975/3707/3900
f 3983/3738/3909 3978/3740/3913 3972/3726/3890
f 3982/3738/3910 3980/3736/3911 3976/3727/3897
f 3980/3736/3911 3977/3737/3914 3970/3707/3876
f 3984/3737/3908 3975/3707/3900 3969/3730/3894
f 3983/3738/3909 3973/3724/3899 3974/3727/3891
f 3982/3738/3910 3971/3724/3888 3972/3726/3890
f 3977/3737/3914 3981/3739/3912 3969/3730/3894
f 3939/3741/3881 3981/3739/3912 3977/3737/3914
f 3944/3743/3883 3982/3738/3910 3978/3740/3913
f 3942/3743/3879 3983/3738/3909 3979/3736/3907
f 3940/3742/3884 3984/3737/3908 3981/3739/3912
f 3938/3742/3885 3977/3737/3914 3980/3736/3911
f 3944/3743/3883 3937/3745/3882 3980/3736/3911
f 3943/3744/3869 3978/3740/3913 3983/3738/3909
f 3940/3742/3884 3941/3745/3880 3979/3736/3907
f 3565/3746/3915 3607/3749/3932 3987/3747/3916
f 3607/3749/3918 3987/3747/3923 3985/3750/3919
f 3986/3748/3917 3987/3747/3916 3990/3752/3921
f 3987/3747/3923 3990/3752/3930 3988/3754/3924
f 3995/3755/3925 3994/3758/3931 3993/3756/3926
f 3996/3757/3928 3994/3758/3933 3993/3756/3929
f 3990/3752/3930 3994/3758/3933 3996/3757/3928
f 3989/3753/3922 3990/3752/3921 3994/3758/3931
